:01002000E9F6
:05002800220D20FCC9BF
:070030001A22130D20FAC98A
:08004000F5E521A5C0C3800015
:20008000C5D52AB6280BE53A6E67E7E12318F3E804D1C1E1F041E60220FAF1D921A3C034B5
:2000A000200223343E01E091C380FFF041E60220FA3EC0C384FFAF01AA1A21A0C0CDC210CA
:2000C0003EC0E09267AF6F0EA0C32800F3E0FFAFFBE00FC9F092B7C8E0463E283D20FDC9AE
:0100F000C946
:02010000185590
:20010400CEED6666CC0D000B03730083000C000D0008111F8889000EDCCC6EE6DDDDD999DF
:16012400BBBB67636E0EECCCDDDC999FBBB9333E5469746C650079
:20014400000000000000000001000000FAA1C047FAA0C0F357583100DFD5CDE810CDB600CF
:20016400D17AEAA0C0FE112007AFCB3B17EAA1C0AFE042E043E041E04A3E07E04B11D40005
:200184002180FF0E0CF7CD80FF119C00CDED013EE4E047E0483E1BE0493EC0E0403E01E0C6
:2001A400FFAFE00F21A3C02277E0263CE090CD423EFBCD7C05760018FCF040E680C8AFE0C2
:2001C400917600F091B728F9C921A5C02A4F2A47B1C87BB920F67AB820F2444D0B0B2A02A8
:1701E40003572A0203B220F6C921A5C02AB628032318F97A3273C93D
:0C3E420001190021293E114ADBCDCB10F4
:013E6900C98F
:2010C2005F78B1C8730B545D1378B1C8CB38CB1930032A1213040C18062A12132A12130D49
:1E10E20020F70520F4C9F040E680C8F044FE9230FAF044FE9138FAF040E67FE040C938
:20110000E8F4F090F80177215AC82A4F46CB28CB19CB28CB19CB28CB19CB28CB1979C64026
:20112000EA0AC5215CC82A4F46CB28CB19CB28CB19CB28CB19CB28CB1979C640EA0BC5213C
:2011400004C53AB6CA05122A4F46212200095D541AE0901AEA0020212300095D541AF80A71
:2011600022131A776960232A666FCB2CCB1DCB2CCB1DCB2CCB1DCB2CCB1D7D2156C85E9395
:20118000C608F80A5E23666B235E83EAFBC469602323232A4F46CB28CB19CB28CB19CB28EE
:2011A000CB19CB28CB19792158C84E91C608F80A5E23666B23234E81EAFCC43E01E090212A
:2011C000002036012105C57ED60F30103E3A864F3E40CE00470A21FCC44E817721FCC446F2
:2011E00021FBC45E2107C54EFA06C5EA48DB2146DB36492336402149DB36005079CD3110F8
:201200002107C58677FAA0C8B72014FACFCA07380EFA4CDBB72008F04B473E07903803AF76
:2012200018023E01EA0EC5FAF7C4EA08C5FAF8C4EA09C52109C53AB6CA5A157EF80277FABD
:2012400009C5F803322A4F4669607E0FE601F80077F8022A5F566B6223E57DF80677E17C2B
:20126000F805322B2B2A5F5621030019E57DF80877E17CF80777F8022A5F5621320019E5F7
:201280007DF80A77E17CF80977F8042A5F561AF80A22131A77F8007EB7284DF80BCB2E2BFD
:2012A000CB1E23CB2E2BCB1E23CB2E2BCB1E23CB2E2BCB1E2A777EC608EAFBC4F8062A5F98
:2012C000561AF80A22131A77CB2E2BCB1E23CB2E2BCB1E23CB2E2BCB1E23CB2E2BCB1E7EBB
:2012E000C608EAFCC4C3FE13F80B7EC643EA0CC5F8062A5F561AF80A22131A777EC643EA2D
:201300000DC5FA0CC5210AC5963839FA0CC50E00C6F04779CEFF4F210AC55E16007B907AE5
:20132000993821FA0DC5210BC5963818FA0DC50E00C6F14779CEFF4F210BC55E16007B903B
:201340007A99305AF8022A4F4669607E07E601F807222A5F2A571A22131A77F8077EB7289B
:201360000FF80A7EEA08C5F80B7EEA09C5C33312F80A2A4F46FA13CCD6013E0017EE015FD2
:20138000B72012C52108C55E2356D51E01217B40CDFB3DE1C12108C5792270C33312F80466
:2013A0002A5F561AF80A22131A77CB2E2BCB1E23CB2E2BCB1E23CB2E2BCB1E23CB2E2BCBED
:2013C0001E2A777EC608215AC84E91EAFBC4F8062A5F561AF80A22131A77CB2E2BCB1E2348
:2013E000CB2E2BCB1E23CB2E2BCB1E23CB2E2BCB1E2A777EC608215CC84E91EAFCC4F802CB
:201400002A4E6F617E0F0FE6012810F8082A5F561A2108C522131A77C33312210EC5CB460F
:20142000286721FBC44E060021080009F04B4F06005C507995789CCB7B2807CB7A2008BFB8
:201440001805CB7A2801373040FAFCC40600C6F84F78CEFF47F04A6F260058547D917C9864
:20146000CB7B2807CB7A2008BF1805CB7A28013730172108C52A4F46213200095D541A21CD
:2014800008C522131A77C333122108C52A4F46210E00097EFEFF2840214EDBA6203A210B73
:2014A0000009347E2108C52A5F56210B00194D440AF80A77210D00197EF80B77F80A2A964A
:2014C00020166B627ECB37E6012807F80A7E3D021806210C00197E022108C52A4F462122E0
:2014E00000095D541AE0901AEA0020212300092A6E5F55FAFCC4F80977FAFBC4F80A77FA8D
:2015000007C5F80B77210A00097EEA48DB6B622323232A666F79C60B4F3001040A4F060064
:20152000CB21CB10092A4F462146DB7922702149DB3600F8092A472A5F507ECD3110210755
:20154000C586772108C52A4F46213200095D541A2108C522131A77C33312F8017EE0907ED4
:06156000EA0020E80CC9BE
:20400000AF21F9C42277AF21F5C42277AF21F7C4227721FFC436002100C53600AF2101C568
:204020002277AF2103C52277114404D5110000D511B1C0D5CD6C3DE806C9020100FFFEFD21
:20404000FCFBFAFBFCFDFEFF0000000007000802078000000001B1C05950C5D51E012106EB
:2040600046CDFB3DE1C16960CB966960CB9E6960CBA66960CB8E0AF62002C9E8F8F80E7E4C
:20408000F80077F80F7EF80177C1C569607EE601F80777B7CAD941F8007ED6B12007237E32
:2040A000D6C0CAD941F8007EF80677F8017EF807322A666FCB86D1D521300019E57DF80435
:2040C00077E17CF803322A5F561AF80622131A77D1D521320019E57DF80677E17CF80522BD
:2040E000233AB6283C2B2B2A5F561A4F131A47B1282F213000094D44F8062A02037E02F89F
:20410000022A5F561A4F131A47213200094D44F8042A5F2A571A22131A322A02037E02188C
:204120003EF8073AB6281C2A5F56213200194D44AF020302F8022A5F561A21F5C422131A60
:2041400077181CF8042A5F561A4F131A47B1280921300009AF22771806AF21F5C42277F840
:20416000042A666FAF2277F8022A5F5621F9C42A12137E123AB628102A4F46213200094DCE
:2041800044F8002A02037E02F8007EEAF9C4F8017EEAFAC4D1D5212B00192A4FCB7E200CFF
:2041A00079F5331E0421624ECDFB3D33D1D5212D0019E57DF80877E17CF807322A5F3A57A5
:2041C0001A22131A77E5CB7EE1200EF8067EF5331E0421C74ECDFB3D33E808C9E8F8F80EEF
:2041E0002A4F4669607EE601C2184369607ECB3707DA18436960CBC6C5C51E01210646CDF3
:20420000FB3DE1C12130000933335D54D51AF80622131A7721320009E57DF80477E17CF81A
:204220000377F8073AB6284BF8022A5F561A6F131A67B5283E113000195D54F8062A121339
:204240003A12D1D51A22131A322A5F5621320019E57DF80677E17CF805322B2B2A5F561AD4
:20426000F80622131A322B2B2A5F2A572A12137E12183BF8073AB628192A5F5621320019B2
:204280005D54AF121312D1D51A21F9C422131A77181CF8022A5F561A6F131A67B528091102
:2042A000300019AF22771806AF21F9C42277F8022A666FAF2277D1D521F5C42A12137E1289
:2042C0003AB6280A2A5F562132001979227021F5C4792270212B00095D54AF2236802128AB
:2042E00000097EF80577B72827237B2272212900092A6E5F55C5AFF533F8092A666FE5D596
:20430000F80C7EF5331E0421FC4CCDFB3DE806C1212D0009AF223680E808C9E8FAFAF9C484
:20432000EA0FC5FAFAC4EA10C52110C53AB6CA0F442A4F4669602323232A665F54CB2ACB51
:204340001BCB2ACB1BCB2ACB1BCB2ACB1BCB2ACB1BCB2ACB1BCB2ACB1BF805732130000956
:204360005D541AF80022131A77F80D7EF80596C200446960232A4F46CB28CB19CB28CB193F
:20438000CB28CB19CB28CB19CB28CB19CB28CB19CB28CB19F8027922AF324E060003F80C19
:2043A0007EF80422AF322A917E985678CB7F2807CB7A2008BF1805CB7A2801373042F8040C
:2043C0002A5F56211700194D44F8022A917E985678CB7F2807CB7A2008BF1805CB7A280153
:2043E00037301DC1C5C5210FC52A5F56D51E0121DC41CDFB3DE1C1210FC5792270C3294312
:20440000F8007EEA0FC5F8017EEA10C5C32943E806C9E8F9FAF9C4EA11C5FAFAC4EA12C57B
:204420002112C53AB6CA60452A4F466960235D541AF80522131A77F8052A5F3A2B57CB2AB5
:20444000CB1BCB2ACB1BCB2ACB1BCB2ACB1BCB2ACB1BCB2ACB1BCB2ACB1B736960232323AF
:204460005D541AF80022131A77D1D5CB2ACB1BCB2ACB1BCB2ACB1BCB2ACB1BCB2ACB1BCBFB
:204480002ACB1BCB2ACB1BF80273F8052A5F56CB2ACB1BCB2ACB1BCB2ACB1BCB2ACB1B215B
:2044A0000700097E6F079F67195CCB2BCB1DCB2BCB1DCB2BCB1D7DF80577D1D5CB2ACB1B71
:2044C000CB2ACB1BCB2ACB1BCB2ACB1B210800097E6F079F67195D54CB2ACB1BCB2ACB1B9F
:2044E000CB2ACB1BF80673213000092A4F46F80D7EF804963861237EF80D96385A235E1644
:204500000021150019E57DF80577E17CF80422233A223600F8035D54F8051A1396231A9EFF
:204520001A57CB7E2807CB7A2008BF1805CB7A2801373823F8027EF80E96381BC52111C526
:204540002A5F56D51E0121DC41CDFB3DE1C12111C5792270C320442111C5792270C3204451
:20456000E807C9E8FBF80B7EF80077F80C7EF80177D1D5210C0019E57DF80477E17CF803A5
:20458000322A5F2A571A77D1D5210D00194D44F80D7EF8049620080A5FF80E7E932817D103
:2045A000D5210B00195D54F80D7E12F8022A5F56F80D2A127E02E805C9E8FDF8092A4F46A6
:2045C000210B00093333E5210C00097EF80277210D00094E0600F8025E160079934F789AD0
:2045E00047F80B5E1600CDA10EF8027E814FE1E571E803C9F8062A4F46210B00095E210CD1
:2046000000094E7B91C9F8062A4F46210500095E211000097321120009CB231600195D546D
:20462000131A3C56F533D533C51E01216345CDFB3DE804C9F8062A4F46210500097EC604F0
:204640005F211000097321120009CB231600195D54131A3C56F533D533C51E01216345CDDB
:20466000FB3DE804C9F8062A4F46210500095D54F8082A127EB728292B7EC6045F211000EB
:20468000097321120009CB231600195D54131A3C56F533D533C51E01216345CDFB3DE80407
:2046A000C9F8085E21100009732112000955CB236A1600195D54131A3C56F533D533C51E8B
:2046C00001216345CDFB3DE804C9E8FCFAF5C4F80077FAF6C4F80177F8013AB6CA9847F8A2
:2046E0000C7EB7200FF8002A4E6F617ECB370FE601CA8447C1C50369602A665F54CB2ACBAA
:204700001BCB2ACB1BCB2ACB1BCB2ACB1BCB2ACB1BCB2ACB1BCB2ACB1BF8037369602323DF
:204720002A4F46CB28CB19CB28CB19CB28CB19CB28CB19CB28CB19CB28CB19CB28CB19F8E1
:204740000B7E912810AF4703F80B5E16007B9120337A90202FF80A7EF803962823F8034E3A
:204760000600595013F80A7EF80222AF327E932004AF92280B0BF8027E912008AF902004B2
:20478000C1C51817D1D5213000194D4459501AF80022131A77C3D846010000E804C9E8F6CD
:2047A00021B2C02A4F463333C521B4C02A4F46F802792270F8104E06007987CB1087CB108A
:2047C00087CB1087CB10F804227021B6C04EF8007EF80877F8017EF80977AF47CB21CB1009
:2047E00021201E09E57DF80877E17CF807322A5F561A5F079F57F8042A4F46CDF60DF8080A
:204800002A666F094D443333C5F8027EF80877F8037EF80977F8062A4F46030A5F079F57CE
:20482000F8042A4F46CDF60DF8082A666F094D44F802792270F8117EF53311B1C0D5210325
:204840000039E511B7C0D51E0121614ACDFB3DE811C9E8F211E3C01AF80022131A77F801CC
:204860003AB6CA5B4AD1D521320019E57DF80477E17CF80377F8147EB72025F8007EF80C23
:2048800077F8017EF80D322A5F561ACB370FE601200EF8022A5F561AF80022131A7718BE4D
:2048A000D1D56B6223E57DF80677E17CF80577D1D521060019E57DF80877E17CF807322B42
:2048C0002B2A5F2A571A4F131A47CB28CB19CB28CB19CB28CB19CB28CB192A5F2A571A5FE7
:2048E000079F57792278322A666F19E57DF80E77E17CF80D7721B2C02A4F46CB28CB19CBB2
:2049000028CB19CB28CB19CB28CB19FAB8C05F079F57F80A792278322A666F194D44F80C1B
:20492000799623789E7857CB7E2807CB7A2008BF1805CB7A2801373843F8062A4F2A470394
:204940000A4F079F472A666F09E57DF80E77E17CF80D77FAB7C04F079F47F80A2A666F099A
:204960004D44F80C2A917E985678CB7F2807CB7A2008BF1805CB7A2801373004AFC3454A67
:20498000F8042A666F23232A4F46CB28CB19CB28CB19CB28CB19CB28CB19F8062A5F2A57B3
:2049A00013131A5F079F57792278322A666F19E57DF80C77E17CF80B7721B4C02A4F46CB2B
:2049C00028CB19CB28CB19CB28CB19CB28CB19FABAC05F079F57F80C792278322A666F1915
:2049E0004D44F80A799623789E7857CB7E2807CB7A2008BF1805CB7A2801373843F8062A04
:204A00004F2A470303030A4F079F472A666F09E57DF80C77E17CF80B22FAB9C04F079F4771
:204A20002A666F094D44F80A2A917E985678CB7F2807CB7A2008BF1805CB7A2801373003A2
:204A4000AF18023E01B72804C1C51812F8022A5F561AF80022131A77C35E48010000E80EAA
:204A6000C9E8E7F80036B12336C0F8217EF80277F8227EF80377F81F7EF80477F8207EF8FE
:204A800005322A5F566B6223E57DF80877E17CF80777F8022A5F5621020019E57DF80A7774
:204AA000E17CF80977F8042A5F5621030019E57DF80C77E17CF80B77F8042A4F4603030A8A
:204AC000F80C77F8013AB6CAD94CD1D521320019E57DF80F77E17CF80E77F8237EF8009690
:204AE0002008F8247EF801962814F8257EB7201CF8002A4E6F617ECB370FE601200EF80DB2
:204B00002A5F561AF80022131A7718B7D1D56B6223E57DF81177E17CF81077D1D5210600EE
:204B200019E57DF81377E17CF812322B2B2A5F2A571A4F131A47CB28CB19CB28CB19CB2801
:204B4000CB19CB28CB192A5F2A571A5F079F57792278322A666F19E57DF81977E17CF81866
:204B600077F8022A5F561A4F131A47CB28CB19CB28CB19CB28CB19CB28CB19F8062A5F56CF
:204B80001A5F079F57F815792278322A666F194D44F817799623789E7857CB7E2807CB7AC1
:204BA0002008BF1805CB7A2801373846F8112A4F2A47030A4F079F472A666F09E57DF81917
:204BC00077E17CF81877F8042A5F561A4F079F47F8152A666F094D44F8172A917E985678F5
:204BE000CB7F2807CB7A2008BF1805CB7A2801373004AFC3C34CF80F2A666F23232A4F468E
:204C0000CB28CB19CB28CB19CB28CB19CB28CB19F8112A5F2A5713131A5F079F5779227876
:204C2000322A666F19E57DF81777E17CF81677F8082A5F2A571A4F131A47CB28CB19CB28AF
:204C4000CB19CB28CB19CB28CB192A5F561A5F079F57F817792278322A666F194D44F81563
:204C6000799623789E7857CB7E2807CB7A2008BF1805CB7A2801373845F8112A4F2A470344
:204C800003030A4F079F472A666F09E57DF81777E17CF81677F80C7E4F079F47F8172A6699
:204CA0006F094D44F8152A917E985678CB7F2807CB7A2008BF1805CB7A2801373003AF18DE
:204CC000023E01B72804C1C51812F80D2A5F561AF80022131A77C3C34A010000E819C93B6E
:204CE000FA00C5B720752102C53AB6286E2A4F46212F00094E79B7286A11D6C01AF80077E3
:204D0000B72822060021D7C02A665F54C53E01F533010000C5D5F8077EF5331E0421FC4C9A
:204D2000CDFB3DE8082101C52A5F56212500194678B72820212600192A666F110000D53E19
:204D400001F533110000D5E5C5331E0421FC4CCDFB3DE8082100C5361418082100C57EB77C
:204D6000280135AF2101C5227733C9E8EDF8197EF80D77F81A7EF80E77CB3E2BCB1E23CBB2
:204D80003E2BCB1E23CB3E2BCB1E23CB3E2BCB1EF81D7EF80177F81E7EF80277F81F7EF8AC
:204DA0000777F8207EF80877CB3E2BCB1E23CB3E2BCB1E23CB3E2BCB1E23CB3E2BCB1EF893
:204DC0001B7EF80F77F81C7EF81077CB3E2BCB1E23CB3E2BCB1E23CB3E2BCB1E23CB3E2BB7
:204DE000CB1EF8012A5F5621020019E57DF80B77E17CF80A77F8012A5F5621030019E57D8D
:204E0000F80D77E17CF80C77F8217E3D282DF8012A5F566B6223E57DF81377E17CF812778B
:204E2000F8217ED602CA4B50F8217ED603CA7852F8217ED604CAE553C38155F8017EF8110E
:204E400077F8027EF81277F8012A5F561AF806773A22079F323A2B77F8063A2B77F80D2A62
:204E60005F56F8032A666F19E57DF80777E17CF806327EF80D77F8067EF80E77CB3E2BCB13
:204E80001E23CB3E2BCB1E23CB3E2BCB1EF8032A5F56F8072A666F19E57DF80777E17CF856
:204EA0000677CB3E2BCB1E23CB3E2BCB1E23CB3E2BCB1E2A5F562101007B955F7A9CF80852
:204EC0003273F8092A5F561A773A22079F327EF80577F80A7EF806322A5F56F80F2A666F01
:204EE00019E57DF80B77E17CF80A77CB3E2BCB1E23CB3E2BCB1E23CB3E2BCB1EF80B2A5FBE
:204F0000561A773A22079F322A5F56F80F2A666F19E57DF80777E17CF806327EF80F77F81F
:204F2000067EF81077CB3E2BCB1E23CB3E2BCB1E23CB3E2BCB1E2A5F566B6223E57DF804A4
:204F400077E17CF80377F80D3A2B77F80E3A2B77F8077EF80B962009F8087EF80C96CA43E4
:204F600050F8097EF80F77F80A7EF81077F8027EF80F962009F8037EF81096CA2F50F80F40
:204F80007EF80477F80B7EF805772178C596303AF8047E2179C5963031FA75C5F806772133
:204FA00078C54E0600F8045E1600CDF60D792176C586234F788E47F8056E2600095D54F8C3
:204FC000067ECDF815F806711804F806360FE5F808CB5EE1284EF80D2A5F566B6223E57D0A
:204FE000F81177E17CF810773E07F80FCB2623CB163D20F6232A5F561A773A22079F773E77
:2050000004F811CB2623CB163D20F62B2B2B2A5F2A572A666F7B955F7A9CF80E32734E2310
:2050200046C38655F80F34C26D4F2334C36D4FF80B2A5F3A571B7B227A322A23322A237739
:20504000C3504FF81F4E2346C38655F8117EF80277F8127EF80377F8112A5F561A773A22BB
:20506000079F327EF80077F8127EF80177F80D2A5F56E1E519E57DF81377E17CF812327EB5
:20508000F80477F8127EF80577CB3E2BCB1E23CB3E2BCB1E23CB3E2BCB1ED1D5F8072A66CF
:2050A0006F19E57DF81377E17CF81277CB3E2BCB1E23CB3E2BCB1E23CB3E2BCB1E2A5F562A
:2050C0006B6223E57DF80877E17CF80777F8092A5F561AF812773A22079F327EF80D77F893
:2050E000127EF80E322A5F2A572A666F19E57DF81377E17CF812327EF80877F8127EF809CB
:2051000077CB3E2BCB1E23CB3E2BCB1E23CB3E2BCB1EF80B2A5F561AF812773A22079F32CA
:205120002A5F56F80F2A666F19E57DF80F77E17CF80E327EF81177F80E7EF81277CB3E2BC5
:20514000CB1E23CB3E2BCB1E23CB3E2BCB1E2A5F566B6223E57DF80C77E17CF80B77F80467
:205160007EF80F77F8057EF81077F8067EF80F962009F8077EF81096CA7052F8087EF811C9
:2051800077F8097EF81277F80A7EF811962009F80B7EF81296CA5A52F8117EF80C77F80FB0
:2051A0003A2B772178C596303AF80C7E2179C5963031FA75C5F80E772178C54E0600F80C76
:2051C0005E1600CDF60D792176C586234F788E47F80D6E2600095D54F80E7ECDF815F80EBA
:2051E000711804F80E360FE5F810CB56E12860F8047EF81177F8057EF812773E07F811CB51
:205200002623CB163D20F6F8022A5F561AF810773A22079F322A5F566B6223E57DF80F77BC
:20522000E17CF80E322A23322A23773E04F80FCB2623CB163D20F6232A5F56F80F2A666FFD
:205240007B955F7A9CF80E32734E2346C38655F81134C287512334C38751F80F3420022380
:2052600034F80F7EF80477F8107EF80577C36A51F81F4E2346C38655F8097EF80377F80A2B
:205280007EF80477F8092A5F561A4F079F47F80F2A666F095D54F8057B2272CB3E2BCB1EFE
:2052A00023CB3E2BCB1E23CB3E2BCB1E23232A666F094D44CB38CB19CB38CB19CB38CB19DA
:2052C00011010079935F789AF8083273F8012A5F561A4F079F47F80D2A666F094D44F809CD
:2052E000792270CB3E2BCB1E23CB3E2BCB1E23CB3E2BCB1EF8112A5F561A4F079F47F80DC3
:205300002A666F094D44CB38CB19CB38CB19CB38CB1903F80B792270F8057EF81177F80635
:205320007EF81277F8077EF811962009F8087EF81296CADD53F8092A5F56F80B7E932006F7
:20534000237E92CAC553F8113A77F80D737E2178C5963041F8107E2179C5963038FA75C50C
:20536000F80E772178C54E0600F8103A22AF32D55E1600CDF60DD1792176C586234F788EFC
:2053800047F80D6E2600094D44D5F8107E5950CDF815D118020E0FCB492826F8052A4F3A9B
:2053A0002B2B4703AFCB1841CB181F4F2A5F561A6F079F672929292979954F789C47C3860F
:2053C0005513C33A53F8112A5F3A571B7B227A327EF80577F8127EF80677C32453F81F4E00
:2053E0002346C38655F80B3A2B77F80C3A2B222A5F561A4F079F47F80F2A666F095D54F84F
:205400000F7B2272CB3E2BCB1E23CB3E2BCB1E23CB3E2BCB1EF8072A666F094D44CB38CB6B
:2054200019CB38CB19CB38CB1903F80B792270F8012A5F561A4F079F47F80D2A666F094DEC
:2054400044F807792270CB3E2BCB1E23CB3E2BCB1E23CB3E2BCB1EF8112A5F561A4F079F6A
:2054600047F80D2A666F09E57DF81377E17CF812322A4F46CB38CB19CB38CB19CB38CB19E7
:2054800003F803792270F80F3A2B77F8103A2B77F80B2A239620072B2A2396CA7A55F80789
:2054A0007EF81177F8087EF81277F8037EF811962009F8047EF81296CA6855F80D5EF811A1
:2054C0007EF805772178C59630327B2179C596302BFA75C5F806772178C54E060050CDF64B
:2054E0000D792176C586234F788E47F8056E2600095D54F8067ECDF8157918023E0F0F30C5
:205500005CF80F2A23322A23773E07F811CB2623CB163D20F6F8092A5F561AF80D22079F88
:20552000322A5F566B6223E57DF81177E17CF810323A2B77F8103A2B773E04F80DCB2623D6
:20554000CB163D20F6F8112A5F56F80D2A666F7B955F7A9CF81032734E23461829F81134C4
:20556000C2AA542334C3AA54F80D3420022334F80D2A23322A2377C39054F81F4E234618CC
:0955800005F81F4E2346E813C98B
:20156600F090EA13C5F8067EE090EA0020C1CDF83BFA13C5E090EA00206069E9F090EA13F1
:20158600C5F8067EE090EA0020C1CD003CFA13C5E090EA00206069E9F090EA13C5F8087E02
:2015A600E090EA0020C1CD153EFA13C5E090EA00206069E9F090EA13C5F8087EE090EA00B2
:2015C60020C1CDDF3BFA13C5E090EA00206069E9F090EA13C5F8027EE090EA002060692A18
:2015E60012132A12137E12FA13C5E090EA0020E133E94FF090EA13C579E090EA0020626B47
:201606002A4F46FA13C5E090EA0020C9F090EA13C5F8047EE090EA0020F8022A666FE5CD0F
:201626006E10FA13C5E090EA0020E1E803E93B3BF090EA13C5F8067EE090EA0020F8047EFD
:20164600F80077F8057EF80177E1E5E5CDE30FFA13C5E090EA00203333E1E803E9E8F6F883
:20166600077323722B2B77F8033600F80D7EF80477F80E7EF80577F8093600F80C7EF809AF
:20168600962856F8072A4F3A2B477EF533210100395D54CDD615F8004EF8042A5F561A4720
:2016A60079902019F8012A4F2A23472A666F232A669120097C902005F8037E181FF809345A
:2016C6007EF80377F8072A5F5621030019E57DF80977E17CF8087718A2F80C7EE80AE1E854
:0216E60003E916
:020000040004F6
:0B400000250A73E10D61570127000144
:020000040000FA
:2016E800E8F9FA1CC5F80077E5CB46E1CA831721B2C02A4F4621800009E57DF80377E17C4F
:20170800F80277E5FA1AC5E16F079F67292929294D44F803792278322B2B2A5F2A572A66D0
:201728006F7B955F7A9C474BFA18C55F079F576B62292929295D5479934F789A47FA14C53F
:20174800F80577FA15C5F806322A917E9830082114C57922701824D5F8052A5F56F8032AE9
:20176800666F19D14D4479934F789A47F805799623789E30062114C5792270E5F802CB4EE5
:20178800E1CA181821B4C02A4F4621800009E57DF80377E17CF80277E5FA1BC5E16F079F11
:2017A80067292929294D44F803792278322B2B2A5F2A572A666F7B955F7A9C474BFA19C5F7
:2017C8005F079F576B62292929295D5479934F789A47FA16C5F80577FA17C5F806322A91C5
:2017E8007E9830082116C57922701824D5F8052A5F56F8032A666F19D14D4479934F789ABD
:1318080047F805799623789E30062116C5792270E807C94C
:020000040004F6
:20400B00211CC53603AF2116C52277AF2114C522772119C536002118C53600211BC5360034
:06402B00211AC53600C990
:020000040002F8
:208000001E1121B440CDFB3D1E11213140CDFB3D1E06210040CDFB3D1E0F210040CDFB3D34
:208020001E11215740CDFB3D1E0121ED6BCDFB3D1E10218040CDFB3D1E11210B40CDFB3D03
:208040001E01210040CDFB3D1E01219C73CDFB3DAFF5331E10210040CDFB3D33AFF5331EB4
:2080600010214040CDFB3D33AFF5331E0F215C40CDFB3D33C9E8FCCDA539B7280FFE0128B1
:208080000BFE0228F2D603CA2F4118EBCD311CFA38C6D6F020283E01F5331E0421454CCD7D
:2080A000FB3D331100400611AFF533210000E5D5C5331E0421FC4CCDFB3DE80618B92113C0
:2080C000CC7ED6013E0017EE012019FA38C6B72803CD1B18CD4902FA4EDBE60F2003CDEE1A
:2080E00018CD0C1B0EC0F0929120072161DB36DF18052161DB36C02107C53600CDE8161E7E
:208100000121376CCDFB3DCD0011CDCB1FCD72281E0121DF4CCDFB3D214EDB341E28FA0764
:20812000C5CDB30DFA61DBE092CDBD01C37740FA15CC3D281AFA15CCD6022858FA15CCD602
:2081400003CA0142FA15CCD604CA1E42C377401E0D210040CDFB3DCD7405AFF5331E0421C5
:20816000454CCDFB3D3321690546216A052A666F3E01F533C533E51E0621BA42CDFB3DE860
:2081800004D6013E0017F803771E0621CE48CDFB3DC36A421E0D210040CDFB3DAFF5331EE8
:2081A0000421454CCDFB3D33AFF5331E10214040CDFB3D33AFF5331E10210040CDFB3D3355
:2081C000AFF5331E0F215C40CDFB3D332118CC2A4F46FA17CCF533210100395D54CDD61519
:2081E000F8002A472A4F7E260168E547C51E0621BA42CDFB3DE804D6013E0017F8037718B7
:20820000692117CC4E2118CC2A5F5679CDF81579F5331E0B212341CDFB3D33C377401E103D
:2082200021C840CDFB3D1E0D210040CDFB3D2117CC4E2118CC2A5F5679CDF81579F5331E37
:208240000B21E441CDFB3D33EA14CC216CC54E216DC52A666FAFF53379F533E51E0621BA7D
:2082600042CDFB3DE804F8033600F3FA83C53D2809FA83C5D602280A1810112C1ECDB73C68
:20828000180E114F1ACDB73C180611D019CDB73CAFE045FBFA4BDBB72006F040F602E04092
:2082A0001E01215540CDFB3DCD44020EC0F0929120072161DB36DF18052161DB36C02107BF
:2082C000C53600CDE8161E01210772CDFB3DCD00111E28FA07C5CDB30DFA61DBE092F80300
:2082E0007EB7CA77401E1021C740CDFB3DC37740E804C921A1C83600FAA0C0D6112006FA1D
:208300004301073803AF18023E01EAA0C8FAA1C0B72806FAA0C8B72003AF18023E01EAA16E
:20832000C0FAA0C8B72803CDBB10AFA7F5110000D51100DFD5CD6C3DE8061E0B210040CDF0
:20834000FB3DCDE8101E1021C940CDFB3D3E67E0403E07E04B3E90E04AF00406004FC5CDBB
:20836000473BE1CD74053E01F5331E0421454CCDFB3D33F32195C636832336C6AFE04511B5
:208380007B1ACDED01F041F640E041FAA0C0D611200CFA430107E6014FB73E8020023EC088
:2083A000E0063E07E007F0FFF60EE0FFFBF040F680E0400611AFF533110000D5110040D51E
:0F83C000C5331E0421FC4CCDFB3DE806C37540C0
:020000040000FA
:050000000000C3380000
:04003800F3C300020C
:0A020000E5210020360CE1C30040A8
:020000040003F7
:20000000EA1DC5F0FFEA1EC5F040EA1FC53E80E0403E01EAFF003E00EA0F0076003E00E089
:2000200040089E9D319E9DE5D5C5FA1DC5F5F04F5FCB47281121969D0E0A46AFE04F702C6C
:200040003CE04F0D20F4AFE026E04F7BEABB9D3E01E04F21CB9D0612AF0E15EF7DC60B6FE6
:200060000520F5AFE04F3E03E0473E80E068AF0E69E2E23DE2E2E2E2E2E23E70E0423E5C3D
:20008000E043CD8A4121B79D119C9D0E04F721CB9D11EB4206033E20220E13F73E20227D78
:2000A000C60B6F0520F03E200E15EF2E6B0E04F7C1CD3B410E08F7FAA0C0CD3F413E20229B
:2000C00022222E8B0E04F7C1CD3B410E06F7C1CD3B413E202222227DC60B6F0E04F7C1C5EB
:2000E000CD3B41113E430E07F7D1CD5B41114543CB7D28E31149432EAB0E06F7FA1FC5CDC7
:200100003F410E04F7F04DCD3F410E04F7FA1EC5CD3F4136202ECB0E07F73E20221A13226F
:20012000FE20280C1A134F1A13470ACD3F4118EA3E89E040AFE00F760018F9CD404179470A
:2001400078E6F0CB37C630FE3A3802C6072278E60FC630FE3A3802C60722C9424BCD3B4195
:200160003E2022227BD6085F7ADE00577DC60B6F3E20221A13CD3F411A13CD3F413E2022C5
:20018000CB6520EF7DE67F20E3C921B1412A5F2A57B3C84E23CB79280A2A121312130C2053
:2001A000F918F00C0D28E62A121312130D20F818E20090F8FF000092F8FF00D09208FFFF0C
:2001C000FFFFC3FFFFFF00009350FFCFA733333397CFFFCF8F0FCFCFCF03FF8733E7CF9F20
:2001E0003F03FF8773F3C7F37387FFC7A76703E7E7E7FF033F3F87F33387FF87333F0733AB
:200200003387FF03F3F3E7E7CFCFFF87333387333387FF87333383F3338700A09308FFFF1B
:200220009F9FFF9F9FFF00109442FFCFB77B7B037B7BFF077B7B077B7B07FFC3BF7F7F7FEC
:20024000BFC3FF0F777B7B7B770FFF037F7F037F7F03FF037F7F037F7F7FFF837F7F437BDE
:200260007B87FF7B7B7B037B7B7BFF83FBEF0283FFFAFB0A07FF7B776F5F1F6F73FFFA7F6A
:200280001303FF7B334B7B7B7B7BFF7B3B5B6B737B7BFF87FB7B2387FF077B7B077F7F7F5A
:2002A000FF877B7B7B5B6793FF077B7B076F777BFF837F7F87FB7B87FF01FAEF01FFFA7B2C
:2002C0000287FFFB7B22B7CFFF7B7B7B7B4B337BFF7B7BB7CFB77B7BFFBBBBBBD7EFEFEF98
:2002E000FF03FBF7EFDFBF030000004B45524E454C2050414E494320504C454153455345BC
:200300004E44204120434C45415220504943204F46544849532053435245454E20544F20B7
:20032000444556532041463A20204D4F44454C3A2042433A20202044453A20484C3A20208F
:20034000564945573A2053503A204C4344433A204B313A2049453A202042414E4B3A529085
:08036000FF56BB9D5770FF2002
:020000040000FA
:20181B00E8F8F8053E482236C5FA38C6F80777F8003601F8077EB7CAE118E5CB46E1CACB2D
:20183B0018F8052A5F3A2B571A77B7CACB18E60F3D4F079F4769602929091120C5194D440C
:20185B0021030009E57DF80377E17CF802322A5F561A6F131AB52858E5F806CB7EE12809DB
:20187B00FA38C6F800AEEA38C6FA39C6F800A6203F69602A666FB42803293034F8007EF82F
:20189B0003223E00322B2B2A5F561A6F131A5D57696023237EF5F8057E26006FF1E526016A
:2018BB00E533C5D5F5331E0421FC4CCDFB3DE808F8077ECB3F77F8007E8777F80534C22E20
:2018DB00182334C32E18FA3AC62138C6A6EA3AC6E808C9E8FB0164C5F8043600F8047ED684
:2018FB000428760AB7286B5950131A3D12B720620A12F8045E16006B622929197DC6505FC3
:20191B007CCEC5F800732377E1E52323235D541AF80222131A77F8033AB62838D1D51A6F64
:20193B00131A67B52803293029F8022A5F56E1E523237EC5210000E52600E533F5F8072A0C
:1C195B00666FF1E5D5F5331E0421FC4CCDFB3DE808C10303F804341883E805C900
:020000040004F6
:20000000F8067EB728170E0079D608D0060069602929091120C519AF22770C18EB11080090
:20002000D5110000D51148C5D5CD6C3DE806112800D5110000D51120C5D5CD6C3DE806C9C2
:20004000F8067EB728170E0079D604C8060069602929091150C519AF22770C18EB1108002C
:20006000D5110000D51164C5D5CD6C3DE806111400D5110000D51150C5D5CD6C3DE806C94A
:020000040000FA
:20197700E8FD4B425FF090F800777BE09021002073210500095D541AF80122131A77210710
:2019970000092A4F46F8052A5E87CB136F63092A4F46CB21CB10F8012A666F094D44F8078C
:1919B7002A5F56211000E5CD6E10F8007EE0907EEA0020E803E1E804E9C8
:020000040001F9
:20800000217FC536002181C5360021C4C536842336C5C9119B543BF8097EB7CAF1402B3A0C
:20802000B6CAF140F8072A5F2A574B42D57E5950CDF815D1131379D68078DE00301879B78F
:20804000CAF140F80966E533D5F533AFF533CD6615E805C3F140C5D5F80D7EF533D521006E
:2080600080E5CD6615E805D1C179C6804F78CEFF47210008195D5479D68078DE003043F8B7
:20808000007977D64178DE00301C7EB728634E3EC091F80966E533D5F80366E533F533CDD8
:2080A0006615E805184BF8007EB72845F8097EF533D5F8037EF5333E80F533CD6615E80523
:2080C000182FC5D5F80D7EF533D5218080E5CD6615E805D1C179C6804F7AC6085779B7286D
:2080E00010F80966E533D5F533AFF533CD8215E80533C9E8F2F8142A4F2A477EF533110E3B
:2081000000D5210300395D54CD1216F8087EEA6FC5F8092A4F7E2170C5712377F80B7EEA27
:2081200072C5F80C2A4F7E2173C5712377F8007EEA78C5F8017EEA79C52178C56E26002952
:2081400029295D54217AC57B2272FA7AC5C660EA5EC8FA7BC5CEFFEA5FC82179C56E260033
:208160002929295D54217CC57B2272FA7CC5C670EA60C8FA7DC5CEFFEA61C8F8022A472A2E
:208180004F7EC53347C51E06211640CDFB3DE803FAA0C8B72820F8062A4F4678B128172BD2
:2081A0002B3E01E04F7EF533C51E06211640CDFB3DE803AFE04FE80EC9E8F6F8117EF8082E
:2081C00077F8127EF809322A5F56210D00194D44F8137EF533210100395D54CDD615F80049
:2081E0002A472A4F7E5957F8107EF803776B62C5D5785D54CDF81569D1C17D4FB728131339
:2082000013C5C533D5F533F8097EF533CD8215E805C1F80471FAA0C8B7286EF8082A5F56DD
:20822000211000194D44F8137EF533210100395D54CDD615F8012A4F4678B1284C2B2B3E05
:2082400001E04F7EF805775950C57ECDF8155950C1F806732A327EB728212323030379229A
:2082600070F8057EF533F8092A5F56D5F8097EF533F8077EF533CD8215E805AFE04FF804BF
:208280007EF8079630037E1803F8047EE80AC9F8062A4F46210900094D44F8092A5F3A2B5A
:2082A000577EF533210400E5CD1216C9F80A3A2B4F2A5F5679CDF81579C9E8B6F8502A5F60
:2082C0002A57D57EF533013B00C54B42210700395D54CD1216D1016CC5F8527E02016DC50D
:2082E0007B02037A02F8047EEA82C5F8054E69AF67237DD6157C173F1FDE8030050C790772
:2083000018020E15217FC571F8067EFE1F38023E1FEA5EDBF8077EFE0538023E05EA80C5CB
:20832000F8087EFE4038023E40EA7EC5F8107EEA75C5F8112A4F7E2176C57123771E01214B
:208340006D74CDFB3DF80D2A472A4F7EC53347C51E0621F340CDFB3DE803111200D5212D18
:2083600000394D441183C6CD6E10F82C4EFA82C5D6023E012801AF0C0D200DB70E022002BD
:208380000E002183C57118052183C536014FCB412069110300D5210C00394D4411D3C0CD03
:2083A0006E10F80A2A472A665F5421BBC03600C533D5AFF5331E0621B941CDFB3DE8044F94
:2083C000F8094678913801482106C571F80A2A4F2A477E585721C3C0E5210000E579CD770A
:2083E00019F80A2A472A666F11B7C0D5C533E51E06218F42CDFB3DE805182821BBC03E682E
:20840000EA06C53668110300D501134011D3C0CD6E10111000D5110000D511C3C0D5CD6C5F
:208420003DE806FA7EC5B72872F8202A4F7EF8477123223600FA7EC5F84996285EF8497EF0
:20844000D6402857F81F7EF8474E2346F533213E00395D54CDD61511C6C5F8496E26001949
:208460004D44FA06C502F83D2A472A4F7EC53347C5FA06C5F5331E0621B941CDFB3DE804E6
:208480002106C58677F8472A5F5621030019E57DF84977E17CF8482234189AF8537EB7CA8F
:2084A0001747211BC53600211AC511030072D5211E00394D4411D6C0CD6E1021FFC43600B7
:2084C000AF21F5C42277AF21F9C4227721B1C0CB8621F7C43EB1223EC0322A4F4621320042
:2084E00009AF227721F7C42A4F46213000094D4421F9C42A02037E023AB628112A4F46210F
:208500003200094D4421F7C42A02037E02FAF7C4EAF9C4FAF8C4EAFAC411B1C0D51E0121B3
:20852000DC41CDFB3DE1FA7FC5B7CA8647F8227EF84777217FC54E06000B6960290929294D
:208540000929294D44F8237EF84877F8247EF849322B2AF533C52A4F4611E5C0CD1216FA2C
:208560007FC53DF8472236E52336C0F8477EB7CA8647232A5F5621110019E57DF84777E194
:208580007CF846322A5F3A2B571A77F8482A5F56210A00193333E5F8482A5F5621220019F0
:2085A000E57DF84277E17CF841322A5F566B6223E57DF84477E17CF843227EB7284DD1D5F2
:2085C000FA06C512F8402A5F561AF844322B2A5F561AF80022131A77C1C5F8447EF533C516
:2085E000FA06C5F5331E0621B941CDFB3DE804F84477F8452A5F561A773A2B9630032A2383
:2086000077F8467E2106C58677182CF81F2A4F2A665F54F8402A666FE5FA7EC5F53379CD60
:2086200063164F217EC596300921C6C50600094E18020E00E1E571F8482A5F56211200196C
:20864000E57DF84677E17CF84577F8402A5F561AF84677F8422A5F3A571A22131A222A5FA4
:208660002A57D5110000D57EF8465E2356CD7719F8482A4F3A470AE6FE022A5F5621320072
:20868000194D44AF020302F8482A5F56213000194D4421F9C42A02037E023AB628257EF820
:2086A0004377FAFAC4F844322A5F5621320019E57DF84777E17CF846322A5F2A23572A1241
:2086C000137E12F8487EEAF9C4F8497EEAFAC4F8482A4E6F617E0FE6012015F8487EF845FF
:2086E00077F8497EF846322A5F561A07E601280FF8485E2356D51E0121DC41CDFB3DE1F88F
:208700004735232A5F5621340019E57DF84A77E17CF84977C36B45217FC57EB7284901E5D9
:20872000C07E3DF84977F8497EB7283B211100097EB72828212200097EE5F84A77E1232AD7
:208740006E5F55210A00097EC5F84A66E533D5F5331E0621B941CDFB3DE804C1F84935213B
:208760003400094D4418BF21F5C42A4F4678B12815C5C51E01210646CDFB3DE1C121300047
:20878000092A4F4618E71E01211766CDFB3DFA80C5B7CA5248F8287EF847772180C54E06E8
:2087A000006960292909290929094D44F8297EF84877F82A7EF849322B2AF533C52A4F4636
:2087C00011CEC7CD1216FA80C5F847223ECE2236C7F8477EB7287B232A5F56210400194D8F
:2087E00044F81F7EF84677F8202A665F54C5FA7EC5F533F8497ECD6316F84677F8482A5FE3
:208800005621080019E57DF84577E17CF84422237E217EC596301BF8465E160021C6C51992
:20882000E57DF84777E17CF846322A5F561A774E18020E00F8432A666F71F84735232A5FA2
:208840005621170019E57DF84A77E17CF84977C3D147FA5EDBB7282BF8257EF84777215E59
:20886000DB6E26002929294D44F8267EF84877F8277EF849322B11A3C82AF533C54E2346A5
:20888000CD12161E0121176CCDFB3D1E0B21C643CDFB3DAF2103C52277F8537EB7282BF8C7
:2088A0001A2A4F4678B128222B2B66AFF533110000D5C5E5331E0421FC4CCDFB3DE8067820
:2088C000B1D6013E0017EE011801AFE84AC92164052A4F4621B2C07922702166052A4F46D7
:2088E00021B4C0792270FA6805EAB6C0FA6C05EAC0C0FA6D05EABFC021BCC0360021BDC0F6
:20890000360021BEC0360221B1C0CB8E21E0C0360121B1C0CBEEC9F8083A2BF5332A5F56E7
:10892000D53E04F533FA06C5F533CD8215E805C901
:020000040004F6
:200080002140C6AF22772142C6360021A0C87EB7CABD01114000D511FF00D51143C6D5CD85
:2000A0006C3DE806114000D511FF00D511A0DFD5CD6C3DE8062107C636012108C63601C3C7
:0900C000BD01C9C9C9C9C9C9C9FA
:020000040000FA
:013E29000098
:2019D000F045D6962033FA5AC8E043FA5CC8E042FA4AFFB7280BF04AD690D0F04A3DE0454B
:2019F000C9F04BD607200CFA4CDBB72006F040E6FDE040FA4DDBE045C9F045214DDB963045
:201A10001EF04BD6072012FA4CDBB7200CF041CB4F20FAF040E6FDE040FA4DDBE045C9F0B2
:201A300041CB4F20FAAFE04BF040E6DFE040FA4BDBB72006F040F602E0403E96E045C9F03B
:201A500045D6962015F040E6EFE040FA5AC8E043FA5CC8E0423E47E045C9F041CB4F20FA14
:201A7000F040F610E0403E96E045C9FAA0C8B7280A1E0D211B40CDFB3D18101140C60147C0
:201A9000FF1A1302031A1302031A0221A0C97EE04A7ED690300FFA9EC9C607E04BF040F6E3
:201AB00020E0401809AFE04BF040E6DFE040FA4BDBB72808F040E6FDE0401806F040F60246
:151AD000E040FA88C6EA83C6FA8EC6EA89C6FA94C6EA8FC6C983
:020000040003F7
:20400000F3112C1ECDBD3C11D019CDBD3C114F1ACDBD3CF040E6EFE040FBC92107C6CB46A4
:20402000CA2B413E80E06801A0DF0AE069030AE069030AE069030AE069030AE069030AE02C
:2040400069030AE069030AE069030AE069030AE069030AE069030AE069030AE069030AE0B0
:2040600069030AE069030AE069030AE069030AE069030AE069030AE069030AE069030AE090
:2040800069030AE069030AE069030AE069030AE069030AE069030AE069030AE069030AE070
:2040A00069030AE069030AE069030AE069030AE069030AE069030AE069030AE069030AE050
:2040C00069030AE069030AE069030AE069030AE069030AE069030AE069030AE069030AE030
:2040E00069030AE069030AE069030AE069030AE069030AE069030AE069030AE069030AE010
:2041000069030AE069030AE069030AE069030AE069030AE069030AE069030AE069030AE0EF
:2041200069030AE069030AE06936002108C6CB46C83E80E06A0143C60AE06B030AE06B03AA
:204140000AE06B030AE06B030AE06B030AE06B030AE06B030AE06B030AE06B030AE06B039F
:204160000AE06B030AE06B030AE06B030AE06B030AE06B030AE06B030AE06B030AE06B037F
:204180000AE06B030AE06B030AE06B030AE06B030AE06B030AE06B030AE06B030AE06B035F
:2041A0000AE06B030AE06B030AE06B030AE06B030AE06B030AE06B030AE06B030AE06B033F
:2041C0000AE06B030AE06B030AE06B030AE06B030AE06B030AE06B030AE06B030AE06B031F
:2041E0000AE06B030AE06B030AE06B030AE06B030AE06B030AE06B030AE06B030AE06B03FF
:204200000AE06B030AE06B030AE06B030AE06B030AE06B030AE06B030AE06B030AE06B03DE
:1A4220000AE06B030AE06B030AE06B030AE06B030AE06B030AE06B3600C978
:020000040000FA
:033E2A00000096FF
:201AE500B7C0210DC6347EE60377210EC6962008210EC6347EE603773E09210DC6864F3E5C
:201B0500C6CE00477B02C9E8FDFA0DC6210EC6962874F3210EC6347EE60377C6094F3EC6AA
:201B2500CE00470AF80077FB7EE6034F060069602929097DC60F4F7CCEC6F8017123322A9D
:201B4500666F2323232A4F4678B1283AF8012A5F561A6F131A67B528032930ADF8002ACB30
:201B650037E60F5F16002A666F23237ED52601E533F8045E2356D5C5F5331E0421FC4CCDFB
:201B8500FB3DE8081883E803C9FA73C83C2839FA2CC62124C6B64FFA25C691280821F3DA67
:201BA500712125C671CDF126B7201DFA2CC6EAF3DAEA25C621F2DA36642124C63600212DCC
:201BC500C636002173C836FFFA2BC6B7C0FA23C63CC8212AC6347EE603C0F3F0904F2123B8
:201BE500C67EE0907EEA00202127C63AB6282FAFE021AFE01CAFE017AFE0123EC0E0233E6E
:201C0500C0E0193EC0E0143EFFE0252A5F56FA23C6C5CDE105C1AF2126C622771805C5CDD3
:0C1C2500500AC179E09021002071FBC939
:020000040003F7
:20C000002123C636FF2173C836FFAF2174C822773E80E0263EFFE0253E77E024AFE021AF8D
:20C02000E01CAFE017AFE0123EC0E0233EC0E0193EC0E0143EFFE025212AC63600212BC638
:20C0400036002124C63600212CC636002125C6360021F3DA3600212DC63600C9F8067EB774
:20C0600028180E0079D604302206006960292909110FC619AF22770C18EA111400D5110043
:20C0800000D5110FC6D5CD6C3DE806F3210EC63600210DC63600FBC9FA0DC6210EC6962820
:20C0A0001DF3210EC6347EE60377C6094F3EC6CE00470A4FFB79E6044779E6F0B0C9AFC9F4
:20C0C000EA2BC6B7C8AFE021AFE01CAFE017AFE0123EC0E0233EC0E0193EC0E0143EFFE05D
:20C0E00025C9E8F4F8127EF80077F8137EF80122C1C503030A77F8157EF80B77E602F803E6
:20C1000077D1D51AF80A22131A327EF80477F80B7EF805322B7EB7280A11A0DFF80A7B2203
:20C120007218081143C6F80A7B2272F80A7EF80677F80B7EF80777F8147EF80877F8047EDB
:20C14000F80977F8057EF80A223600F8087EB7CAF541E5CB46E1CAD641F8097EF80477F8BB
:20C160000A7EF80577FAA0C8B720073E01F80B963017F8062A5F56F8022A23F5330108000F
:20C18000C52A4F46CD1216183AF8042A5F56F80B7EB72808F80B7E3D281A1827F8027ECD0D
:20C1A000F815F8037EB728062140C67118152141C671180FF8037EB720092B7ECDF8152192
:20C1C00042C671F8092A5F5621080019E57DF80B77E17CF80A77F8062A5F5621080019E50E
:20C1E0007DF80877E17CF80777F80B34F8087ECB3F77C34B41F8092A4F46F8037EB72807D4
:20C200002107C6360118052108C63601E1E5712370E80CC9C5F3F090F5F8067E4FCB3FC667
:20C220001CEA00202640CB412802CBECAF6F16A05F3E0AEA000079EA00401A473E00EA00F4
:20C24000003EA9EAAA0A3E56EA55053EA0EAAA0A78770600BE280BE5E1E5E10520F61E005A
:20C26000180913233EC0BA20C81E013EF0EA00403E0AEA0000F1EA0020FBC1C9F80646F862
:20C2800000545D2198FF39F9D5E50E68111442F778C11E00D6013813E603F5606933E73B00
:20C2A0007BB72806F1D60130F1F5F1E1F9C9F3F090F53E00EA00003E1CEA00203EF0EA00A0
:20C2C000403EA9EAAA0A3E56EA55053E80EAAA0A3EA9EAAA0A3E56EA55053E30EA0040115F
:20C2E0000000FA0040FEFF280EE5E1E5E11D20F21520EF1E0018021E013E0AEA0000F1EA8E
:1AC300000020FBC9F800545D21AAFF39F9D5E50E5611AE42F7E1E7E1F9C919
:020000040002F8
:20000000F8064E21A2C87EE6F04779E60FB077210040771E1C69CB3D1979E601CB3707E6EE
:20002000E0470E0078C640477DF533110020D51100A0CD1216C9060078D604D0C5C5331EA9
:2000400008210040CDFB3D33C10418EC21A2C84EC51E0F210443CDFB3D7BC1B7C8C5F8087E
:180060007EF5331E0F217C42CDFB3D33C121A2C87E71210040717BC94D
:020000040000FA
:013E2D000094
:020000040003F7
:20036800E0013E81E002F0020738FBF001C98833010000000100000088330F0000000F0077
:20038800000088330400000004000000883308000000010000005F212EC6460E00C57BCDF9
:2003A8006843C1212EC62270C94F06007891300E041A6F13C5D57DCD9E43D1C118EE212F70
:2003C800C67ED68120032B7EC93EF0C93B3B43FA30C6B72020215F440E0679B7280F2A5F86
:2003E800E5C5D57BCD6843D1C1E10D18ED2131C63E8622AF770E10F80078227279B7282739
:20040800D1D51A2131C65E23562B0600835F788A732377D1D51A47C578CD6843C10DF80081
:200428003420D9233418D52130C6347ED6282023FA31C6CD6843FA32C6CD6843AFCD68433F
:20044800AFCD68432130C63600AF2131C622773E011801AF3333C98833040080023BF80016
:2004680077D53E0A118043CDB143D14FF800A647F8037E9028147B421BB020043EF0180B04
:2004880079E6F02005CDBD0118D77933E133E92130C636003E0A117643CDB143F8065EAF92
:2004A80057F5333EFFCD6544C9E8E9F8103600F81E4ECB394179B7CA7B46CD2E02F81D7E36
:2004C8000E0087CB1187CB1187CB1187CB1187CB116F6119E57DF81377E17CF8127721301B
:2004E800C636007887F81377F8137EB7CA1746233600F8117EF81577F8127EF81677F81493
:200508007ED614CAFE45F8155E2356CD7C0D4721A0C87EB7281E3E01E04F7EB72813F815EE
:200528005E2356CD7C0D0F0F0FE6014FB73E012001AFE04F21000039E53E01F533C533CDC3
:20054800523BE804AFE04F210000395D54CDD443B72803F81034F8107ED609C2F145F810CA
:2005680036003E0A118A43CDB143F81E4EAF470BF8135E16007B9120097A902005F81F4EA9
:2005880018020E002156DB7106002157DB36E42158DB367F216A01094D442159DB79227066
:2005A8003E0E114FDBCDB1433E02F5333E02117800CD65444FE6F0280479C37B46AFF5331F
:2005C8003E0211B004CD65444FE6F0280479C37B463E0A117643CDB143AFF5333EFF110A48
:2005E80000CD65444FB7C27B46F814342334C206452334C30645F813352B2B2A5F56212035
:200608000019E57DF81377E17CF81277C3F044F8107EB728563E0A118A43CDB143F81F4EF9
:200628002156DB7106002157DB36E42158DB367F216A01094D442159DB7922703E0E114F41
:20064800DBCDB1433E02F5333E02117800CD65444FE6F0280379181BAFF5333E0211B00477
:16066800CD65444FE6F028037918083E0A118043CDB143E817C978
:020000040000FA
:0E3E2E008833020004000100E47F0000000061
:201C31000134C60AEA39C6CD3B3DEA38C6022139C6AEE60FC8FA39C62F2138C6A6E60FEA1F
:031C51003AC6C9C7
:020000040004F6
:20403100110500D5110000D51133C6D5CD6C3DE8062139C636002138C63600213AC6360059
:064051002133C63601C94F
:020000040000FA
:04005800FBC3541C76
:163E4E00AF213BC60E03EF3E00EA3BC6E0023E66E0013E80E0025D
:201C5400F5E5C5D50E01AFE002213BC67EFE022012F2F53336003E66E23E80E002CDCA2756
:201C740033182CFE012028F2FE55360028043604180CFA3DC6FE022005773E5518023E66A3
:1A1C9400E23E80E0023E00EA3DC63E01EA3CC6D1C1E1F041E60220FAF1D9EE
:20020A003E01EA3BC63E01E002F8027EE0013E81E002C93E02EA3BC6AFE0023E55E0013E58
:04022A0080E002C9A5
:04005000FBC3AE1C24
:151CAE00F5E5C5D5CD8E1BCD0B28D1C1E1F041E60220FAF1D9C7
:020000040002F8
:20C000003B3B210000360A21A2C87EE6F077EA0040213EC63E0422AF77014B406960233A68
:20C020006EB52824696023235D541AF80022131A77213EC62A5F56E1E5195D54213EC67BC5
:20C0400022720303030318D43333C91CCC000EDBCA30010BCC02000DCC02000FCC020011B7
:20C06000CC020013CC010020C5280048C5080050C5140064C5080023C6010028C602000FAD
:20C08000C614006CC50300C4C5020084C54000B1C04404F5C40200F9C40200FFC401000186
:20C0A000C50200D4DA020000000000E8F9F80222AF2222AF4F223600F8067EF8029630483F
:20C0C00023D52A5F56213EC62A666F19D1E57DF80577E17CF80432D52A5F56213EC62A66B1
:20C0E0006F19D13333E5F800AF96233E209E3013F805347E4FD60338050100001822AFF807
:20C10000032277F8063418B07912F8032A5F562100A019E57DF80777E17CF806322A4F4626
:20C12000E807C9E8F7F8005D54F80F7ECDAB4078B1CAE141F8005E21A2C87EE6F0577BE680
:20C140000FB277EA00405950FA6005F80577FA6105F80677FA6205F80777FA6305F808777C
:20C16000F8052A12132A12132A12137E1221040009E57DF80777E17CF80622364B233640A8
:20C18000F8072A5F561A4F131A47B128542B2A5F5621020019E57DF80377E17CF802322AEA
:20C1A0005F2A571A22131A222A5F56F8032A666FE5CD6E10F8012A5F561A4F131A47F80559
:20C1C0002A666F09E57DF80777E17CF806222A5F5621040019E57DF80977E17CF80877181F
:20C1E0009FE809C9E8F7F8005D54F80F7ECDAB40F807792270F8083AB6CAF542F8004621C7
:20C20000A2C87EE6F04F78E60FB177EA0040F8072A4F4659501AF80322131A22131A221303
:20C220001A772160052A4F2A472A5F56F8037E91200F237E90200A237E932005237E9228D6
:20C2400004AFC3F542F8072A5F5621040019E57DF80777E17CF80622364B233640F8072A7D
:20C260005F561AF80122131A773AB62856F8072A5F5621020019E57DF80577E17CF8043247
:20C280002A5F2A571A4F131A5E23466967E54BF8032A5F56CD6E10F8032A5F2A571A4F1391
:20C2A0001A472A666F09E57DF80777E17CF806222A5F5621040019E57DF80977E17CF8086C
:20C2C00077189AFA23C63C280EFA28C6EA26C6FA29C6EA27C6181CAFE021AFE01CAFE0172D
:20C2E000AFE0123EC0E0233EC0E0193EC0E0143EFFE0253E01E809C93BF8005D54F8077E17
:20C30000CDAB40597857B1281AF8004621A2C87EE6F04F78E60FB177EA0040AF1213121326
:20C3200012131233C9E8F7F8005D54F80F7ECDAB4078B1CAC343F8005621A2C87EE6F05F80
:20C340007AE60FB377EA004069605D541AF80122131A22131A22131A77216005545DF805F5
:20C360001A22131A22131A22131A77F8017EF805962018F8027EF806962010F8037EF80749
:20C38000962008F8047EF808962803AF1835F8133AB6282D7EF80777F8137EF80832CB26B8
:20C3A00023CB1603030303F8102A5E87CB13814F7B8847F8142A5F56F8072A666FE5CD6E55
:06C3C000103E01E809C96E
:020000040003F7
:20067E00E8F5F8132AD6ED7EDEFF563EFFCB7F2807CB7A2008BF1805CB7A280137300501FC
:20069E00EDFF182AF8132A4F465816003E13B93E0098CB7B2807CB7A2008BF1805CB7A28CB
:2006BE00013730050113001805F8132A4F46F8112AD6EF7EDEFF563EFFCB7F2807CB7A20F0
:2006DE0008BF1805CB7A2801373009F8003EEF2236FF1837F8117EF80977F8127EF80A32B4
:2006FE003E1196233E009E3E0057CB7E2807CB7A2008BF1805CB7A28013730051E11AF18D2
:20071E0005F8112A5F7EF800732377F8027922702A07E60177F8007EF80577F8017EF806AE
:20073E007769602929290929E57DF80977E17CF80877F8005EAF93F80977F804CB4620378C
:20075E0023AF96233E009E3E0057CB7E2807CB7A2008BF1805CB7A280137381B011748F86E
:20077E00072A666F094D44F8096E2600094D440A4F3E4091C31448F8067E07E601F80A7722
:20079E00F804CB46201BF80ACB462015011748F8072A666F094D44E1E5094D440AC640182B
:2007BE0055AF914F9F9047696029292909294D44F802AF96233E009E3E0057CB7E2807CBA4
:2007DE007A2008BF1805CB7A2801373818F80ACB462012211748094D44E1E5094D440A4F70
:2007FE003EC0911811211748094D44F8096E2600094D440AC6C0E80BC940404040404040CE
:20081E00404040404040404040404000202D333638393A3B3B3C3C3D3D3D3D3D3E00132009
:20083E00282D30333536373839393A3A3B3B3B000D1820262A2D303133343536373738389E
:20085E0039000A131A2025282B2D2F3032333435353637000810161B202427292B2D2F30E2
:20087E00313233343400070D13181C202326282A2C2D2E3030313200060B1015191D20234D
:20089E002527292A2C2D2E2F3000050A0F13171A1D20222526282A2B2C2D2E0005090D1179
:2008BE0015181B1E2022242627292A2B2C0004080C101316191B1E202224252728292A0087
:2008DE0004070B0E1114171A1C1E202223252627290003070A0D101316181A1C1E2022231B
:2008FE00252627000306090C0F121416191B1D1E2022232425000306090B0E10131517194F
:20091E001B1D1E20212324000305080B0D10121416181A1B1D1F202123000305080A0C0F45
:20093E0011131517191A1C1D1F202100020507090C0E1012141617191B1C1D1F2000020536
:20095E0007090B0D0F1113151618191B1C1E1F00020406080A0C0E1012141517181A1B1D4A
:01097E001E5A
:020000040000FA
:201CC300E8FAF8027B227A22010040AF227778B12845F8047EB1F80077F8057EB0F8017798
:201CE300F805CB3E2BCB1EF8025D54F8001A1396231A9E3818F8022A5F56E1E57B955F7AAE
:201D03009CF803327B22237EB1227EB077CB38CB19CB38CB1918B7F8047EE806C90003066A
:201D2300090C101316191C1F2225282B2E313336393C3F414447494C4E515355585A5C5ED4
:201D430060626466686A6B6D6F70717374757678797A7A7B7C7D7D7E7E7E7F7F7F7F7F7FDE
:201D63007F7E7E7E7D7D7C7B7A7A79787675747371706F6D6B6A68666462605E5C5A585578
:201D830053514E4C494744413F3C393633312E2B2825221F1C191613100C09060300FDFA35
:201DA300F7F4F0EDEAE7E4E1DEDBD8D5D2CFCDCAC7C4C1BFBCB9B7B4B2AFADABA8A6A4A2EC
:201DC300A09E9C9A9896959391908F8D8C8B8A8887868685848383828282818181818181A2
:201DE3008182828283838485868687888A8B8C8D8F9091939596989A9C9EA0A2A4A6A8ABC8
:201E0300ADAFB2B4B7B9BCBFC1C4C7CACDCFD2D5D8DBDEE1E4E7EAEDF0F4F7FAFD000101D1
:091E23000000FFFF00804000C038
:020000040004F6
:2000C900FAA0C8B72823114000D5110000D511A0DFD5CD6C3DE806114000D5110000D511C1
:2000E90043C6D5CD6C3DE806C92142C6361B2140C63E1B223687C9F8064E3E80E20C06400C
:0C010900F041CB4F20FAAFE20520F5C911
:020000040000FA
:201E2C002195C62A666F2A5F2AE045B7280416001804FA5CC857F041CB4F20FA7BEA43FFAD
:1D1E4C007AE042F045B7280C11040019547D2195C62272C92195C63E832236C6C9C1
:020000040004F6
:20405700111200D50165401183C6CD6E10C9000F02000200001F01020200000000041000F2
:020000040000FA
:201E6900E8FA2146C82A4F46212C00097E0FD2221F21A7C66E2600295D54211CCC19E57D13
:201E8900F80477E17CF803776960232A4F46F804792270CB78280E210F0009E57DF80677BC
:201EA900E17CF80577F8042A4F46CB28CB19CB28CB19CB28CB19CB28CB19F8022A666F79BF
:201EC900227021A8C66E260029011CCC093333E52146C86EFA47C8672323232A4EF80222D4
:201EE90079322A23322A23322BCB7E28122B2A5F56210F0019E57DF80677E17CF80577F88F
:201F0900042A4F46CB28CB19CB28CB19CB28CB19CB28CB19E1E57922702146C82A4F4621B9
:201F29002C0009CB4E281DAFF533110000D52154C82A5F56D5FA53C8F5331E0421FC4CCDC2
:201F4900FB3DE8062146C82A4F46212300092A4F4659502149C83AB628106EFA49C867D5A0
:201F690011230019D179227018062141C87922702146C82A4F46212300094D442143C82ABA
:201F890002037E02FA46C8EA43C8FA47C8EA44C82146C87B2272214AC83601E806C9FA99C5
:201FA900C6B7C8FA99C63D20033E01C9FA99C6D602200DFA13CCD6013E0017EE013E01C0C1
:201FC900AFC9E8F7FA41C8EA46C8FA42C8EA47C8AF2148C82277214AC83600F090EA45C850
:201FE9002147C83AB6CA1F23CDA71FCB47C228222146C82A4F46211300095D541AF808778E
:202009007EB72005CD691E18D7FA98C6B7200D212C0009CB562005F8087E3D122146C82A1C
:202029004F46211D00097E214EDBA6203821090009347E2146C82A5F56210900194D440A24
:20204900F80777210B00197EF80877F8072A9620146B627EE6012008210A00197E02180599
:20206900F8077E3D02FA4EDB0FDAB3212146C82A4F46212C0009CB5E280511B1C018031173
:20208900000069602379C60C4F300104AFF533D5E5C51E0121614ACDFB3DE809C5F8013A4D
:2020A900B6CA5F21D1D5212F0019E57DF80977E17CF808322A5F561A4FFA46C8F80777FADF
:2020C90047C8F808322A5F56212200195D541AA1CA5F21D1D5212500194D440AF802777E36
:2020E900B7285FD1D5212D00194D44233A6E073051F8072A5F56212100195D541AF8032287
:20210900AF22792270D1D521260019E57DF80977E17CF808322A5F3A571A22131A77F80376
:202129002A235F1600D53E01F5332A5F2A57D52A5F56D5F8097EF5331E0421FC4CCDFB3DCE
:20214900E8082146C86EFA47C8677E0FE6012006CD691EC3E91F214AC836001E0121BF61F7
:20216900CDFB3D1E01211362CDFB3D214AC8CB46C2E91F2146C82A5F56212900194E79B79A
:20218900282821070019E57DF80977E17CF808322A5F561A6F131A6779079F477D914F7C01
:2021A9009847F8072A666F7922702146C82A4F46212800095E3E03933865696023E57DF8D9
:2021C9000777E17CF806322A5F2A571A22131A77210500092A4F46F8072A666F094D44F883
:2021E900052A666F7922702146C82A4F4621030009E57DF80777E17CF806322A5F2A571A23
:2022090022131A77210700092A4F46F8072A5F567B915F7A98474BF8052A666F79227021EA
:2022290046C82A4F466960232A666FCB2CCB1DCB2CCB1DCB2CCB1DCB2CCB1D7D215AC85E43
:2022490093C608F8067769602323232A666FCB2CCB1DCB2CCB1DCB2CCB1DCB2CCB1D7D2154
:202269005CC85E93C608F80777FA9BC6B720263EA0F806963806233E9096301921280009D2
:202289007ED605200A1E0121765ECDFB3D1806CD691EC3E91FFA9AC6B7205E2146C82A4F25
:2022A90046211000095D541AE0901AEA0020211100092A6E5F55FA07C5F808772114000934
:2022C9007EEA48DB6B622323232A666F79C6094F3001040A4F0600CB21CB10092A4E21465B
:2022E900DB22712149DB3600F8073A472A235F507ECD31102107C586772146C82A4F4621EB
:2023090048C8792270212300095D541A2146C822131A77C3E91FFA45C8E090EA0020E8094F
:20232900C9E8FDFA41C8EA46C8FA42C8EA47C8AF2148C82277F090EA45C82147C83AB6CA14
:2023490026242A4F466960232A666FCB2CCB1DCB2CCB1DCB2CCB1DCB2CCB1D7DC608215A3E
:20236900C85E93F8007769602323232A4F46CB28CB19CB28CB19CB28CB19CB28CB1979C6A0
:2023890008215CC84E91F80177FA9BC6B720073EA0F8009638073E90F801963003CD691ED0
:2023A9002146C82A4F46211000095D541AE0901AEA0020211100092A6E5F55FA07C5F80246
:2023C90077211400097EEA48DB6B622323232A666F79C6094F3001040A4F0600CB21CB108D
:2023E900092A4F462146DB7922702149DB3600F8013A472A235F507ECD31102107C5867758
:202409002146C82A4F462148C8792270212300095D541A2146C822131A77C34323FA45C84C
:08242900E090EA0020E803C97D
:205589002146C82A5F56212F00194E7BC62E5F3001141A81772146C82A01201D2146C82A28
:2055A9005F56212F00196E2600094E212D00195E79CDEE0DCB28CB19CB28CB19CB28CB194E
:2055C900CB28CB19CB28CB19CB28CB19CB28CB197987CB10214BC82270C93B3B1E012189BD
:2055E90055CDFB3D2146C82A4F46212700097EB7282AFE012808FE022822D60320380303D2
:205609000333335950D51A4F131A4779214BC896234F789E47E1E5792270181A03333359E6
:2056290050D51A4F131A4779214BC896234F789E47E1E57922703333C93B3B2146C82A4F2F
:20564900460333335950D51A4F131A4721A7C66EAF6729111CCC192A666F094D44E1E57912
:2056690022702146C82A4F4603030333335950D51A4F131A4721A8C66EAF6729111CCC1989
:205689002A666F79954F789C47E1E57922703333C9E8FA1E01218955CDFB3DFA46C8F80045
:2056A90077FA47C8F80177D1D5212F00194D440AC6405F21201D1600194ED1D5212D0019FA
:2056C9005D541A5F79CDEE0DCB28CB19CB28CB19CB28CB19CB28CB19CB28CB19CB28CB194C
:2056E900CB28CB197987CB10214DC82270219FC64E0600696029092929092929E57DF80447
:2057090077E17CF80377FAA6C6B7CA9C5701B1C0F8022A666F09010500094EFA51C8F80480
:2057290077FA52C8F80577D1D5211E00195D5479B7284B214FC86EFA50C867793D280B798E
:20574900FE022826D603281118491A4F0600094D7C214FC8712377183A1A4F06007D914FDD
:205769007C98214FC871237718291A4F0600F8042A666F094D7C2151C871237718151A4F71
:205789000600F8042A5F567B915F7A984B2151C8712377D1D56B6223E57DF80677E17CF850
:2057A900057711B1C0F8022A666F19232A4F4679214DC886234F788E47D1D5212500195D98
:2057C900541A6F079F67094D4479214FC886234F788E47F8042A666F792270FA46C8F8023E
:2057E90077FA47C8F803322A5F5621030019E57DF80677E17CF80577219FC64E060069608C
:205809002909292909292901B1C0092323232A4F4679214BC886234F788E47F8022A5F5632
:20582900212600195D541A6F079F67094D44792151C896234F789E47F8042A666F71237007
:20584900E806C9E8FA2146C82A5F56212700197EF80377FAA0C6F80022079F77210700196F
:205869004D44F8037EB7CAF25821050019E57DF80677E17CF805322B7E3D2810F8037ED63B
:2058890002283DF8037ED603281D186DF8042A5F561A4F131A47D1D579935F789A4B473AD5
:2058A9006E677922701852F8042A5F561A4F131A47E1E5094D44F8042A666F792270183926
:2058C90059501AF80422131A323A2B77F8053A2B322A5F56E1E57B955F7A9CF80532732A19
:2058E9005F567B02037A02181069602A665F54E1E5195D547B02037A02E806C9E8F7FA4658
:20590900C8F80177FA47C8F802322A5F56212500194D440AF80877F8012A5F566B6223E514
:205929007DF80577E17CF80477F8087EB7CADD5BFAA9C6D6052006CD691EC3735EF8012AF1
:205949005F56212700194D440AF80577F8087E3D3E012801AFF80622237ED6023E01280146
:20596900AFF807227ED6033E012801AFF80877F8057EB7CABC5AF8057E3D2810F8057ED616
:2059890002CABC5AF8057ED603C2735EF8067EB7200F237EB7C2255A237EB7C2625AC3732E
:2059A9005E11B2C01AF80722131A7711AAC61AF80122131A322A5F56F8072A666F7B955FBD
:2059C9007A9CF806327B222B2A4F4669602909E57DF80777E17CF806327EF80177F8067E27
:2059E900F80277CB2E2BCB1E23CB2E2BCB1EF8073A2B77F8083A2B77F8012A5F56F8052A3A
:205A0900666F19E57DF80977E17CF80877F8032A5F56F8072A12137E12C3735E11AAC61AFA
:205A2900F80122131A7711B2C01AF80522131A77F8012A5F56F8052A666F19E57DF8097777
:205A4900E17CF80877CB2E2BCB1EF8032A5F56F8072A12137E12C3735E11B2C01AF8012258
:205A6900131A7711AAC61AF80522131A322A5F56F8012A666F7B955F7A9CF80832733A2BFA
:205A890077F8083A2B77CB2E2BCB1E23CB2E2BCB1E2A5F56F8012A666F19E57DF80977E1C2
:205AA9007CF80877F8032A5F56F8072A12137E12C3735EF8012A5F5621030019E57DF80629
:205AC90077E17CF805227EB7200F237EB7C2575B237EB7C28E5BC3735E11B4C01AF8072243
:205AE900131A7711ACC61AF80022131A77D1D5F8072A666F7B955F7A9CF803327B222B2A56
:205B09004F4669602909E57DF80477E17CF803323A2B77F8033A2B77CB2E2BCB1E23CB2EB1
:205B29002BCB1EF8077EF80277F8087EF803322A5F56E1E519E57DF80977E17CF80877F84B
:205B4900042A5F2A23572A12137E12C3735E11ACC61AF80022131A2211B4C01A22131A3272
:205B69002A5F56E1E519E57DF80977E17CF80877CB2E2BCB1E2B2B2B2A5F2A23572A1213A6
:205B89007E12C3735E11B4C01AF80022131A7711ACC61AF80722131A322A5F56E1E519E5BB
:205BA9007DF80477E17CF803322A5F56E1E519E57DF80977E17CF80877CB2E2BCB1E23CBFB
:205BC9002E2BCB1E2B2B2B2A5F2A23572A12137E12C3735EF8032A5F561AF80722131A32E5
:205BE90011AAC62A12137E12FA46C8F80577FA47C8F806322A5F5621030019E57DF8097791
:205C0900E17CF808322A5F3A571A22131A3211ACC62A12137E12FA46C8F80377FA47C8F85A
:205C290004322A5F566B6223E57DF80777E17CF806322B2B2A5F5621050019E57DF80977A3
:205C4900E17CF80877FAA9C6B7281BFAA9C63D286EFAA9C6FE02CA205DFE03CA5B5DD605BA
:205C6900CA145EC3735EF8052A5F2A571A4F131A472A5F561A6F131A67094D44F8052A6644
:205C89006F7922702146C82A4F4621030009E57DF80777E17CF806322A5F2A571A22131A8E
:205CA90077210700092A4F46F8072A5F567B915F7A98474BF8052A666F792270C3735EF8F4
:205CC900052A5F2A571A4F131A472A5F561A6F131A6779954F789C47F8052A666F79227014
:205CE9002146C82A4F4621030009E57DF80777E17CF806322A5F2A571A22131A7721070009
:205D0900092A4F46F8072A666F094D44F8052A666F792270C3735E21B2C02A4F46F8072A04
:205D29005F561A6F131A67094D4421B2C079227021B4C02A4F462146C82A5F5621070019AD
:205D49002A666F79954F789C4721B4C0792270C3735EF8052A5F2A571A4F131A472A5F568C
:205D69001A6F131A6779954F789C47F8052A666F7922702146C82A4F4621030009E57DF8C9
:205D89000777E17CF806322A5F2A571A22131A77210700092A4F46F8072A666F094D44F885
:205DA900052A666F792270219FC64E060069602909292909292901B1C009234D44F80779A2
:205DC90022702146C86EFA47C867232A4F46F8072A666F792270219FC64E0600696029095B
:205DE900292909292901B1C0092323234D44F8077922702146C86EFA47C8672323232A4F7F
:205E090046F8072A666F792270185F21B2C02A4F46CB28CB19CB28CB19CB28CB19CB28CB1E
:205E290019CB28CB19CB28CB19CB28CB19AFCB1841CB181F21B2C0227021B4C02A4F46CBA2
:205E490028CB19CB28CB19CB28CB19CB28CB19CB28CB19CB28CB19CB28CB19AFCB1841CB85
:205E6900181F21B4C02270CD691EE809C921A9C67ED601D03601C9E8F1FA46C8F80077FAAE
:205E890047C8F80177D1D5210500192A4F46214FC87E81227E8877D1D5210700192A4F465A
:205EA900214FC87E81227E8877219FC64E060069602909292909292901B1C009E57DF80F9D
:205EC90077E17CF80E322A5F56210500194D440AF80277F80D2A5F5621030019E57DF80503
:205EE90077E17CF80477D1D5212F0019E57DF80777E17CF80677D1D521030019E57DF80953
:205F090077E17CF80877D1D521260019E57DF80B77E17CF80A77F8027EB7CA0D61F80D2ADF
:205F29004F4603D1D56B6223E57DF80D77E17CF80C77D1D521250019E57DF80F77E17CF83A
:205F49000E77F8027E3D2813F8027ED602CA7E60F8027ED603CAEE5FC3BC6169602A4F46FB
:205F6900F8052A5F561A26006F2929094D44F80D2A5F561A6F079F672929094D4479214F52
:205F8900C886234F788E47F80B2A666F792270FA46C8F80B77FA47C8F80C322A5F5621031A
:205FA9000019E57DF80F77E17CF80E77219FC64E060069602909292909292901B1C00923E5
:205FC90023232A4F46F80B2A5F56212600195D541A6F079F672929094D44F80D2A666F79C1
:205FE9002270C3BC6169602A4F46F80D2A5F561A6F079F67292979954F789C47F8052A5F94
:20600900561A26006F292979954F789C4779214FC896234F789E47F80B2A666F792270FA4B
:2060290046C8F80B77FA47C8F80C322A5F5621030019E57DF80F77E17CF80E77219FC64EE6
:20604900060069602909292909292901B1C0092323232A4F46F80B2A5F56212600195D54F3
:206069001A6F079F672929094D44F80D2A666F792270C3BC61F8032A5F561A4F131A47F8F7
:20608900092A5F561A6F079F672929094D44F8052A5F561A26006F292979954F789C47797F
:2060A900214FC896234F789E47F8072A666F792270FA46C8F80B77FA47C8F80C322A5F5691
:2060C9006B6223E57DF80F77E17CF80E77219FC64E060069602909292909292901B1C00910
:2060E900232A4F46F80B2A5F56212500195D541A6F079F672929094D44F80D2A666F7922A2
:2061090070C3BC61F8032A5F561AF80D22131A77F8092A5F2A23571A773A22079F773E02EF
:20612900F80BCB2623CB163D20F6232A5F56F80B2A666F7B955F7A9CF80A3273F8052A5F55
:20614900561A6F260029294D44F8092A666F094D4479214FC886234F788E47F8072A666FC0
:20616900792270FA46C8F80B77FA47C8F80C322A5F566B6223E57DF80F77E17CF80E7721A0
:206189009FC64E060069602909292909292901B1C009232A4F46F80B2A5F56212500195D9A
:2061A900541A6F079F672929094D44F80D2A666F792270E80FC92146C82A4F4621280009F1
:2061C9007EFE022815FE032819FE04281DFE052821FE062825D6072829C91E01214C58C337
:2061E900FB3D1E0121E355C3FB3D1E01219A56C3FB3D1E01210559C3FB3D1E0121805EC346
:20620900FB3D1E01214256C3FB3DE8F4FA46C8F80877FA47C8F809322A5F56212B00194D42
:20622900440AF80777B7CA1466232A5F56212800194D440AD6052007FAA9C6B7C21466F841
:20624900082A4F2A470359501A22131A77CB2E2BCB1E23CB2E2BCB1E23CB2E2BCB1E23CB5C
:206269002E2BCB1E23CB2E2BCB1E23CB2E2BCB1E23CB2E2BCB1E2A5F566B6223E57DF80416
:2062890077E17CF80377F8082A4F2A4703030359501A22131A77CB2E2BCB1E23CB2E2BCB14
:2062A9001E23CB2E2BCB1E23CB2E2BCB1E23CB2E2BCB1E23CB2E2BCB1E23CB2E2BCB1E7E49
:2062C900F804322B7EF80577FA75C5F80677FA78C5F80822AF322B7E3D2077F8042A5F7E07
:2062E900F80B772178C596302C7B2179C59630251600F8084E0600CDF60D792176C586234E
:206309004F788E47F80B6E2600095D54F8067ECDF8157918023E0FE60FCA1466FA46C8F818
:206329000877FA47C8F809322A5F5621280019E57DF80C77E17CF80B322A5F561AD60520F5
:206349000B1E0121765ECDFB3DC31466CD691EC31466F80A7EF807773CF80A77F8057EF824
:206369000B772178C5963054F80A7E2179C596304BF80A3A2B5F16004E0600CDF60DE159F0
:2063890050D52176C52A666F19E57DF80A77E17CF809322A5F2A23576E260019E57DF80CB0
:2063A90077E17CF80B77F8067EF80A5E2356CDF815F80A792270F80A2A771804F80B360F43
:2063C900E5F80DCB46E12840FA46C8F80077FA47C8F80177D1D521070019E57DF80A77E1DD
:2063E9007CF80977D1D5212A0019E57DF80C77E17CF80B322A5F561A773A22AF322B2B2AFA
:206409005F2A577E1213AF12FA46C8F80877FA47C8F809322A5F56212B0019E57DF80C7753
:20642900E17CF80B322A5F561A77D603CA1466F8077E3DF80B77F8057EF80A772178C59618
:206449003037F80B7E2179C596302EFA75C5F809772178C54E0600F80B5E1600CDF60D79DA
:206469002176C586234F788E47F80A6E2600095D54F8097ECDF81518020E0FCB492851FA0B
:2064890046C8F80877FA47C8F809322A5F5621070019E57DF80877E17CF807222A5F5621BB
:2064A9002A0019E57DF80C77E17CF80B322A5F561A77F80822110000733A6E677B955F7A13
:2064C9009CF80B32732A4F46F8062A666F792270F8047EF80A77F8027EF80B773CF8057713
:2064E9002178C5963043F80A7E2179C596303AFA75C5F80677FA78C5F80722AF22233A22FC
:206509003600F8072A234F06005E1600CDF60D792176C586234F788E47F8056E2600095D46
:2065290054F8067ECDF81518020E0FCB592851FA46C8F80777FA47C8F808322A5F56210516
:206549000019E57DF80777E17CF806222A5F56212A0019E57DF80B77E17CF80A322A5F5635
:206569001A77F80722110000733A6E677B955F7A9CF80A32732A4F46F8052A666F792270DB
:20658900F80B357E2178C5963037F8047E2179C596302EFA75C5F80A772178C54E0600F8BD
:2065A900045E1600CDF60D792176C586234F788E47F80B6E2600095D54F80A7ECDF81518AD
:2065C900020E0FCB512844FA46C8F80677FA47C8F807322A5F5621050019E57DF80A77E17A
:2065E9007CF809322B2B2A5F56212A0019E57DF80C77E17CF80B322A5F561A773A22AF322E
:206609002B2B2A5F2A577E1213AF12E80CC9AF2143C82277AF2141C8227701AEC679D6CE78
:2066290078DEC7D0212300095D542143C82A12133A12792270213000094D4418E0E8EDFAE2
:2066490043C8F80377FA44C8F804773AB6CAC36BF8194E060069602929092909290901CE97
:20666900C7094D44F8032A5F56210C0019E57DF80F77E17CF80E322A5F56211700E5CD6EE4
:2066890010F8032A5F5621280019E57DF80777E17CF806322A5F56FA97C612F8032A5F561E
:2066A900212700194D4436023EE0F81C96381F7ED6A038053E030218153E60F81C9630046B
:2066C900AF02180AF81C7ED62038033E0102F8032A5F56F81D7EE601F81277E6016F1AE6AF
:2066E900FEB512F8032A5F56F81D7E0FE601F8127707E6026F1AE6FDB512F8032A5F5621CB
:20670900090019E57DF81377E17CF81277F80D7EF80777F80E7EF80877F80D2A5F5621098A
:206729000019E57DF81177E17CF810770A875F16003A6E67195D541AF811F52A666FF1771B
:20674900F8032A5F56210A0019E57DF81377E17CF812770A875F1600F80F2A666F195D547A
:206769001AF811F52A666FF177F8032A5F56210B00195D540A87D55F1600F8112A666F19C5
:2067890023D14D440A3C12F80D2A5F56211300192A4F7EF80F712377F8032A4F4603F81A0A
:2067A9007EF81177F81B7EF812322A5F561AF80D22131A3259502A12137E12F809792278EA
:2067C900220303792270F8112A666F23232A4F46F80B2A666F79227011201DF81C6E26006D
:2067E900194D440AF80277F81C7EC6405F21201D1600197EF80D77F8024E79079F47696076
:2068090029092909290929092909290929094D443333C5F801CB2E2BCB1E23CB2E2BCB1E1F
:2068290023CB2E2BCB1E23CB2E2BCB1E23CB2E2BCB1E23CB2E2BCB1E23CB2E2BCB1EF80D5A
:206849004E79079F47696029092909290929092909290929094D44F811792270CB2E2BCBC0
:206869001E23CB2E2BCB1E23CB2E2BCB1E23CB2E2BCB1E23CB2E2BCB1E23CB2E2BCB1E23DE
:20688900CB2E2BCB1EF80F3EFF96233E009E3048F8092A5F561A4F131A47E1E5094D44F87C
:2068A900092A666F792270F80B2A5F561A4F131A47F8112A5F5679935F789A4B47F80B2AD9
:2068C900666F792270F80F2A5F5621FF007B955F7A9CF810327318ADAFF80FB6CAA169F89A
:2068E900092A5F561AF81122131A77F80F3A775EF8027ECDE50DF80F792270F810CB2E2B33
:20690900CB1E23CB2E2BCB1E23CB2E2BCB1E23CB2E2BCB1E23CB2E2BCB1E23CB2E2BCB1E95
:2069290023CB2E2BCB1EF8112A5F56F80F2A666F194D44F8092A666F792270F80B2A5F5699
:206949001AF81122131A77F80E3A5F7ECDE50DF80F792270F810CB2E2BCB1E23CB2E2BCB30
:206969001E23CB2E2BCB1E23CB2E2BCB1E23CB2E2BCB1E23CB2E2BCB1E23CB2E2BCB1EF808
:20698900112A5F56F80F2A666F7B955F7A9C4B47F80B2A666F792270F8032A5F56212D00AC
:2069A900194D44FAA2C602F8032A5F56212E00194D44FAA3C602F8032A5F56212F00194DF8
:2069C90044FAA4C602F8032A5F56212900194D44FA9EC602F8032A5F56212A00194D44FA0D
:2069E9009DC602F8032A5F56212B00194D44FA9CC602F8032A5F56212500194D44FAA0C6D1
:206A090002F8032A5F5621260019E57DF81377E17CF812322A5F56FAA1C612F8032A5F5688
:206A2900212C00194D44FAA5C602AF214FC82277AF2151C82277F8072A5F56211200194D76
:206A4900440AF80B77F81C7EF80C77F8032A5F5621050019E57DF80F77E17CF80E322A4F51
:206A69003A2B4711201D6E2600195D541A57C5F80D5E7ACDE50D5950C1CB2ACB1BCB2ACBDE
:206A89001BCB2ACB1BCB2ACB1BCB2ACB1BCB2ACB1BCB2ACB1B69607B22720303F80F79220B
:206AA90070F80C3AC640C6204F3E00CE1D470A5ECDE50DCB28CB19CB28CB19CB28CB19CBFD
:206AC90028CB19CB28CB19CB28CB19CB28CB19F80F2A666F792270F8052A5F561AF81032DB
:206AE9002B2B2A5F5621020019E57DF80D77E17CF80C77F8107E3D2810F8107ED605281DC5
:206B0900F8107ED606281D187AF8112A5F561A4F079F47F80B2A666F792270186621A9C6DA
:206B29003600185FF80D2A23322A23322B2B2A5F561AF81122131A322ACB7E281111000006
:206B49003A6E677B955F7A9CF80E3273180CF8117EF80D77F8127EF80E77F80F2A5F56F8E3
:206B69000D2A12133A2B2B122A5F561A4F131A4760CB7C2806AF914F9F9047F80B2A666F76
:206B89007922702144C83AB628112A4F46212300095D541A2143C822131A77F8032A5F56E8
:206BA900212300194D442141C82A02037E02F8037EEA41C8F8047EEA42C8E813C9F8062A3F
:206BC9004F46210800092A4F4621FCFF0979C6FE4F78CEFF477EEA53C859501A2154C82244
:046BE900131A77C93B
:16022E00F040CB772808180AF040CB5F2004110098C911009CC990
:020000040004F6
:20407700F8093AB7C8573A5F3A6E67C515281C444D3E20856F8C9567E5D5F041E60220FAFA
:1D4097002A02031D20F4D1E11520E4E5F80E56E1F041E60220FA7A221D20F5C1C934
:020000040000FA
:20243100F0904F2169C87ED60730034618020607FAA0C8B72832FA72C5E090EA00203E0112
:20245100E04FC5FA78C5F5332173C52A5F56D53E01F533C533FA68C867FA67C86FE5CD1DB4
:2024710026E807C13E00E04FFA6FC5E090EA0020C5FA78C5F5332170C52A5F56D53E01F5FE
:2024910033C533FA68C867FA67C86FE5CD1D26E807C12167C87E80772169C87E907779E03D
:2024B1009021002071C947F0904FFAA0C8B7282F3E01E04FFA72C5E090EA0020C5D5FA7855
:2024D100C5F5332173C56EFA74C567E53E01F5331617D5C533CD1D26E807D1C1AFE04FFAEE
:2024F1006FC5E090EA00203E172178C5963004161718042178C556C5FA78C5F5332170C529
:202511006EFA71C567E53E01F533D5C533CD1D26E807C179E09021002071C94753F0904FFF
:20253100FAA0C8B7282FFA72C5E090EA00203E01E04FC5D5FA78C5F5332173C56EFA74C50E
:2025510067E5F809662E01E558D5CD1D26E807D1C13E00E04FFA6FC5E090EA0020C5FA7899
:20257100C5F5332170C56EFA71C567E5F807662E01E558D5CD1D26E807C179E0902100208D
:2025910071E133E9F0904F2166C87ED60730034618020607FA6FC5E090EA0020FAA0C8B7E2
:2025B100282FFA72C5E090EA00203E01E04FC5FA78C5F5332173C52A5F56D50E01C5FA6536
:2025D100C867FA64C86FE5CD1D26E807C13E00E04FFA6FC5E090EA0020C5FA78C5F5332127
:2025F10070C52A5F56D50E01C5FA65C867FA64C86FE5CD1D26E807C12165C87E80772166FB
:0C261100C87E907779E09021002071C90C
:206BED00AF215AC82277AF215CC82277AF215EC82277AF2160C822772162C836002163C883
:206C0D0036001E0121176CC3FB3D2169C836002166C836002156C83EFF22367F2158C83E94
:206C2D00FF22367F214EDB3600C93B3B2114C52A4F46CB28CB19CB28CB19CB28CB19CB2881
:206C4D00CB1979C6B04F78CEFF472116C52A5F56CB2ACB1BCB2ACB1BCB2ACB1BCB2ACB1B32
:206C6D007BC6B85F7ACEFF57CB78280501000018183333C5D5115EC8F8021A1396231A9EA1
:206C8D00D13006215EC82A4F46CB7A280511000018183333D5D51160C8F8021A1396231AE4
:206CAD009ED130062160C82A5F56FA56C8EA6EC8FA57C8216FC877CB2E2BCB1E23CB2E2B86
:206CCD00CB1E23CB2E2BCB1EFA58C8EA6AC8FA59C8216BC877CB2E2BCB1E23CB2E2BCB1E35
:206CED0023CB2E2BCB1E2170C8792270CB2E2BCB1E23CB2E2BCB1E23CB2E2BCB1E216CC831
:206D0D007B2272CB2E2BCB1E23CB2E2BCB1E23CB2E2BCB1E2156C87922702158C87B227250
:206D2D00FA62C8F80022079F77E1E5097DEA5AC87CEA5BC8FA63C84F079F477983215CC868
:206D4D0022788A771183C6CD6E6DB720111189C6CD6E6DB72008118FC63333C36E6D3333EA
:206D6D00C9E8F1F80D7B227A322A4F46030AF80A77F80D2A5F5621050019E57DF80D77E1EF
:206D8D007CF80C222A5F56210300193333E5F80A7EB7CADD6EF80D2A4F4603030A4FD67F19
:206DAD002007AFF80522771830CB792817AF9147215AC82A4E04180387CB110520FAF805AF
:206DCD0022711815215AC82A475E0C1804CB2BCB180D20F9F805782273F8054EF80B2A66C5
:206DED006F71F8052A4F2A47CB38CB19CB38CB19CB38CB19712170C82A4F460BF8072A77D6
:206E0D00F80D2A5F5621040019E57DF80B77E17CF80A77216EC87E91201E237E902019F88B
:206E2D00082AC6154F2A5F561A47D1D51A6FC55D3379CD2C25C3D96E2170C82A5F566B627F
:206E4D0023E57DF80D77E17CF80C77FA6EC8F80B96204EFA6FC8F80C962046F8077EF80B64
:206E6D0022AF322A5F562101007B955F7A9CF807327B22CB7E2807AFF80B2277180CF808C7
:206E8D007E3DF80C773A22079F77F80B3A2B4F2A5F561A47D1D51A6FC55D3379CD2C25180C
:206EAD002BFA6EC82170C8962009FA6FC82171C8962819F8092A5F561A47D1D51AC533F502
:206ECD0033010000F8072A5F56CD1772AFC30472215AC84EF80B2A666F712170C82A5F5619
:206EED002101007B955F7A9CF80B3273FA70C8F80C77216CC82A5F562101007B955F7A9CAE
:206F0D00F8033273FA6CC83DF804322A2307E601322A2322079F77FA6EC8F80A96C2D06F69
:206F2D00FA6FC8F80B96C2D06FF80C7EC615F80822D1D51A772A23223600F80B5D54F80270
:206F4D001A1396231A9E1A57CB7E2807CB7A2008BF1805CB7A2801373E0017F80A77B72802
:206F6D000CF8027EF80B77F8037EF80C77F80CCB7E28062BAF2277181BF80A7EB72808F892
:206F8D00047EF80C771806F8097EF80C77F80C3A22079F77F80B4EF8057EB7280511000091
:206FAD001804F8062A5F43C559F80A7ECDCF72C1C533F8097EF5331E01211244CDFB3DE156
:206FCD00C3D3702170C82A4F4603216EC87E91C29970237E90C29970F80BCB7E28040E00D0
:206FED001806F80C7E3D4F07F8087922D1D51A772A23223600F80B5D54F8021A1396231A2C
:20700D009E1A57CB7E2807CB7A2008BF1805CB7A2801373E0017F80A77B7280CF8027EF8C5
:20702D000B77F8037EF80C77F80CCB7E28062BAF2277181BF80A7EB72808F8047EF80C7750
:20704D001806F8097EF80C77F80C3A22079F77F80B2A77F8057EB72807AFF80A2277180C1B
:20706D00F8067EF80A77F8077EF80B77F80A2A225EF8087ECDCF72F80B7EF533F8097EF5C2
:20708D00331E01211244CDFB3DE1183AFA6EC82170C8962009FA6FC82171C8962828218385
:2070AD00C57E3D2005D1D51A18023EFF2615E533F533215CC82A4F46215AC82A5F56CD1782
:2070CD00723E01C30472216CC82A5F562101007B955F7A9CF80832732170C82A4F3A470BDB
:2070ED005EFA6CC8F809777B3DF80C322B7807E60122233A22079F77FA6AC8F8079620372A
:20710D00FA6BC8F80896202FF80A7EB7280423AF2277F80B2A77F8092A23C613772A5F7E39
:20712D00CDAD72F80B2AF5337EF5331E01211B43CDFB3DE1C3EA71216CC82A4F4603216A17
:20714D00C87E91205F237E90205AF80A7EB7280423AF2277F80B2A32D1D51A77F805223668
:20716D0000F8075D54F8051A1396231A9E1A57CB7E2807CB7A2008BF1805CB7A28013738A8
:20718D0006F8092A233D77F80B2A47C5587ECDAD72C1C533F80D7EF5331E01211B43CDFB15
:2071AD003DE11839FA6AC8216CC8962009FA6BC8216DC89628272183C57E3D2005D1D51AA2
:2071CD0018023EFF2615E533F533215CC82A4F46215AC82A5F56CD17723E01181AFA4EDBC0
:2071ED000F3812FA66C8B72803CD9525FA69C8B72803CD31243E01E80FC91E0121176CCDDA
:20720D00FB3D1E0121376CC3FB3DE8FCF8027922702169C836002166C836003333D5F80121
:20722D00CB2E2BCB1E23CB2E2BCB1E23CB2E2BCB1EC1C50BCB7828040E001806F8007E3DF5
:20724D004F07F80179222A4F46CB28CB19CB28CB19CB28CB19F8067E5F079F576B6209CB7A
:20726D007C28040E00180679F806864F07410E00F8077E912825FA79C590281FC558F80309
:20728D007ECDB724C1C5C533F8047EF5331E01211B43CDFB3DE1C10C0418D5E804E1F1E9B2
:2072AD0057FA69C8B72807D5CD3124D118F37B2179C596D02167C8722168C8732169C83638
:2072CD0017C9474BFA66C8B72807C5CD9525C118F32164C8702165C871FA79C506005916E0
:2072ED0000936F789A475816003E15BD3E0098CB7B2807CB7A2008BF1805CB7A280137303F
:0D730D00043E151804FA79C591EA66C8C956
:013E3C000085
:20261D00F8022A474EF8087EF80496EA72C88616005F79210000CB3F300119CB23CB12B745
:20263D0020F478856F8C9567545DF8062A666F19444DF8022AE61F577EE61F5FF8053A661E
:20265D006F1836F8022A4F2A47F090F52AE090EA00202A232396EA72C82B2B2AE61F572A73
:20267D00E61F5F2A6E67CD8D26F1E090EA0020C9E5F040CB772809180CE5F040CB5F200516
:20269D00210098180321009CC5CB33CB037BE60384473EE0A3824FE1D1D5C5FA5DDB865FD7
:2026BD00F041E60220FA7B022379E6E05F793CE61FB34F1520E5FA72C8856F8C9567C1D174
:1426DD001DC8D578E6FC5F3E20814F8891E603B347C518C7A8
:2026F1002174C82A5FB6C8562176C8AFB6280235C9626BF0905FFA73C83CC83DE090EA00A7
:2027110020160F7ECB37A2EA76C82AA257CAB9272A47E607FE053862FE072858F0254FE682
:20273100BBE025AFEA1AFF2AE0302AE0312AE0322AE0332AE0342AE0352AE0362AE0372A00
:20275100E0382AE0392AE03A2AE03B2AE03C2AE03D2AE03E2AE03F78FE0620133E80E01AFF
:202771003EFEE01B3E20E01CAFE01D3EC7E01E79E025183021000055182F4F878781C610D1
:202791004FCB2030022AE20CCB2030022AE20CCB2030022AE20CCB2030022AE20CCB2030EA
:1927B100022AE20C15C22127147DEA74C87CEA75C87BE090EA00207AC944
:020000040003F7
:20800000E8EAF8004D445950211400E56CE5D5CD6C3DE8063EB902F8013601C5CD970FE176
:208020003EE4E0493EE4E0483EE4E047AFE042AFE043F040F81477F040E6FDE040F040E6C3
:20804000DFE040F040F601E040F040F680E0401100007AD60E282721000039AFFE1428060D
:2080600073231C3C18F6D521020039E5211401E5D533AFF533CD153EE806D11418D459506C
:20808000211400E56CE5D5CD6C3DE806F81EAF96233E209E30051100001819F81E2A5F5656
:2080A000CB3ACB1BCB3ACB1BCB3ACB1BCB3ACB1BCB3ACB1BF815737EB728053E809630665D
:2080C000C5F8227EF533F81F2A5F56D5AF0FF5CD6615E805C13E9902F8013600C5CD970F67
:2080E000E1F8157EB728047EC68077F81C2A5F5621001019E57DF81E77E17CF81D77F815D4
:208100007E87C5F82266E533F81F5E2356D5672E00E5CD6615E805C13E9902F8013601C5FC
:20812000CD970FE11826F8157E87C5F82266E533F81F5E2356D5672E00E5CD6615E805C10B
:208140003E9902F8013600C5CD970FE1F8232A5F2A57CB3ACB1BCB3ACB1BCB3ACB1BCB3A13
:20816000CB1B7BC566E533F8245E2356D5672E00E5CD6615E805C1F8282A5F2A57CB3ACB29
:208180001BCB3ACB1BCB3ACB1BCB3ACB1B7BC566E533F8295E2356D5672E80E5CD6615E84E
:2081A00005C13EA102F8013600C5CD970FE1F8147EE0405950211000E56CE5D5CD6C3DE8E3
:2081C00006C5AF3CF5CDF83BE804AF672E12E53E14F533AF0FF5CD193DE8053EB902F8019E
:0A81E0003600C5CD970FE1E816C97F
:020000040000FA
:2027CA002198C87EB72829352199C82A4F46F8027E022199C834200223342198C87EB7C251
:2027EA001D022199C836782336C8219BC83601C9F8027EEA98C82199C836782336C8C31DE8
:20280A0002FA3BC6D604201F2177C83600219CC836002198C836002199C836782336C8211E
:20282A003BC636001E00C9FA3CC6B72838FA9CC8B7282D213CC63600FA9CC83D2005213D7C
:20284A00C63602219DC86EFA9EC86746219DC83420022334C533CD0A0233219CC835180561
:08286A00219FC836011E01C9BF
:020000040004F6
:2040B4002177C836002198C836000178C82199C8792270219BC83600219CC83600219DC8D6
:0940D400792270219FC83600C951
:020000040000FA
:200244002184051803218D05FA82C55F8783856F8C9567F090F52AE090EA00202A666FE7FD
:07026400F1E090EA0020C95F
:020000040002F8
:20C3C600219BC93600219CC93600219DC936FFC901A3C8F8065EAF6B67292929095D5421BC
:20C3E6000700197E0FD0210400194D44210500192A666F0A47110100D53E01F533110000FD
:20C40600D5E5C5331E0421FC4CCDFB3DE808C9F8087EB720142B2B7E219BC996200BF80799
:20C426007E219CC9962002AFC9F8073A577E5FD51E0B21C846CDFB3DE147F8067EEA9BC931
:20C44600F8077EEA9CC9783C280EC5331E0B21D643CDFB3D333E01C9AFC9E8F6F8127EF8AF
:20C466000877F8137EF809322A5F561A4F131A475950CB2ACB1BCB2ACB1BCB2ACB1BCB2A90
:20C48600CB1BF8102A4F460A6F079F6719CB2CCB1DCB2CCB1DCB2CCB1DE57DF80277E16990
:20C4A60060237E6F079F67195D54CB2ACB1BCB2ACB1BCB2ACB1BF80173F8082A666F2323ED
:20C4C6002A665F54CB2ACB1BCB2ACB1BCB2ACB1BCB2ACB1B696023237E6F079F6719CB2C8E
:20C4E600CB1DCB2CCB1DCB2CCB1DE57DF80477E10303030A6F079F67194D44CB28CB19CBFF
:20C5060028CB19CB28CB19F803792236000E00FA5EDB9128676926002929295D5421A3C8BE
:20C5260019E57DF80777E17CF806322A5F2A571A47322B2A5F2A2357131A5F73F8052A66F6
:20C546006F23237E803DF80977F8052A666F2323237E834705F8097EF800963819237EF8C4
:20C566000796381278F80296380C237EF808963805F8047E18080CF8047118933EFFE80A21
:20C58600C9E8FCF80C5E2356D5F80C5E2356D51E0B216044CDFB3DE804F800770E00FA9D95
:20C5A600C9F800963E012801AFF80177F80E7EB7200AF8017EB72804AFC3C546F8007E3CA9
:20C5C6003E012801AF5FF8002A2347AFCB208FCB208FCB208F702377FA9DC93CCA7B467B8A
:20C5E600B72007F801CB46C27B46CB43203D11A3C8F8022A666F195D54210700197E0F3022
:20C606002A210400194D44210500192A6E5F550A010100C52601E533010000C5D5F5331E9F
:20C626000421FC4CCDFB3DE8080E0111A3C8219DC96EAF67292929195D5421070019CB4E5D
:20C64600282A210400194D44210500192A666F0A47110200D53E01F533110000D5E5C53312
:20C666001E0421FC4CCDFB3DE8080E01F8007EEA9DC979184AF8007EEA9DC9CB43203F1140
:20C68600A3C8F8022A666F195D54210700197E0F302C210400194D44210500192A666F0A25
:20C6A60047110100D53E01F533110000D5E5C5331E0421FC4CCDFB3DE8083E011801AFE8AD
:20C6C60004C9E8F8F80036000E00FA5EDB91CA544769AF672929297DC6A35F7CCEC8571A80
:20C6E600476B62237EF801776B6223237E803DF802321313131A8623233D77F80E5E160048
:20C7060013F8047B227A2278223600F8045D54F8061A1396231A9E1A57CB7E2807CB7A2064
:20C7260008BF1805CB7A280137381CF8027EF80E963814237EF80196380D23237EF80F96E0
:13C746003805F8007E18090CF80071C3D0463EFFE808C9C8
:020000040000FA
:013E3D000084
:20731A0021E0DF11F0DF1A22131A22131A22131A22131A22131A22131A22131A22131A22DF
:20733A00131A22131A22131A22131A22131A22131A22131A2213FAABC9222222222222229B
:20735A00222222222222222222C9F8022AB711FFFFC85F7ACB3F1D20FB5E1C1804371FCB94
:20737A001A1D20F95FC9F8022AB711FFFFC85F7ACB271D20FB5E1C18043717CB121D20F9CF
:02739A005FC9C9
:20026B0000000103070F1F3FF806F090F53AE090EA00203A573A5F3A6E673E08F51A4FFAFD
:20028B00B8CAA94F131A47FAB8CAA84713FAB7CACB272834381ACB3FCB3F3004CB39CB387D
:2002AB00B72825CB39CB38CB39CB383D20F51818CB3FCB3F3004CB21CB20B7280BCB21CBDF
:2002CB0020CB21CB203D20F5FAB6CAA677FAB6CA2FA1B622FAB6CAA677FAB6CA2FA0B62259
:2002EB00F13D2098F1E090EA0020C9F8053A4F3A5F3A6E6779B72824F041E60220FA732366
:1D030B000D28191C4105280CF041E60220FA73230D0520F41CF041E60220FA73C977
:202872000E00FAA0C921A1C99628363E6B21A2C9864F3E02CE00470A214EDBA62021FAA220
:20289200C9B70E0228020E01FAA0C921A1C996300821A0C97E8177180621A0C97E91770E65
:2028B20001FA9EC9219FC99628363E6B21A2C9864F3E02CE00470A214EDBA62021FAA2C928
:2028D200B70E0228020E01FA9EC9219FC9963008219EC97E81771806219EC97E91770E01F5
:2028F20079B7C0FAA3C9B7C0FAA9C9B72818FA39C606002F4F782FFA38C6A1E63028072173
:20291200AAC936011808FA4EDB21A4C9A6C01E01217178CDFB3D4FFAAAC9B72006FAA8C992
:20293200B72006FAA3C9B728E579B7C8FACCCA3CC821CBCA4E21CDCA2A5F5621CCCA463E1C
:2029520004212DC696D82173C836FF212DC63604FA24C66F0F3007AFE0123EC0E014CB4DBC
:202972002807AFE0173EC0E019CB552803AFE01CCB5D2807AFE0213EC0E0233EFFE0252118
:1829920024C6712173C836FF2176C836002174C87B22722173C870C9AB
:20739C0021B9CA360021C3CA3600016E050AEAC2CA216F052A4F46FAC2CAF533110800D52F
:2073BC0011BACACD121621A5C9360021A6C9360021A7C9360021A9C9360121ABC93600AF91
:2073DC0021ABCA227721B5CA360021B1CA36CC21B2CA360021B3CA36CC21B4CA360021A1E4
:2073FC00C9369021A0C93690219FC93600219EC9360021A2C9360121A3C9360121A8C936C6
:20741C000121A4C93600CD2E0221C4CA7B2272212100194D7C21AFCA71237721ADCA7123DB
:20743C0077CD2E0221C6CA7B227221C8CA361421C9CA360821CACA36C921CCCA36FF1E014E
:20745C00216D74CDFB3D21CFCA368021D0CA3607C90610C533111D67D53E09BFF5CD66151D
:20747C00E8050611C53311D742D521CB01E5CD6615E80501E0DF5950211000E56CE5D5CD7C
:20749C006C3DE806C521C901E5CDF83BE8045950211000E52EFFE5D5CD6C3DE806C521CAFE
:2074BC0001E5CDF83BE804C9F8097EB7C8FAA0C8B728233E01E04FFAD0CAE60721CFCA4EBC
:2074DC00B1F533F80A3A573A5FD53A575ED5CD0A3BE805AFE04FCD2E02F8074EAF69672923
:2074FC0029292929194D44F8066E2600094D445950C5F80A7EBFF5D5CDF602E804C1F8090C
:20751C00357EC83E01F8099630255E1D7BB7281F212000094D447950C5D5F80C66E53326CF
:20753C00C3E5335FD5CDF602E804D1C11D18DD212000094D44F808662EC6E5C5CDF602E83F
:20755C0004C9FAB5CAB72831FAB2CAEAB4CAFAB1CAEAB3CA21B1CA34201FFAA0C8B728149B
:20757C0021B2CA347EE60177B73EC020023ECCEAB1CA180521B1CA36CC21B5CA360021AB9F
:20759C00C94E0600112000D5C511E0DFD5CD6C3DE806C9F8067EEAB1CAEAB3CAF8077EEA66
:2075BC00B2CAEAB4CA21B5CA360021ABC94E0600112000D5C511E0DFD5CD6C3DE806C9E887
:2075DC00F84FFABACA0F301921C2CA4621BCCA2A666F11BBCA1AA1855F3E008C5778CDF846
:2075FC0015F80279322B11C0CA1A22131A227EF8062236003E04F806CB2623CB163D20F608
:20761C002B2A5F56E1E519E57DF80577E17CF80477FABACAF80777FAC2CAF80577E52323A6
:20763C00CB4EE1CADB77E5F809CB56E12808FAABC9F807771804F8073600F8077EEAB8CAE2
:20765C0011BECA1AF80622131A322A5F56F8026E2600195D54F8057ECDF81541F8037EF89E
:20767C0006322B7EF80777FAB9CAB7205BFAB5CAEAB7CAC5FAB5CA47C5CD6473E1C121B69D
:20769C00CA73C5D5FAC2CAF533F80B2A666FE521E0DFE5CD7302E805D1C121B5CA7E814FEE
:2076BC003E08B9D24D7796F680EAB7CA21B6CA72C5FAC2CAF533F8092A5F56D511F0DFD5B2
:2076DC00CD7302E805C118693E0821B5CA965F799330047B9118047993CBFFEAB7CAC5FADA
:2076FC00B5CAF533C533CD8073E1C121B6CA73C5D5FAC2CAF533F80B2A666FE521E0DFE565
:20771C00CD7302E805D1C1FAB5CA804F3E089130203E1091EAB7CA21B6CA72C5FAC2CAF580
:20773C0033F8092A5F56D511F0DFD5CD7302E805C121B5CA7E8077FAB2CAE04F11E0DFD541
:20775C003E01F533FAB1CAF533CDF83BE804AFE04F3E0721B5CA963062CD1A7321B5CA7EBA
:20777C00C6F877FAB2CAEAB4CAFAB1CAEAB3CA21B1CA347E2020FAA0C8B7281521B2CA3449
:20779C007EE601777EB73EC020023ECCEAB1CA180521B1CA36CCFAB5CAB7281AFAB2CAE0AA
:2077BC004F11E0DFD53E01F533FAB1CAF533CDF83BE804AFE04F3E01C36E78AFC36E78FAB1
:2077DC00B5CAB72833FAB2CAEAB4CAFAB1CAEAB3CA21B1CA347E2020FAA0C8B7281521B28B
:2077FC00CA347EE601777EB73EC020023ECCEAB1CA180521B1CA36CCFAB2CAE04FF8053A38
:20781C002BF5332A5F56D53E01F533FAB1CAF533CD6615E805AFE04FFAB2CAEAB4CAFAB1A5
:20783C00CAEAB3CA21B1CA347E2020FAA0C8B7281521B2CA347EE601777EB73EC020023ED7
:20785C00CCEAB1CA180521B1CA36CC21B5CA36003E01E808C9E8FD21ACCA3AB6206C3E6BB1
:20787C0021A8C9864F3E02CE00470AEAA4C9FAC3CAEAD1CAFAABC9EAD2CAFAB9CAEAD3CACB
:20789C00FAA9C9EAD4CAFAA8C9EAD5CA21ABCA36AC2336C9FAA5C90F382DFAC4CAC621EA15
:2078BC00AFCAFAC5CACE00EAB0CAFAB9CA3D200B21AFCA7EC611227ECE0077FAAFCAEAADB5
:2078DC00CAFAB0CAEAAECACD5E7521ABCA2A4F460AF802773E0D96DA7E7C4E0600210079D9
:2078FC00090909E9C32A79C37E79C3A279C3047AC3577AC3767CC3DA7AC3557BC3727BC3C3
:20791C004C7DC38F7BC3B37BC37E7CC3CA7BAF21ABCA227721A3C93601FAC3CA21D1CA9684
:20793C00282421C3CA4E060069602909016E05097EE5EAC2CAE1234E2346F533110800D5BB
:20795C0011BACACD1216FAD2CAEAABC9FAD3CAEAB9CAFAD4CAEAA9C9FAD5CAEAA8C9AFC32F
:20797C00587D21ABCA342002233421ABCA2A4F460A3DE607EAA8C9C66B4F3E02CE00470A10
:20799C00EAA4C9C34C7D21ABCA342002233421ABCA2A4F460A3D21D1CA774E060069602990
:2079BC0009016E05094D44FABACAF802770AEAC2CA6960234E2346F533110800D511BACAD7
:2079DC00CD121621B5CA7EB7CA4C7DE5F804CB4EE1CA4C7DFABACACB4FC24C7D21ADCA34D1
:2079FC00C24C7D2334C34C7D21ABCA342002233421ABCA6EFAACCA674EAF470B7921C4CA68
:207A1C0086234F788E4721ABCA342002233421ABCA6EFAACCA676EAF672B29292929290962
:207A3C004D7C21AFCA71237721ADCA712377FAB5CAB7CA4C7DCD5E75C34C7D21ABCA342040
:207A5C0002233421ABCA6EFAACCA674E59AF5791CB7B2807CB7A2008BF1805CB7A28013735
:207A7C0030010D21ABCA342002233421ABCA6EFAACCA676E5DAF5795CB7B2807CB7A200846
:207A9C00BF1805CB7A28013730012D79079F477D079F672929292929094D447921ADCA86FD
:207ABC00234F788E4721AFCA79227021ADCA792270FAB5CAB7CA4C7DCD5E75C34C7D21AAE9
:207ADC00C97EB728083600FA38C6EA39C621A9C9360021ABCA3420022334FAA8C9B72846A9
:207AFC00FA39C606002F4F782F47FA38C61E00A14F7BA04721ABCA2A5F561A1E00A14F7B7F
:207B1C00A0B1280EFAD4CAEAA9C9FA38C6EA39C6181421ABCA2A5F3A571B7B227221A4C959
:207B3C003600AFC3587D3E6B21A8C9864F3E02CE00470AEAA4C9C34C7D21ABCA342002234B
:207B5C003421ABCA2A4F460A0F3003AF18023EFFEAABC9C34C7D21ABCA342002233421AB35
:207B7C00CA2A4F460A0F3003AF18023E01EAB9CAC34C7D21AFCA2AC6204F7ECE004721ADB9
:207B9C00CA79227021AFCA792270FAB5CAB7CA4C7DCD5E75C34C7D21ABCA342002233421FC
:207BBC00ABCA2A4F460AE607EAD0CAC34C7D21ADCA2AC6204F7ECE004721C6CA2A5F562133
:207BDC00C9CA6EAF672929292929197DE6E06F2B7D917C983060FACACA67FAC9CA6FE5FA2D
:207BFC00C8CAF53321C6CA5E2356D51E11217740CDFB3DE805FAA0C8B7282D3E01E04FFA83
:207C1C00D0CAE60721CFCA4EB1F533FAC9CA67FAC8CA6FE521C6CA5E2356D51E11217740A8
:207C3C00CDFB3DE805AFE04FFAAFCAEAADCAFAB0CAEAAECA181721AFCA2AC6204F7ECE003A
:207C5C004721ADCA79227021AFCA792270FAB5CAB7CA4C7DCD5E75C34C7D21ABCA3420029E
:207C7C00233421ABCA6EFAACCA677ECDDB75B7286421B4CA4E21B3CA5E21ADCA2A46F800EF
:207C9C0073232270FAA0C8B728273E01E04F79B72809FAD0CAE607CBDF1805FAD0CAE607A0
:207CBC0021CFCA4EB14FF8015E2356CD270EAFE04FF8002A5E2356CD270EFAB9CAB7200A97
:207CDC0021ADCA34200F2334180B21ADCA2A5F3A571B7B2272FAB5CAB7284921B2CA4E218A
:207CFC00B1CA5E21ADCA2A46F80073232270FAA0C8B728273E01E04F79B72809FAD0CAE6B6
:207D1C0007CBDF1805FAD0CAE60721CFCA4EB14FF8015E2356CD270EAFE04FF8002A5E239D
:207D3C0056CD270E21ABCA34200223343E01180C21ABCA34C2E6782334C3E678E803C9E82B
:207D5C00F4F8157EF80677E5CB56E12805F8177E18023E01F807774EAF470B696029092930
:207D7C004D44F8122A666F094D44F8147EF533110600D5210300395D54CD1216FAA0C8B7F9
:207D9C00281D3E01E04FFAD0CAE60721CFCA4EB1F801462B4EF5335879CD300EAFE04FF848
:207DBC00013A474E3ECBF5335879CD300EF8062A23E602223600CD311CCD72280EC0F0926E
:207DDC009120072161DB36DF18052161DB36C02107C53600CDE8161E0121376CCDFB3DCD4A
:207DFC000011CD2A231E28FA07C5CDB30DFA61DBE092214EDB34CDBD01FA39C60E002F4775
:207E1C00792F5FFA38C60E00A0F80A2279A377E52BCB56E12805F8047E185EE5F80CCB5EA1
:207E3C00E12805F8057E1851E5F80CCB4EE12805F8027E1844E5F80CCB46E12805F8037ECF
:207E5C001837E5F80CCB66E1281BF8077EF81696200DF8067EE6014FB72804AFC32F7FF87E
:207E7C00077EC32F7FE5F80CCB6EE1CAD27DAFF808B6CAD27DAFC32F7FB7CAD27DF80777F0
:207E9C00FAA0C8B7281D3E01E04FFAD0CAE60721CFCA4EB1F801462B4EF5335879CD300E04
:207EBC00AFE04FF8013A4F463EC4F5335978CD300EF8074E060069602909294D44F8122ABE
:207EDC00666F094D4479C6FA4F78CEFF47F8147EF533110600D5210300395D54CD1216FA68
:207EFC00A0C8B7281D3E01E04FFAD0CAE60721CFCA4EB1F801462B4EF5335879CD300EAFEF
:207F1C00E04FF8013A4F463ECBF5335978CD300EC3D27DE80CC93BF8074E79E601F800771B
:207F3C000600F8007EB72814FA9EC9219FC9962009FAA0C921A1C99628020601CB49280814
:207F5C00FAA3C9B7200206012139C65E16002138C66E26007B2F5F7A2F577DA35F7CA2CB07
:207F7C00512806CB6320020601CB592806CB6B20020601CB612805B32002060178B7284E84
:207F9C00C5CD7228C11EC0F0929320072161DB36DF18052161DB36C02107C53600C5CDE83F
:207FBC00161E0121376CCDFB3DCD0011CD2A231E28FA07C5CDB30DC1FA61DBE092214EDB63
:107FDC0034CDBD01C5CD311CC178B7C23C7F33C98E
:053E640021D6CA360062
:20800000E8E5F8217EF80277F8227EF803322A5F56211000193601F8232A4F46CB21CB10C5
:20802000CB7E281EF8022A5F5621080019E57DF81B77E17CF81A322A5F561A6F131A670904
:208040001804211CCC097D4CF81922793201B1C02A5F561A5F16006B62291929291929299F
:20806000094D7CF8047123322B2B2A5F5621120019E57DF80877E17CF807322A5F3A2B2B6B
:20808000571A4F2A5F566B6223E57DF80A77E17CF80977F8192A5F5621060019E57DF80C0B
:2080A00077E17CF80B77F8192A5F5621020019E57DF80E77E17CF80D77F8042A5F5621068C
:2080C0000019E57DF81077E17CF80F77F8192A5F5621040019E57DF81277E17CF81177F8E5
:2080E000082A5F5621020019E57DF81477E17CF8137779B7C26944F8042A4F3A470AE6BF55
:20810000025E2356D51E01213446CDFB3DE1F8082A5F561A4F131A4779E6F04F3A6E67792F
:208120002270F8122A5F561A4F131A4779E6F04F3A6E67792270F80A2A5F561ACB57280DDD
:20814000F8062A5F561AF6034F3A6E6771F80A2A5F561A4FF8062A5F561AF81A77CB412862
:208160000DF81A4ECBC1F8062A666F71180BF81A4ECBC9F8062A666F71F80A2A5F561A4FC9
:20818000CB49CA7343F8122A5F561AF81922131A77F8082A5F561AF80022131A77F8197E2B
:2081A000F81577F81A7EF81677F8007EF81777F8017EF81877CB41CA9B42F80C2A5F561A7C
:2081C0004F131A47F8007EF81977F8017EF81A327E912005237E902847F819799623789EF6
:2081E0007857CB7E2807CB7A2008BF1805CB7A28013730043E0118023E02F533C5F8115E29
:208200002356D5F81A5E235623D55E2356D51E01216B4DCDFB3DE809F80C2A666F79227087
:20822000F8122A5F561AF81922131A77F8102A5F561AF81722131A222A4F46F8177E9120E6
:2082400006237E90CA7343F8172A917E985678CB7F2807CB7A2008BF1805CB7A2801373022
:2082600004060318020604F80C2A5F561A4F131AC533F8185E2356D5F8115E2356D5F81ED5
:208280005E2356D547C51E01216B4DCDFB3DE809F8102A666F792270C37343F8102A5F56C6
:2082A0001A4F131A47F8197E912005237E902847F819799623789E7857CB7E2807CB7A20F7
:2082C00008BF1805CB7A28013730043E0318023E04F533C5F8115E2356D5F81A5E23562396
:2082E000D55E2356D51E01216B4DCDFB3DE809F8102A666F792270F8082A5F561AF81622D4
:20830000131A77F80C2A5F561AF81822131A77F8162A4F2A477E912005237E902855F818FC
:208320002A917E985678CB7F2807CB7A2008BF1805CB7A28013730043E0118023E02F81A58
:2083400077F8102A5F561A4F131A47F8162A5F56F81A3AF5333A6E67E5F8112A666FE5C5DB
:20836000D51E01216B4DCDFB3DE809F80C2A666F792270F8082A5F561A4F131A47F80C2A42
:208380005F561AF81822131A77F8062A5F561AF81A322B7E912005237E90280DF81A4ECB0D
:2083A000F1F8062A666F71180BF81A4ECBC9F8062A666F71F8122A5F3A2B2B571A4F131AC9
:2083C000472A5F561AF81822131A77F8062A5F561AF81A322B7E912005237E90280DF81A75
:2083E0004ECBF9F8062A666F71180BF81A4ECBC1F8062A666F71F8082A5F561A4F131A47C4
:20840000F80C2A5F561A6F131A6758547D917C98CB7B2807CB7A2008BF1805CB7A2801372B
:20842000300DF8062A5F561AF6044F3A6E6771F8122A5F3A2B2B571A4F131A472A5F561AEF
:208440006F131A6758547D917C98CB7B2807CB7A2008BF1805CB7A280137300DF8062A5F24
:20846000561AF6084F3A6E6771F8042A4E6F617E0707D24C45F8082A5F561AF81522131A37
:2084800077F80C2A5F561AF81722131A77F8152A4F4679E680F8192270F817799623789EEE
:2084A0007857CB7E2807CB7A2008BF1805CB7A280137301CF8157EE67F2815F8192A5F561E
:2084C000218000194D44F80C2A666F792270180CF80C2A5F56F8192A12137E12F8122A5FB9
:2084E0002A23571A22131A77F8102A5F561AF81722131A77F8152A4F4679E680F8192270D4
:20850000F817799623789E7857CB7E2807CB7A2008BF1805CB7A280137301CF8157EE67F93
:208520002815F8192A5F56218000194D44F8102A666F792270180CF8102A5F56F8192A1259
:20854000137E12F8042A4F460AE6BF02F8062A5F561AF81A77E6414FF8042A5F56210F000B
:2085600019E57DF81677E17CF8157779D641C27047E5F81CCB56E13E0320023E01EAD6CAEA
:20858000F8142A5F2A571A77FAD6CAF81777F8082A4F46F8172A2259501A22131A77F81762
:2085A0005EAF6B672911201E1956C5F8185E7ACDE50D5950C1F8192A666F195D5469607B01
:2085C0002272030359501AF81922131A322B5EAF6B672911201E192356C5F8185E7ACDE539
:2085E0000D5950C1F8192A666F195D547B02037A02F80A2A5F561ACB4FCAB646AFF533F884
:20860000055E2356D5F80B5E2356D5F8135E2356D51E0121614ACDFB3DE80778B1CAB64675
:20862000F8142A5F561AF81A77FAD6CAC602E603F81977F8082A4F46F8197EF815222359E0
:20864000501A22131A225EAF6B672911201E1956C5F81C5E7ACDE50D5950C1F8172A666F91
:20866000195D5469607B22720303F816792278322A5F2A571A22131A77F8154EAF69672912
:2086800011201E19234EF81A5E79CDE50DF8182A666F094D44F8162A666F792270F8062A70
:2086A000666F3600F8045E2356D51E01210646CDFB3DE1C3434AF8062A5F561ACB672022DA
:2086C000F6104FF8062A666F713E01F533FAD6CAF533F8065E2356D51E01216546CDFB3D14
:2086E000E804FAD6CAD603202EF8082A5F561A4F131A47F80C2A5F561AF81922131A322A58
:20870000917E985678CB7F2807CB7A2008BF1805CB7A2801373035FAD6CA3D2053F8082AA4
:208720005F561A4F131A47F80C2A5F561AF81922131A32799623789E7857CB7E2807CB7A44
:208740002008BF1805CB7A2801373824F8192A4F46F8082A666F792270F8062A5F561AF64D
:20876000024F3A6E677977E6BE4FF8062A666F71F8062A5F561A4FE682D682C2084ACB590A
:208780003E022001AFEAD6CAF8142A5F2A571A77FAD6CAF81777F8082A4F46F8172A225905
:2087A000501A22131A77F8175EAF6B672911201E1956C5F8185E7ACDE50D5950C1F8192AA3
:2087C000666F195D5469607B2272030359501AF81922131A322B5EAF6B672911201E192309
:2087E00056C5F8185E7ACDE50D5950C1F8192A666F195D547B02037A02F80A2A5F561ACBB1
:208800004FCA4C49AFF533F8055E2356D5F80B5E2356D5F8135E2356D51E0121614ACDFB11
:208820003DE80778B1CA4C49F8142A5F561AF81A77FAD6CAC602E6034FF8087EF81877F85F
:20884000097EF81977F81171F8182A5F561AF81222131A77F8167922AF323A2B22AF32CBF9
:208860002623CB162B2A5F5621201E19E57DF81877E17CF817322A5F561A77F81A5EF817D6
:208880007ECDE50DF816792270F8163A2B77F8173A2B322A5F56F8122A666F19E57DF8187F
:2088A00077E17CF817222A5F56F8162A12132A122A5F5621020019E57DF81877E17CF817CB
:2088C000322A5F561AF81422131A77F8117EF81822AF32CB2623CB1611201E3A6E6719E5B0
:2088E0007DF81477E17CF813322A5F566B6223E57DF81A77E17CF819322A5F561A223A5FD0
:208900007ECDE50DF819792270F8197EF81277F81A7EF813322A5F2A572A666F19E57DF8A5
:208920001B77E17CF81A77F8162A5F2A23572A12137E12F8062A666F3600F8045E2356D5CA
:208940001E01210646CDFB3DE1C3434AF8062A5F561ACB6F2022F6204FF8062A666F713ED1
:2089600001F533FAD6CAF533F8065E2356D51E01216546CDFB3DE804FAD6CAD602202FF8CD
:20898000122A5F3A2B2B571A4F131A472A5F561AF81922131A322A917E985678CB7F2807D5
:2089A000CB7A2008BF1805CB7A2801373036FAD6CAB72054F8122A5F3A2B2B571A4F131A8E
:2089C000472A5F561AF81922131A32799623789E7857CB7E2807CB7A2008BF1805CB7A2880
:2089E00001373824F8192A4F46F8122A666F792270F8062A5F561AF6014F3A6E677977E6DD
:208A00007D4FF8062A666F71F8062A5F561AE6C02018F8062A666F3600F8045E2356D51E4E
:208A200001210646CDFB3DE11819F8022A5F3A571A4F131A4779C6FD4F78CEFF472A666FAA
:208A4000712370E81BC9F8082A4F46CB21CB10CB7E280FF8062A5F56210800192A666F0919
:208A60001804211CCC094D440A4F060069602909292909292911B1C019CBF6C9F8082A4F92
:208A800046CB21CB10CB7E280FF8062A5F56210800192A666F091804211CCC095D5401B191
:208AA000C01A5F16006B6229192929192929095D5479932009789220051AE6FB12C96B62DA
:208AC000CB9ED51E0121DC41CDFB3DE1C9F8082A4F46CB21CB10CB7E280FF8062A5F562148
:208AE0000800192A666F091804211CCC095D5401B1C01A5F16006B62291929291929290998
:208B00005D5479932009789220051AF60412C96B62CBDED51E01217B40CDFB3DE1C9E8FB79
:208B2000F80D2A4F46CB21CB10CB7E280FF80B2A5F56210800192A666F091804211CCC09D0
:208B40005D5401B1C01A5F16006B6229192929192929094D7CF800712377D1D521280019BA
:208B60004D440AF80277B72839D1D5212B00194D44233A07302CD1D521290019E57DF8050D
:208B800077E17CF804322A5F561A6F131A67AFF533C5E5F8077EF5331E0421FC4CCDFB3D21
:208BA000E806E805C9F8082A4F46CB21CB10CB7E280FF8062A5F56210800192A666F0918CC
:208BC00004211CCC094D440A4F060069602909292909292911B1C019012B00092ACB7EC0E4
:208BE000F5331E0421624ECDFB3D33C9F8082A4F46CB21CB10CB7E280FF8062A5F5621084D
:208C000000192A666F091804211CCC094D440A4F060069602909292909292911B1C0194D85
:208C200044AFF533F80B7EF533C51E01216546CDFB3DE804C9E8FCF80A2A5F2A572A4F4657
:208C4000CB21CB10210800193333E5F80DCB7E280AD1D51A6F131A67091804211CCC097DC9
:208C60004CF8022271F80E2A4F46CB21CB10CB7E280BD1D51A6F131A67094D1805211CCCD4
:208C8000094D6946F8022A5F561A5F16006B622919292919292911B1C0195D542110001905
:208CA00070211200194D7887446F2600094D44030A3C46F533C533D51E01216345CDFB3DC8
:208CC000E808C9E8FAF80E2A4F46CB21CB10CB7E280FF80C2A5F56210800192A666F0918A8
:208CE00004211CCC097D4CF800227101B1C0D1D51A5F16006B6229192929192929094D7CC5
:208D0000F8027123322A4F4603E1E523232A6E5F557B02037A02F8022A5F5621030019E582
:208D20007DF80677E17CF80577D1D5210400192A4F46F8042A666F792270E806C9E8FCF834
:208D40000C2A4F46CB21CB10CB7E280FF80A2A5F56210800192A666F091804211CCC097D2B
:208D60004CF800227101B1C0D1D51A5F16006B6229192929192929094D7CF802712377C111
:208D8000C503033A6E67232A6E5F557B02037A02D1D5210400194D44F8022A666F232323B7
:208DA0002A6E5F557B02037A02E804C9E8FCF80A2A5F2A572A4F46CB21CB102108001933CB
:208DC00033E5F80DCB7E280AD1D51A6F131A67091804211CCC095D5401B1C01A5F16006BE4
:208DE0006229192929192929094D7CF802712377F80E2A4F46CB21CB10CB7E280CD1D51A72
:208E00006F131A67094D441806211CCC094D44F8022A5F56210500195D541A5F16007B021F
:208E2000037A02E804C9E8FCF80A2A5F2A572A4F46CB21CB10210800193333E5F80DCB7EAD
:208E4000280AD1D51A6F131A67091804211CCC095D5401B1C01A5F16006B622919292919BA
:208E60002929094D7CF802712377F80E2A4F46CB21CB10CB7E280CD1D51A6F131A67094DA7
:208E8000441806211CCC094D44F8022A5F56210500195D541A5F21281E1600195E16007B06
:208EA00002037A02E804C9E8FAF80C2A4F462112000933335D54D51AB7C23B4FF80E7EF816
:208EC0000277F80F7EF80332CB2623CB16F80FCB7E281C210800095D541AF80422131A771F
:208EE000F8042A5F56F8022A666F195D7C180B111CCCF8022A666F195D7CF804732377E1BB
:208F00003601E5F8042A5F561A5F16006B622919292919292911B1C0195D542103C57B222D
:208F2000722105C53601C5F8122AF5332A5F56D51E06211749CDFB3DE803C1FA05C5D63C9C
:208F4000200CE13600E5AF2103C52277181A2110000936012105C53469602A66C6FA5F7C02
:208F6000CEFF577B02037A02E806C9F8082A4F46CB21CB10CB7E280FF8062A5F562108000E
:208F8000192A666F091804211CCC094D440A4F060069602909292909292911B1C0194D44BE
:208FA000210600095D54F80A7E12210700095D54F80B7E12210800095D54F80C7E12210928
:208FC00000094D44F80D7E02C93B3BF80A2A4F46CB21CB10CB7E280FF8082A5F5621080023
:208FE000192A666F091804211CCC094D440A4F060069602909292909292911B1C0194D445E
:20900000210A00097EC5F80E66E533F8105E2356D5F5331E0621B941CDFB3DE804C1212245
:2090200000095D54F80C7E12212300095D54F80D7EF80077F80E7EF801322A12137E122143
:20904000120009C5E5110000D5F8122A5E2356CD7719C121060009C5E5F8102AF5335E2387
:2090600056D51E06218F42CDFB3DE805C1211200095D54211000097E876F2600195D54135E
:209080001A3C56F533D533C51E01216345CDFB3DE806C93B3BF80A2A4F46CB21CB10CB7E44
:2090A000280FF8082A5F56210800192A666F091804211CCC095D5401B1C01A5F16006B62A3
:2090C00029192929192929094D443333C5F80E2A4F2A4703035EAF6B6729292929094D44B9
:2090E000D1D5210A00195D541AF80C862366E533C5F81466E533F533CD8215E807C9F808FD
:209100002A4F46CB21CB10CB7E280FF8062A5F56210800192A666F091804211CCC094D4463
:209120000A4F060069602909292909292911B1C019010E00094D44F80A7E02C9F8082A4F20
:2091400046CB21CB10CB7E280FF8062A5F56210800192A666F091804211CCC094D440A4F43
:20916000060069602909292909292911B1C019010F00094D44F80A7E02C9F8082A4F46CB27
:2091800021CB10CB7E280FF8062A5F56210800192A666F091804211CCC094D440A5F1600EE
:2091A0006B622919292919292911B1C01903030AF533E51E0121B945CDFB3DE803C9F80834
:2091C0002A4F46CB21CB10CB7E280FF8062A5F56210800192A666F091804211CCC094D44A3
:2091E0000A5F16006B622919292919292911B1C0190303C5E51E0121F445CDFB3DE1C15F5A
:2092000016007B02037A02C9E8FDF80B2A4F46CB21CB10CB7E280FF8092A5F562108001963
:209220002A666F091804211CCC094D440A4F060069602909292909292911B1C0194D442113
:209240001200093333E5212200097EF80277212300092A6E5F55C5F8022A666FE5F8112AFE
:20926000666FE5F8087ECD7719C1211200095D54211000097E876F2600195D54131A3C564E
:20928000F533D533C51E01216345CDFB3DE807C9E8FBF80B2A5F2A572A4F46CB21CB10219D
:2092A0000800193333E5F80ECB7E280AD1D51A6F131A67091804211CCC095D5401B1C01A8A
:2092C0005F16006B6229192929192929094D7CF802712377F80F2A4F46CB21CB10CB7E2878
:2092E0000AD1D51A6F131A67091804211CCC097EE5F80677E123232A4F46F8022A5F5621B2
:209300000A00195D541AC5F80666E533C5F5331E0621B941CDFB3DE804C1F8022A5F562146
:209320002200195D54F8047E126B622379582273F8022A5F56211200195D54C5D5110000DE
:20934000D5F80A7E5950CD7719C1F8022A5F56210600195D54D5F8067EF533C51E06218F15
:2093600042CDFB3DE805F8022A5F56211200194D44F8022A5F56211000195D541A876F26F9
:2093800000094D44030A3C46F533C533F8045E2356D51E01216345CDFB3DE809C93B3BF8C7
:2093A0000A2A4F46CB21CB10CB7E280FF8082A5F56210800192A666F091804211CCC094EF8
:2093C00006006960290929290929297DC6B14F7CCEC0F800712377F80D4ECB412810D1D552
:2093E000F80C7EE60107E6026F1AE6FDB512CB492812D1D5F80C7E0FE6010707E6046F1AF5
:20940000E6FBB512CB512811D1D5F80C7E0F0FCB37E6106F1AE6EFB512CB592815D1D5F8ED
:209420000C7E0F0F0FE601CB3707E6206F1AE6DFB512CB612812C1C5F80C7ECB37E6010F04
:0B944000E6806F0AE67FB5023333C9F7
:020000040002F8
:20C75900E8F7F80F7EF80077F8107EF80177D1D5211000193601F8112A4F46CB21CB10CB76
:20C779007E281BD1D521080019E57DF80977E17CF808322A5F561A6F131A67091804211C30
:20C79900CC097D4CF8022271211CC57EE6FC77F8022A5F3A571A4F131A472A5F5621020089
:20C7B90019E57DF80677E17CF805772114C57E91202E237E902029F8042A5F2A23571A2269
:20C7D900131A77FA16C5F807962015FA17C5F80896200DF8147EE603211CC5B677C3A9490D
:20C7F900F8063600F8137EF8072236002114C5799623789E7857CB7E2807CB7A2008BF183F
:20C8190005CB7A28013730472114C52A5F56F8072A666F7B955F7A9C2115C53273F8022ABE
:20C839005F561A4F131A472114C5799623789E7857CB7E2807CB7A2008BF1805CB7A28010D
:20C8590037386A2114C5792270F8063601185E2114C52A917E985678CB7F2807CB7A2008B7
:20C87900BF1805CB7A28013730432114C52A5F56F8072A666F195D542114C57B2272F80207
:20C899002A5F561A4F131A472114C52A917E985678CB7F2807CB7A2008BF1805CB7A2801FA
:20C8B90037380A2114C5792270F8063601F8042A5F561A4F131A472116C5799623789E7838
:20C8D90057CB7E2807CB7A2008BF1805CB7A28013730492116C52A5F56F8072A666F7B9520
:20C8F9005F7A9C2117C53273F8042A5F561A4F131A472116C5799623789E7857CB7E2807C5
:20C91900CB7A2008BF1805CB7A280137386E2116C5792270F8067EB7286218742116C52AF4
:20C93900917E985678CB7F2807CB7A2008BF1805CB7A28013730452116C52A5F56F8072A89
:20C95900666F195D542116C57B2272F8042A5F561A4F131A472116C52A917E985678CB7F77
:20C979002807CB7A2008BF1805CB7A280137380C2116C5792270F8067EB72014D1D51A4FC0
:20C99900131A4779C6FB4F78CEFF47E1E5792270E809C9F8082A4F46CB21CB10CB7E280F64
:20C9B900F8062A5F56210800192A666F091804211CCC094D4459501A2114C522131A7703F2
:20C9D9000359501A2116C522131A77211CC57EE6FC771E0121376CC3FB3DE8F6F8127EB7E2
:20C9F90028172B2B2A4F46210800092A4F4621A3C02A5F567B02037A02FAA3C0F80877FAAC
:20CA1900A4C0F80977F8107EF80277F8117EF803322A5F56210800192A666F2A4F46F80897
:20CA39002A5F567B915F7A98474BF8137EF80577F8147EF806322A5F561A6F131A6779952E
:20CA5900789CD2134BF8052A5F562102001933335D54D51A4F131AF8052A5F5621040019C5
:20CA7900E57DF80977E17CF80877CB412828CD1C3B4BF8072A5F561AF80522131A322A463E
:20CA990087CB106F60235916004D44CDF60D78F8054E91EA62C8D1D51A4F131ACB49284930
:20CAB900CD1C3BF80973F8072A5F561AF80422131A327EF80077F8057EF80132CB2623CBDE
:20CAD90016D1D56B6223E57DF80877E17CF80722233A223600F8062A4F2A475E1600CDF666
:20CAF9000D78F8044E91EA63C8F8022A5F56211000194D4436011E00180C2163C8360021D8
:09CB190062C836001E01E80AC9D9
:2083CF00F8087EEA4BDBB72807F040F602E040C9F040E6FDE040C9FA38C62139C696280730
:2083EF00FA38C6F808A6C0F8062A4F4621100009360169602A665F541B1B7B02037A02C9DB
:20840F000120C5F8087E3D5F077BE6076F26005D54292919094D4459501313F8092A120384
:20842F0003032A5F567B02037A02C90148C5F8085E7BB7C8CB432804F8097E02CB3B031841
:20844F00F00148C5F8085E7BB7C8CB432802AF02CB3B0318F2F8082A4F46CB21CB10CB7EEC
:20846F00280FF8062A5F56210800192A666F091804211CCC094D44F80A5E2134C616001926
:20848F005E16007B02037A02C9F8084E79E601CB492813B728081E1021C740C3FB3D1E1031
:2084AF0021C240C3FB3DB728081E1021C840C3FB3D1E1021C340C3FB3D0150C5F8087E3D38
:2084CF005F077BE6036F26005D54292919094D4459501313F8092A120303032A5F567B0207
:2084EF00037A02C90164C5F8087E3D5F077BE6036F260029094D44F8097E02037E02C90150
:20850F0064C5F8087E3D5F077BE6036F260029093600C90164C5F8087E3D5F077BE6036FBA
:20852F00260029094D44037E02C9E8FAF80C2A5F2A572A4F46CB21CB10210800193333E5F4
:20854F00F80FCB7E280AD1D51A6F131A67091804211CCC097D4CF8022271F8102A4F46CBA8
:20856F0021CB10CB7E280BD1D51A6F131A67094D1805211CCC094D44F804792270F8122A60
:20858F004F46CB21CB10CB7E280AD1D51A6F131A67091804211CCC095EFA78C5CD150EF87E
:2085AF00042A5F561A6F2600094D44F804792270216FC54EF8042A5F562170C52A666F198D
:2085CF005D5479CDF815FAA0C8B728272172C546F8042A5F562173C52A666F195D54C57848
:2085EF00CDF81559C1531E0042F8022A666F712370180A0600F8022A666F712370E806C9EC
:20860F00E8FCF80A2A5F56F8112A4F46CB21CB1021080019E57DF80477E17CF80377F81207
:20862F00CB7E280DF8022A5F561A6F131A67091804211CCC097D4CF8002271F80C2A4F4669
:20864F00CB21CB10CB7E280EF8022A5F561A6F131A67094D1805211CCC094D7CF8027123F3
:20866F0077FAA0C8B72811F8022A5F561A131ACB5F3E012001AFE04FF80F2A4F460303D1FD
:20868F00D51A6F131A6729292929094D44F8022A5F561AF80E66E533C5F81666E533F533AB
:2086AF00CD6615E805AFE04FE804C9E8F9F80D7EF80277F80E7EF80377F80F2A4F46CB2166
:2086CF00CB10F8022A5F56210800193333E5F810CB7E280AD1D51A6F131A67091804211CA2
:2086EF00CC097D4CF8042271F8112A4F46CB21CB107ECB7F280BD1D51A6F131A67094D1883
:20870F0005211CCC094D44F8135ECB432820FA38C62139C6962817F8042A666F3E01223664
:20872F00002138C65E16007B02037A02184CCB4B2825C51E0F219840CDFB3DC1F80677B7F7
:20874F0028152B3A6E673E02223600F8065E16007B02037A021823F8022A5F56211000192F
:20876F003601F8022A5F561A4F131A4779C6FA4F78CEFF473A6E67792270E807C9F8087E99
:20878F00B72807F040F604E040C9F040E6FBE040C9E8F3F8165EFA78C5CD150EF8156E26C8
:2087AF000009E57DF80B77E17CF80A77216FC54EF8092A5F562170C52A666F195D5479CD07
:2087CF00F815F80B712A77F8182A4F2A23477E07E601F80077F8132A5F56F81A7EF8017786
:2087EF00F81B7EF80232CB2623CB1623030379227021080019E57DF80777E17CF80677FA9E
:20880F0082C5D602C20B49F80B7ED68030453E09F816963008F807AF2236801806F807AF53
:20882F00223690F80C3A2236003E04F80BCB2623CB163D20F62B3A2B77F80C3A2B322A5FF3
:20884F0056F8072A666F19E57DF80D77E17CF80C77183CF80B3A2B22AF322A5F56218000A7
:20886F007B955F7A9CF80C32733E04F80BCB2623CB163D20F62B3A2B77F80C3A2B322A5F03
:20888F005621008819E57DF80D77E17CF80C77F8007EB72821F8052A5F561AF80922131A3F
:2088AF00322A5F56F8012A666F19E57DF80977E17CF80877181B111CCCF8012A666F19E5B7
:2088CF007DF80B77E17CF80A323A2B77F80A3A2B77F8072A4F4669602A666F292929294DD0
:2088EF0044F8032A666F094D44F80B2A5F56F8177EF533211000E5CD34161872FAA0C8B72A
:20890F00281E2172C54E2173C52A5F56F8092A666F195D5479CDF815CB5928043E01E04F49
:20892F00F8007EB72814F8052A5F561A4F131A47F8012A666F094D44180B011CCCF8012A45
:20894F00666F094D440A6F2600292929294D44F8032A666F094D44F8177EF533C53E01F583
:20896F0033F8107EF533CD6615E805AFE04FE80DC9FAA2C8E6F74FF8087EB7280BCBD92179
:20898F00A2C87121004071C921A2C87121004071C9E8F9F80F2A4F46CB21CB10CB7E2810CC
:2089AF00F80D2A5F56210800192A666F094D1805211CCC094D440AF80377F8127EF80477F6
:2089CF00F8137EF80577FAA0C8B72852F8042A5F56210500194D44F8117EF5332101003943
:2089EF005D54CDD615F8004E79B72832233E01E04F2A477E585779CDF815F8007EF80677C2
:208A0F00F8012A665F54131379F80666E533D5F533F8077EF533CD6615E805AFE04FF8043F
:208A2F002A4F460303F8117EF533210100395D54CDD615F8002A4F2A477E585779CDF8158D
:208A4F00F8007EF80677F8012A665F54131379F80666E533D5F533F8077EF533CD6615E8F3
:028A6F000CC930
:020000040004F6
:200115003BF8092A4F46CB21CB10CB7E280FF8072A5F56210800192A666F091804211CCC3B
:20013500094D44F0FFF800777EE6F7CDCC00C5F80D7EF5331E0C219744CDFB3D33C15F16BA
:20015500007B02037A02F8007E33C3CC0033C93BF8092A4F46CB21CB10CB7E280FF8072AEF
:200175005F56210800192A666F091804211CCC094D44F0FFF800777EE6F7CDCC00C5F80F8E
:200195003A573A5FD57EF5331E0C21B144CDFB3DE803C15F16007B02037A02F8007E33C3D7
:0401B500CC0033C97E
:020000040000FA
:2003280099410402C4410401000000000040040242400401BA380406FF4104054D2C040438
:200348008A420402A24004032141040100000000034304067E2D0406BF4404086B470402A7
:20036800194704023748040165480404C6480404A22E040030440402924404028A490400BF
:20038800F248040404460408000000000000000000000000000000000000000000000000BD
:2003A800000000000000000096490402C2490406044A0400134A0400264A0402684A040458
:2003C800E34A04047F4904015E4B0402E047040228390403C8411009B9411001004002025E
:2003E8007C4A0202EC4B0203CD4A0202354C0204C34C0202A74E02056B4F0206C94F02055D
:20040800935002083D4D020200000000AC4D0204FE5002033C5102039D530204F729070157
:200428000040070283400702000000009D4007022D4107037C420704AA410706CA42070469
:200448000000000000000000E5430701E1440702144407057141070575440706A0490A0556
:20046800CF430A01E6430A013A440A0264440A030F440A04E245070998440A01C8440A044B
:20048800F3440A0239450A060F460A08BA460A058C470A01A0470A0750440A0154440F03EE
:2004A800A1440F00C3440F012E450F010000000001450F0434450F0528450F021D431000D2
:2004C80093431000A1431000AC4310007F490C0191490C05000000000000000059470B04CC
:2004E800AC490B020E450A0122450A01A54B02027A5102028E4B0406C84B0406A7450F0064
:20050800AF450F0316460F0374460F01E2400F0200000000AA29010080490A014A4210031B
:200528008B42100400000000BE5102020852020469400701264E020490520204464A0202B8
:180548001A430F05B6430F054147070415411003644110051E4B0202FA
:020000040004F6
:2001B900F8087EF5331E0B21F842CDFB3D33C9E8FCF80A2A5F2A572A4F46CB21CB1021085C
:2001D90000193333E5F80DCB7E280AD1D51A6F131A67091804211CCC097D4CF8022271F8DA
:2001F9000E2A4F46CB21CB10CB7E280BD1D51A6F131A67094D1805211CCC094D44F811CB29
:200219007E28042BAF2277C5F8142A5F56D5F8142A5F56D5F81A7EF5331E0B212543CDFB31
:110239003DE8074F0600F8022A666F792270E804C97A
:020000040003F7
:20C31A00E8FCF80A2A5F2A572A4F46CB21CB1021080019E57DF80477E17CF80377F80DCBD7
:20C33A007E280DF8022A5F561A6F131A67091804211CCC097D4CF8002271F80E2A4F46CB1F
:20C35A0021CB10CB7E280EF8022A5F561A6F131A67094D1805211CCC094D44D1D51AF80282
:20C37A0022131A770A5F21201D1600194EF8105E3E079347041802CB290520FB79079F477C
:20C39A00D5F8042A5F56CDF60DD11C1804CB28CB191D20F9E1E5792270E804C9E8FCF80A81
:20C3BA002A5F2A572A4F46CB21CB1021080019E57DF80477E17CF80377F80DCB7E280DF872
:20C3DA00022A5F561A6F131A67091804211CCC097D4CF8002271F80E2A4F46CB21CB10CB63
:20C3FA007E280EF8022A5F561A6F131A67094D1805211CCC094D44D1D51AF80222131A77E3
:20C41A000AC6405F21201D1600194EF8105E3E079347041802CB290520FB79079F47D5F8CE
:20C43A00042A5F56CDF60DD11C1804CB28CB191D20F9E1E5792270E804C93B3B212CC636D4
:20C45A0000FA24C6EAF3DAEA25C6F80B2A4F3A2B477EF8007759502A77FA23C6F800962062
:20C47A000C2128C67E912005237E9028172123C636FF2128C67B22722126C67B2272F80171
:20C49A007EEA23C63333C92123C636FFAFE021AFE01CAFE017AFE0123EC0E0233EC0E01929
:20C4BA003EC0E0143EFFE025C9F8087EEA2CC64F0F3007AFE0123EC0E014CB492807AFE011
:20C4DA00173EC0E019CB512803AFE01CCB592807AFE0213EC0E0233EFFE025792124C6B6C2
:20C4FA00EAF3DAEA25C6C9010FC6F8087EE6036F26005D54292919094D4459501313F80975
:20C51A002A120303032A5F567B02037A02C9F8087EC38908F8087EE024C93B3BF80E7EF809
:20C53A000077F80D3A2B5E23562B2B4EF801327E212DC69638542173C836FFF8007EEA2D88
:20C55A00C6FA24C6470F3007AFE0123EC0E014CB482807AFE0173EC0E019CB502803AFE043
:20C57A001CCB582807AFE0213EC0E0233EFFE025F8017EEA24C62173C836FF2176C83600CF
:0DC59A002174C87B22722173C8713333C92C
:020000040004F6
:20024A00F8092A4F46CB21CB10CB7E280FF8062A5F56210800192A666F091804211CCC0938
:20026A004D442106000956210400097ED533F533C5F80C7EF5331E01214666CDFB3DE80534
:20028A00C9E8FAF80E4E060069602929092909290901CEC7094D7CF803712377216CC546C1
:2002AA00216DC52A666F111D00195D54C5334B42210100395D54CDD615F8102A4F46F803DF
:2002CA002A5F56F80F7EF533211700E5CD1216F8032A5F56210400194D44F8007EF80577E3
:2002EA00F8012A665F54C5FA7EC5F533F8087ECD63164FF8032A5F56210800195D54792114
:13030A007EC596300921C6C50600097E1801AF12E806C904
:020000040003F7
:20C5A70021006036003601C93BF8092A4F46CB21CB10CB7E280FF8072A5F56210800192A31
:20C5C700666F091804211CCC094D44F80B7EE603C608F80077FAA2C8E6F05FF8007EE60F0C
:20C5E700B3EAA2C8EA00402100A05E1600F8007ED60B201421A2C87EE6F0F60C77EA0040C1
:20C60700FA00A00F300216017B02037A0233C9F8082A4F46CB21CB10CB7E2810F8062A5F9B
:20C6270056210800192A666F094D1805211CCC094D692A4F46F80A7EE603C6085F21A2C841
:20C647007EE6F0577BE60FB277EA00402100A0717BD60BC021A2C87EE6F0F60C77EA004095
:20C667002100A07EE60E5F78E601B377C9F8084E21A2C87EE6F0F60C77EA004079B728089F
:10C687002100A07EE6BF77C92100A07EF64077C9CA
:020000040004F6
:20031D00016CC521C4C52A5F56210300E5CD6E1001B2C021C4C52A5F56131313210400E572
:20033D00CD6E1021C4C52A4F462107000901B6C00A7721C4C57EC608227ECE0077C92115E9
:20035D00CC36022116CC36032117CC360121C4C52A4F4679582118CC227303030311040013
:20037D00D511B2C0CD6E1021C4C52A4F46210700097EEAB6C0C921C4C57EC6F8227ECEFF29
:18039D0077C35B4321C4C536842336C5C35B4321C4C536842336C5C942
:020000040000FA
:2029AA003BF090F80077F8072A4F46595013131AE0901AEA002069602A666FE5CD970FE1A7
:2029CA0069602A666F7EE6075F16007B87CB1287CB1287CB1287CB12855F7A8C577B020379
:0D29EA007A02F8007EE0907EEA002033C9FA
:020000040003F7
:20097F00215FDB360FF8087E2177C877D602CA1D02C9E8F1FA77C8B72008215FDB360FC385
:20099F00704CFA5FDBD60F2005215FDB3600FA5FDBF800773E20F81B963E0017F80177F846
:2009BF00187E07E601F80277F8157EF80377F8167EF80477F8172A4F46CB21CB10FA5FDB5E
:2009DF00F602F80577FA5FDBF604F80677F81A7E07E601F80777F8197EF80877F81A7EF867
:2009FF000932CB2623CB16F8007EE601F80A77F8032A5F5621080019E57DF80D77E17CF883
:200A1F000C77F8007EE602F80D77F8007EE604F80E77F8007EE6085FFA77C83D280BFA77A0
:200A3F00C8D602CA2D4BC32F4CF80A7EB72069F8017EB72804F81B3620219BC83600219F7A
:200A5F00C83600F8027EB7280EF80B2A5F561A6F131A67094D1805211CCC094D44F81B5E8E
:200A7F001600D51178C8CD6E10219DC836782336C8F81B7EEA9CC8213CC63600F533CD0A44
:200A9F000233FA9CC8B73E012801AFEA9FC8215FDB7EF60177C32F4CF80D7EB72010FA9FFD
:200ABF00C8B7CA2F4CF8057EEA5FDBC32F4CF80E7EB72010FA9BC8B7CA2F4CF8067EEA5FED
:200ADF00DBC32F4C7BB7C22F4CF8017EB72804F81B3620F8077EB72814F80B2A5F561A4FF1
:200AFF00131A47F8082A666F095D54180B011CCCF8082A666F095D54F81B4E0600C5017840
:200B1F00C8CD6E10215FDB7EF60877C32F4CF80E7EB72013219BC83600219FC83600F80633
:200B3F007EEA5FDBC32F4C7BB7206CFA9BC8B7CA2F4CF8017EB72804F81B3620F8077EB7A8
:200B5F002820F80B2A5F2A571A22131A322A5F56F8082A666F19E57DF80D77E17CF80C77D9
:200B7F00181B111CCCF8082A666F19E57DF80F77E17CF80E323A2B77F80E3A2B77F80B2AB2
:200B9F005F56F81B4E0600C50178C8CD6E10215FDB7EF608771879F80A7EB72061F8017EBB
:200BBF00B72804F81B3620F8027EB7280FF80B2A5F561A6F131A67094D441806211CCC099B
:200BDF004D44F81B5E16002178C8D55D54CD6E10219DC836782336C8F81B7EEA9CC8213C1B
:200BFF00C63600F533CD0A0233FA9CC8B73E012801AFEA9FC8215FDB7EF601771812F80DB3
:200C1F007EB7200CFA9FC8B72806F8057EEA5FDBFA5FDBD60F283AF8032A5F561A4F131A84
:200C3F004711060079935F789AF80E3273F8032A5F56F80D2A12137E12F8032A5F56211046
:140C5F000019E57DF80F77E17CF80E322A666F3601E80FC9FD
:020000040000FA
:013E3E000F74
:020000040004F6
:2003B500C5F8082A5F2A572A4F46C57A8730131F2F577B2F5F1321D7CA7EB72801353E2D10
:2003D5000203CDE9436069D17A2F577B2F5F1319545DC1C9C521DACAAF3232770610CB23E8
:2003F500CB127E8F27227E8F27227E8F27322B0520ECC1FAD7CAD605380F280D573E300243
:20041500031520FB3E05EAD7CAFAD7CAB728023E01571E3021DACA3AE60F8228119283168C
:20043500010203FAD7CAB72805FE0530010B7ECB37E60F822811928316010203FAD7CAB730
:200455002805FE0430010B3AE60F822811928316010203FAD7CAB72805FE0330010B7ECBFC
:1E04750037E60F82280F92830203FAD7CAB72805FE0230010B7EE60F830203AF02C93A
:020000040000FA
:2029F700E8F0F090F80077F8167EF80177F8177EF802322A4F4603030AE0900AEA0020F8F9
:202A1700012A5F561A4F131A47F80C792270F8187E1E0087CB136F6309E57DF80577E17CB4
:202A3700F80477F80E36AC2336C9F8012A5F5621080019E57DF80777E17CF80677F8032A19
:202A57005F561AF80777F8032A5F566B6223E57DF80A77E17CF809322B7EB7CA2E2CF80E5B
:202A77002A5F566B6223E57DF80C77E17CF80B77F8077ED625C2EF2BF80C2A5F561A6F13E9
:202A97001A674D44CB21CB10CB7C280DF8052A5F561A6F131A67091804211CCC095D541ACF
:202AB700F80322131A77F8082A4F460A5F696023E57DF80A77E17CF809777BFE25CACA2B1D
:202AD700D644281DF8037EF809777BFE63CA822BFE642855FE66CAB12BD674CA972BC3CFEB
:202AF7002BF8082A4F460AC6D0EAD7CAF80E2A5F56D5F8052A5F56D51E1021B543CDFB3DF3
:202B1700E804FAB9CAB7280CD5F8102A666FE5CD303CE1D11600F80E2A666F19E57DF81000
:202B370077E17CF80F77C3122C21D7CA3600F80E2A5F56D5F8052A5F56D51E1021B543CDB4
:202B5700FB3DE804FAB9CAB7280CD5F8102A666FE5CD303CE1D11600F80E2A666F19E57D90
:202B7700F81077E17CF80F77C3122CF80E2A5F56F8092A127EF80E77F80B7EF80F77187B34
:202B9700F80E2A666F3601F80A2A5F3A2B577E3C3C1213F80E7B22721861F80E2A666F36B7
:202BB70002F80A2A5F3A2B577E3C1213F80E7B22721848F8082A4F4659501B1A4F13F80367
:202BD7007B2272F80E2A666F71F80A7EF80E77F80B7EF80F77C3542AF8072A4F7EF80377B4
:202BF700F8097EF80477F80E2A666F71F80A7EF80E77F80B7EF80F77C3542A03F803792280
:202C170070F80C2A5F5621020019E57DF80E77E17CF80D77C3542AF80E2A666F3600F800E2
:162C37007EE0907EEA0020F8012A5F56F8082A12137E12E810C999
:020000040001F9
:20C00000FA38C6EA39C6F8087EEAA5C921AAC9360021A3C93600F8097ED6343E00174F7E31
:20C02000C6CC47FAA0C8B7282EF8097ED674D0CB412015F8097EC68C2601E533F5331E0187
:20C0400021AF75CDFB3DE1C9AFF533C5331E0121AF75CDFB3DE1C979B7C8AFF533C5331E25
:20C060000121AF75CDFB3DE1C9F8087EB7280ACD2E0221C4CA7B2272C9CD360221C4CA7BB1
:20C080002272C9F8093A8787874F7E87878721A1C97121A0C971EA9FC9EA9EC9C9F8087E30
:20C0A000B7280E237EF5331E0121327FCDFB3D33C90E00F80946CB402814FA9EC9219FC952
:20C0C000962009FAA0C921A1C99628020E01CB482808FAA3C9B720020E012139C65E1600BF
:20C0E0002138C66E26007B2F5F7A2F577DA35F7CA2CB502806CB6320020E01CB582806CB23
:20C100006B20020E01CB602805B320020E0179B7C8F8062A4F4621100009360169602A66C8
:20C12000C6FD5F7CCEFF577B02037A02C9F80A7E3C2008FAA6C9F80A77180DF80A7ED6FE39
:20C140002006FAA7C9F80A77F80A3A4F3A878787477E8787875F21A1C970219FC97379D67D
:20C16000FD200921A0C970219EC973C921A2C971C9CD2E02F8094EAF696729292929291964
:20C180004D44F8086E2600095D5421C6CA7B2272F80A7EEAC8CAF80B7EEAC9CAF80C7EB7CD
:20C1A0003EC920023ECAEACACAC93BF80D7EB72803AF18023EFFEAABC9F80E4E79E602F856
:20C1C0000077CB41284BF80C3A573A5FD53A575ED51E0121C474CDFB3DE804F8007EB7CA42
:20C1E0007A42F80C3A5715153A4705053A5F1C7E3CF80D66E533D533C53363E533F533F8AC
:20C200000C2A5F56D51E07217141CDFB3DE8071869FAA0C8B728233E01E04FFAD0CAE6079E
:20C2200021CFCA4EB1F533F80D3A573A5FD53A575ED5CD0A3BE805AFE04FF80D7EB73EC937
:20C2400020023ECAF533F80D3A573A5FD53A575ED5CD0A3BE805F8007EB7281EF80D3A57BC
:20C260003A5FD53A573A5FD53A2BF5332A5F56D51E07217141CDFB3DE80733C9F8087ED6D4
:20C2800014302D237ED61230273E12962B473E1496F80B66E533F80B6668E5F533AF0FF5FB
:20C2A000F80C2A5F56D51E0721AA41CDFB3DE808F8093A8787874F7E87878721A1C9712151
:20C2C000A0C971EA9FC9EA9EC9C9E8F7F80F7EF80077F8107EF80177F8112A4F46CB21CBD0
:20C2E00010CB7E281BD1D521080019E57DF80977E17CF808322A5F561A6F131A6709180430
:20C30000211CCC097D4CF8072279327EF80277F8087EF80377F8147EB7CAB543F8072A5F0C
:20C32000561AF80422131A77F8147EF807223600F8075D54F8041A1396231A9E1A57CB7EE6
:20C340002807CB7A2008BF1805CB7A2801373E0017F80677B72806234E06001805F8042A57
:20C360004F4679D60178173F1FDE803009F8073E0122AF771811F8067EB7200BF8047EF8D5
:20C3800007322B7EF80877F8074ED1D513131A47D1D51A6F131A5D5779F533F8153AF533AA
:20C3A0007EF533C533D51E01215B7DCDFB3DE8064F06001803010000F8022A666F7922708A
:20C3C000D1D51AF80722131A77F8144E060069602909294D44F8072A666F094D44E1E579EC
:20C3E0002270E809C9F8084E21C3CA710600696029093E6E854F3E058C470AEAC2CA6960A4
:20C40000232A4F46FAC2CAF533110800D511BACACD1216C9CD2E02F8094EAF696729292905
:20C420002929194D44F8086E2600094D44FAA0C8B728243E01E04FFAD0CAE60721CFCA5E66
:20C44000B3F533F80C3A575ED5C51E11217740CDFB3DE805AFE04FF80C7EB73EC920023EFD
:20C46000CAF533F80C3A575ED5C51E11217740CDFB3DE805C92178C55EF80D7ECD150EF854
:20C480000C7E1E00814F7B8847FAA0C8B7282D3E01E04F792173C586235F788E57C5F80DFD
:20C4A0003A473A4FC53A474EC5FA78C567FA72C56FE5D5CD6026E808C1AFE04F792170C570
:20C4C00086234F788E47F80B3A573A5FD53A575ED5FA78C567FA6FC56FE5C5CD6026E80829
:20C4E000C9E8F4F8142A4F46CB21CB10CB7E280FF8122A5F56210800192A666F0918042115
:20C500001CCC094D44210A000956C52178C55E7ACD150E5950C1210800096E2600195D7C02
:20C52000F80073237721060009E57DF80477E17CF8037721040009E57DF80677E17CF805C3
:20C540007721020009E57DF80877E17CF80777FAA0C8B7284B3E01E04FF8022A5F561AF8A7
:20C560000877F8042A5F561AF809322B2B2A5F561AF80A220A772173C52A5F56E1E5195DAC
:20C5800054C5F80A2A472A4FC52A474EC5FA78C567FA72C56FE5D5CD6026E808C1AFE04F73
:20C5A000F8022A5F561AF80B77F8042A5F561AF80A77F8062A5F2A23571A770A4F2170C535
:20C5C0002A5F56E1E5195D54F80B3AF5333AF53346C5FA78C567FA6FC56FE5D5CD6026E8EA
:20C5E00014C9E8F0F8162A5F56F81A2A4F46CB21CB1021080019E57DF80577E17CF8047719
:20C60000F81BCB7E280DF8032A5F561A6F131A67091804211CCC097EF80577F81C2A4F4696
:20C62000CB21CB10CB7E280DF8032A5F561A6F131A67091804211CCC097EF80677F81E7E00
:20C64000F80777F81F7EF80877F8207EF809322A5F3A2B577ECDF815F80A712A322B2B2AA3
:20C660005F566B6223E57DF81077E17CF80F77F8077EF80E5E2356CDF815F80E792270F81C
:20C680000E3A2B772A77FAA0C8B72850F8082A5F56210B0019E57DF81077E17CF80F77F8A6
:20C6A000077EF533F80F2A4F46210100395D54CDD615F8004678B72823233E01E04F2A4F81
:20C6C0007EC53347C5F80F3A2BF5337EF533F80B3A575ED5CDBA15E807AFE04FF8182A4FE5
:20C6E00046CB21CB10CB7E280EF8032A5F561A6F131A67094D1805211CCC094D440AEA624B
:20C70000DBF8082A5F56210800194D44F8077EF533210100395D54CDD615F8002A472A662A
:20C720006FC533E5F8103A2BF5337EF533F80B3A577E5FD5CDBA15E8072162DB3600E81015
:1AC74000C9F8087EEACCCAF8097EEACDCAF80A7EEACECAF80B7EEACBCAC94D
:020000040000FA
:202C4D00E8F6F8102A5F2A572A4F46CB21CB1021080019E57DF80A77E17CF80977F813CB29
:202C6D007E2816F8082A5F561A6F131A67095D541AF80022131A77180D211CCC095D541AFB
:202C8D00F80022131A77F8157EB72820F8082A5F561A4F131A47F8155E16006B622979959E
:202CAD004F789C47F8082A666F712370F090F80277F8107EF80377F8117EF804322A4F46FD
:202CCD0003030AE0900AEA0020F8032A5F2A571A4F131A712377F8147EF80977F8097EB775
:202CED00286CF8052A5F3A571A4F131A472A5F5621020019E57DF80977E17CF80877F8007E
:202D0D007E912032237E90202DF8072A5F561AF80022131A327EF80877F8017EF80977F87A
:202D2D00032A5F56F8082A12137E12F8027EE0907EEA00201838F8072A5F5621020019E506
:202D4D007DF80777E17CF80677F80935188EF8027EE0907EEA0020F8057EF808322B7EF807
:202D6D000977F8032A5F56F8082A12137E12E80AC9E8F0F81B2A4F46CB21CB10CB7E280F61
:202D8D00F8162A5F56210800192A666F091804211CCC09AFF533E5F81C2A5F3A2B57D57E59
:202DAD00F5331E0421FC4CCDFB3DE808C5F81D7EB7CA9F2EF8013AB6CA9F2E2323F09077FB
:202DCD00F8167EF80377F8177EF804322A4F4603030AE0900AEA0020F81D7EF80F77F81BB6
:202DED007EF80577F81C7EF80632CB2623CB16111CCC3A6E6719E57DF80977E17CF808774E
:202E0D00F8032A5F5621080019E57DF80B77E17CF80A77F80F7EB72870F8032A5F561A6FA0
:202E2D00131A672ACB7E2815F8092A5F561A4F131A47F8052A666F092A4F7E1809F8072A3E
:202E4D005F561A4F131AF80B712377D1D5210800194D4459501AF80D22131A322A5F561358
:202E6D00137B02037A02F80B2A4F2A472A666F792270F8032A5F561A4F131A4703033A6EDA
:202E8D0067792270F80F35188AF8027EE0907EEA0020E810C9E8F3F090F80077F8137EF859
:202EAD000177F8147EF802322A4F4603030AE0900AEA0020F8012A5F5621080019E57DF810
:202ECD000577E17CF804322A5F2A571A22131A77F8012A5F561AF80B22131A322A4F4603BC
:202EED00F8012A666F792270F80B2A5F561A211ACC77CB7ECA6B337EEE80D678DA4A335EA8
:202F0D003EFF5796CB7B2807CB7A2008BF1805CB7A280137DA4A33FA1ACCC6084F0600219C
:202F2D00332F090909E9C34B2FC32230C3D230C36F31C3D931C37532C3DD32C31233F8019A
:202F4D002A5F561AF80B22131A322A4F4603F8012A666F792270F80B2A5F561A211ACC77A8
:202F6D007EFE492869FE692807D6752832C30D30F8012A5F561A4F131A4759501AF80B2216
:202F8D00131A77F8032A5F561A4F131A470B0B3A6E677922700A4FF80B2A666F711861F85C
:202FAD00012A5F561A4F131A4759501AF80B22131A77F8032A5F561A4F131A470B0B3A6E46
:202FCD00677922700A4FF80B2A666F711832F8012A5F561A4F131A4759501AF80B22131A92
:202FED0077F8032A5F561A4F131A470B0B3A6E6779227069602A4F46F80B2A666F792270D1
:20300D00F8012A5F561A4F131A4703033A6E67792270C3DD2EF8012A5F561AF80B22131ABC
:20302D00322A4F4603F8012A666F792270F80B2A5F561A211ACC777EFE492850FE69280640
:20304D00D6752826186AF8032A5F3A2B2B571A4F131A472A5F561A6F131A672A666F7E5F28
:20306D00079F577B02037A021846F8032A5F3A2B2B571A4F131A472A5F561A6F131A672A7E
:20308D00666F5E16007B02037A021824F8032A5F561AF80B22131A77F8012A5F561A6F1371
:2030AD001A672A666F2A4F46F80B2A666F792270F8012A5F561A4F131A4703033A6E677974
:2030CD002270C35633F8012A5F561A6F131A672A4F46CB782816CB21CB10F8052A666F0904
:2030ED00E57DF80D77E17CF80C77180F7987CB10C61C4F78CECCF80B712377F80B2A5F56D8
:20310D001A4F131A47CB782816CB21CB10F8052A666F09E57DF80D77E17CF80C77180F7922
:20312D0087CB10C61C4F78CECCF80B712377F8032A5F561A4F131A470B0B3A6E67792270E8
:20314D0069602A4F46F80B2A666F792270F8012A5F561A4F131A4703033A6E67792270C335
:20316D00DD2EF8012A5F561A6F131A672A4F46CB782816CB21CB10F8052A666F09E57DF8DC
:20318D000D77E17CF80C77180F7987CB10C61C4F78CECCF80B712377F8032A5F561A4F131D
:2031AD001A470B0B3A6E6779227069602A4F46F80B2A666F792270F8012A5F561A4F131A6E
:2031CD004703033A6E67792270C3DD2EF8012A5F561A6F131A672A4F46CB782816CB21CBC1
:2031ED0010F8052A666F09E57DF80D77E17CF80C77180F7987CB10C61C4F78CECCF80B713E
:20320D002377F80B2A5F561A4F131A47F8032A5F561AF80922131A77CB782816CB21CB1045
:20322D00F8052A666F09E57DF80D77E17CF80C77180F7987CB10C61C4F78CECCF80B7123EA
:20324D0077F80B2A5F561A4F131A47F8092A666F792270F8012A5F561A4F131A4703033A2B
:20326D006E67792270C35633F8012A5F561A6F131A672A4F46F8032A5F561AF80922131A1D
:20328D0077CB782816CB21CB10F8052A666F09E57DF80D77E17CF80C77180F7987CB10C6DF
:2032AD001C4F78CECCF80B712377F80B2A5F561A4F131A47F8092A666F792270F8012A5F2A
:2032CD00561A4F131A4703033A6E677922701879F8032A5F561AF80B22131A77F8012A5FBE
:2032ED00561A6F131A672A4F46F80B2A666F792270F8012A5F561A4F131A4703033A6E67B8
:20330D007922701844F8012A5F561AF80B22131A322A4F4603F8012A666F792270F80B2AD1
:20332D005F561AEA1ACCF8032A5F561A6F131A67E5FA1ACCE14F079F712377180CF8007EAA
:20334D00E0907EEA0020C3B738F8032A5F561A4F131A4703033A6E67792270C3DD2EF80316
:20336D002A5F561A4F131A4711040079935F789AF808327B222B2A5F5621020019E57DF883
:20338D000B77E17CF80A77FA1ACCFE01CAD734FE02CA0335FE03CA3D35FE04CA7935FE0558
:2033AD00CAB335FE06CAEF35FE07CA1D36FE08CA4936FE09CA7E36FE25CAAF34FE26CA990F
:2033CD0036FE2ACA5F34FE2B2843FE2D2860FE2FCA8734FE40CA2738FE4CCA0537FE4DCA60
:2033ED00AD37FE51CA5A38FE52CA2D37FE54CAF937FE5ECAE136FE6DCA5537FE72CA763881
:20340D00FE7CCABD36D67ECA4138C39738F8072A5F2A571A4F131A472A5F561A6F131A675D
:20342D00094D44F8072A666F792270C3A238F8072A5F2A571A4F131A472A5F561A6F131AC4
:20344D006779954F789C47F8072A666F792270C3A238F8072A5F561AF80B22131A322B2BC8
:20346D002A5F2A571A4F131A472A5F56CDF60DF8072A666F792270C3A238F8072A5F561A0B
:20348D00F80B22131A322B2B2A5F2A571A4F131A472A5F56CD980EF8072A666F792270C340
:2034AD00A238F8072A5F561AF80B22131A322B2B2A5F2A571A4F131A472A5F56CDA10EF819
:2034CD00072A666F792270C3A238F8072A5F2A571A4F131A472A5F561A6F131A677D912021
:2034ED00067C903E012801AF4F0600F8072A666F792270C3A238F8072A5F2A571A4F131AFC
:20350D00472A5F561A6F131A675C507995789CCB7B2807CB7A2008BF1805CB7A2801373EEC
:20352D0000174F0600F8072A666F792270C3A238F8072A5F2A571A4F131A472A5F561A6F1E
:20354D00131A6758547D917C98CB7B2807CB7A2008BF1805CB7A2801373E0017EE014F0600
:20356D0000F8072A666F792270C3A238F8072A5F2A571A4F131A472A5F561A6F131A67585E
:20358D00547D917C98CB7B2807CB7A2008BF1805CB7A2801373E00174F0600F8072A666F9D
:2035AD00792270C3A238F8072A5F2A571A4F131A472A5F561A6F131A675C507995789CCBDB
:2035CD007B2807CB7A2008BF1805CB7A2801373E0017EE014F0600F8072A666F792270C3E1
:2035ED00A238F8072A5F2A571A4F131A472A5F561A6F131A677D9120067C903E012801AFAB
:20360D00EE014F0600F8072A666F792270C3A238F8072A4F3A472A5F561A6F131AB5280C3C
:20362D00F8092A5F561A6F131AB520041E0018021E0116007B02037A02C3A238F8077EF893
:20364D000B77F8087EF80C77F8072A5F561A4F131AB1200E232A5F561A4F131AB120034FD4
:20366D0018020E010600F80B2A666F792270C3A238F8092A5F561A4F131AB1D6013E001711
:20368D004F06003A6E67792270C3DD2EF8072A5F2A571A4F131A472A5F561A6F131A677D81
:2036AD00A14F7CA047F8072A666F792270C3A238F8072A5F2A571A4F131A472A5F561A6FB6
:2036CD00131A6779B54F78B447F8072A666F792270C3A238F8072A5F2A571A4F131A472AA3
:2036ED005F561A6F131A6779AD4F78AC47F8072A666F792270C3A238F8072A4F4669602AB4
:20370D004F46F8092A5F561AE60F5F1C1804CB21CB101D20F9F8072A666F792270C3A238DE
:20372D00F8072A4F4669602A4F46F8092A5F561AE60F5F1C1804CB38CB191D20F9F8072A6A
:20374D00666F792270C3A238F8077EF80B77F8087EF80C77F8072A5F2A571A4F131A472ADF
:20376D005F561A6F131A675C507995789CCB7B2807CB7A2008BF1805CB7A2801373007F80A
:20378D0009792270180BF8092A5F3A571A22131A77F80B2A5F56F8092A12137E12C3A2388B
:2037AD00F8077EF80B77F8087EF80C77F8072A5F2A571A4F131A472A5F561A6F131A6758D2
:2037CD00547D917C98CB7B2807CB7A2008BF1805CB7A280137380AF8092A5F561A4F131A4B
:2037ED0047F80B2A666F792270C3A238F8092A5F3A2B2B571A4F131A472A5F561A6F131AE8
:20380D0067C5E51E0C217E46CDFB3DE8044F0600F8072A666F792270187BF8092A5F561A9F
:20382D004F131A475950CDD23BF8092A666F792270C3DD2EF8092A5F561A4F131AF5792F49
:20384D004FF12F473A6E67792270C3DD2EF8092A5F561A4F131A5759CDC31C4F0600F80995
:20386D002A666F792270C3DD2ECD1C3B4B42F8092A5F561A6F131A6759504D44CDC20EF8E6
:20388D00092A666F792270C3DD2EF8007EE0907EEA00201815F8032A5F561A4F131A470BDD
:2038AD000B3A6E67792270C3DD2EE80DC9E8FDF80B2A4F46CB21CB107ECB7F2811F8092AB0
:2038CD005F56210800192A666F094D441806211CCC094D44F090F80077F80E7EE090EA00BD
:2038ED0020F80D7EB7200D23232A5F561AF8012236001815F80F7EF80177F8107EF80232D0
:20390D002A5F3A571A22131A77F8012A02033A2B027EE0907EEA0020E803C9F8062A666FEA
:20392D00E5F80A2A5F2A666FCDFB3DE802C9424B1A6F131A6713F090F51AE090EA00202A63
:20394D005FB7284CC5E526006B29292B112803193A5F3AEA1BCC3A474EE153CB3A30032ABA
:20396D00F53328092AF5332AF5331520F7C5444DF802192A666F714D7C237047E1C5D5D545
:20398D00FA1BCCE090EA0020E7E139F9E8061E01F1E090EA00207BC93B3BFA13CCB72011D2
:2039AD00210FCC2277FA0BCCEA11CCFA0CCCEA12CC2120DA36012121DA36102112CC3AB690
:2039CD00CAF63A2115CC36002111CC2A4F462110000936002111CC2A4F46210F00097EB750
:2039ED0020132111CC5E2356CD3B392111CC4E2346B7C2AA3A211100095E2113CC7E93773E
:203A0D00210D00092A4F4678B1280D6960233A5EF680577B02037A022110CC3AB6281C2A9D
:203A2D004F460303033333C52111CC6EFA12CC672323232A4F46E1E57922702111CC2A4F95
:203A4D0046030303FA0BCC2111CC962013FA0CCC2112CC96200A59501A210BCC22131A7760
:203A6D00210DCC2A02037E02FA11CCEA0DCCFA12CCEA0ECC2110CC3AB628132A4F4603036D
:203A8D000359501A2111CC22131A77C3C839FA0BCCEA11CCFA0CCCEA12CCC3C839FA15CCFA
:203AAD00B728043E031853211000095D541AB72011FA21DAF801772121DA35F8017EB7C2D7
:203ACD00C839FA13CCB720211A2120DAA677210FCC79227003030359501A2111CC22131A95
:1D3AED00772121DA3610C3C839210CCC3AB6280AFA20DAB73E0120023E023333C989
:020000040001F9
:20000000E8FCF80A7EF80077F80B7EF80177D1D5210800194D4459501AF80222131A322A3B
:200020005F5613137B02037A02D1D51A4F131A473A6E67792270D1D5F80C2A12137E12E8DB
:2000400004C9E8FCF80A7EF80077F80B7EF80177D1D521080019E57DF80477E17CF80332C8
:200060002A5F561A4F131A470B0B3A6E6779227069602A4F46E1E5792270F80C7EB7281FBB
:20008000F8022A5F561A4F131A47F80C5EAF6B672979954F789C47F8022A666F792270E8FA
:2000A00004C9E8FAF80C7EF80077F80D7EF80177D1D521080019E57DF80677E17CF8053262
:2000C0002A5F561AF80222131A322A4F2A4703032A666F792270D1D51A4F131A47F8022A0B
:2000E000666F792270F8042A5F561AF80222131A322A4F2A4703032A666F792270C1C5032D
:20010000030AF80422AF322B2B2A5F2A577E1213AF12D1D5F80F2A12133A2B127E02E8062E
:20012000C9E8FCF80A7EF80077F80B7EF80177D1D521080019E57DF80477E17CF803322AC1
:200140005F561A4F131A470B0B3A6E67792270D1D513130A12F8022A5F561A4F131A470B34
:200160000B3A6E6779227069602A4F46E1E5792270F80C7EB7281FF8022A5F561A4F131A12
:2001800047F80C5EAF6B672979954F789C47F8022A666F792270E804C93B3BF8082A4F4666
:2001A000210800094D4459501AF80022131A77D1D513137B02037A02D1D5F80A2A12137EBE
:2001C000123333C93B3BF8082A4F46210800093333E5F80A7EB72818D1D51A4F131A475ED4
:2001E00016006B622979954F789C47E1E5792270D1D51A6F131A672A4F4659503333C9E828
:20020000FCF80A7EF80077F80B7EF80177F80C2A4F46CB21CB10D1D521080019E57DF80432
:2002200077E17CF80377F80DCB7E280FF8022A5F561A6F131A67094D441806211CCC094DE6
:20024000446960233A6EB52817D1D5F80E2A12137E1269602A665F541B7B02037A021827E5
:20026000F8107EB72821F8022A5F561A4F131A47F8105E1600CB23CB1279934F789A47F84F
:20028000022A666F792270E804C9F8062A4F2A472A02037E02C9E8FAF80C7EF80077F80D65
:2002A0007EF80177D1D521080019E57DF80477E17CF80377F80E7EB7281EF8022A5F2A573F
:2002C0001A22131A77F80F2A4F4669602A4F4603F8042A666F792270F8022A5F561A4F1392
:2002E0001A4769602A665F541B7B02037A027AB3280CD1D52110001936011E0018021E019B
:20030000E806C9E8F3F8137EF80277F8147EF80377F8192A4F46CB21CB10F8022A5F5621C4
:20032000080019E57DF80677E17CF80577F81ACB7E280FF8042A5F561A6F131A67094D7C98
:200340001806211CCC097C4DF806712377F8022A5F5621050019E57DF80A77E17CF8093218
:200360002A5F561AF80022131A77F8162A4F46F8022A5F5621070019E57DF80C77E17CF8AD
:200380000B77F8007E912015237E902010F80A2A5F2A571A77F8157EF80C962815F8082A15
:2003A000666F792270F80A2A5F56F8157E12160118021600213ADB792270F8157EEA3CDBCB
:2003C00001643CF8132A5F7EF5F8082A666FF1E5D53357D56960CD6B3DE8057BB72836F8B9
:2003E000187EB7281FF8042A5F561A4F131A47F8185EAF6B672979954F789C47F8042A6655
:200400006F792270F8082A666FAF2277F80A2A666F36001818F8022A5F561A4F131A477985
:20042000C6F94F78CEFF473A6E67792270E80DC9E8FCF80A7EF80077F80B7EF80177F80C82
:200440002A4F46CB21CB10CB7E281CD1D521080019E57DF80477E17CF803322A5F561A6FDA
:20046000131A67094D1805211CCC094D692A6EAFB5201CD1D51A4F131A4779C6FD4F78CE21
:20048000FF47E1E5792270D1D5211000193601E804C9F8082A4F46CB21CB10CB7E280FF86B
:2004A000062A5F56210800192A666F091804211CCC097EF5331E0421624ECDFB3D33C9E85D
:2004C000F7F80F7EF80077F8107EF80177F8122A4F46CB21CB10D1D521080019E57DF80465
:2004E00077E17CF80377F813CB7E2816F8022A5F561A6F131A67095D541AF80422131A7798
:20050000180D211CCC095D541AF80422131A77F8142A4F46CB21CB10CB7E2810F8022A5F81
:20052000561A6F131A67092A4F461807211CCC092A4F46F80636003E06F81196DACD45F895
:20054000047E912007237E903E012801AFF80777F8042A917E985678CB7F2807CB7A200822
:20056000BF1805CB7A2801373E0017F80877F804799623789E7857CB7E2807CB7A2008BF77
:200580001805CB7A2801373E00174FF8115E16002196451919E91835180A180E1813181970
:2005A000181C1823F8073A771823F8083A2B77181C79EE01F806771814F80671180FF80832
:2005C0003A2BEE01771806F8073AEE0177F8067EB72809D1D5F8162A12137E12F8187EB757
:2005E000281FF8022A5F561A4F131A47F8185EAF6B672979954F789C47F8022A666F79229A
:2006000070E809C9E8F9F80D7EF80077F80E7EF80177F8102A4F46CB21CB10D1D52108008C
:2006200019E57DF80477E17CF80377F811CB7E2810F8022A5F561A6F131A67092A4F46189D
:2006400007211CCC092A4F46F80436003E06F80F96DAE246F8127E912007237E903E0128D5
:2006600001AFF80577F812799623789E7857CB7E2807CB7A2008BF1805CB7A2801373E0091
:2006800017F80677F8122A917E985678CB7F2807CB7A2008BF1805CB7A2801373E00174F1A
:2006A000F80F5E160021AB461919E91835180A180E18131819181C1823F8053A771823F851
:2006C000063A2B77181C79EE01F804771814F80471180FF8063A2BEE01771806F8053AEE5D
:2006E0000177F8047EB72809D1D5F8142A12137E12F8167EB7281FF8022A5F561A4F131A96
:2007000047F8165EAF6B672979954F789C47F8022A666F792270E807C9E8FCF80A2A4F4663
:200720002108000933335D54D51AF80222131A77F80C2A4F46CB21CB10CB7E280AF8022A98
:20074000666F094D441806211CCC094D4469602A4F46F8022A666F792270D1D51A4F131AA1
:20076000470303E1E5792270E804C9E8FCF80A2A5F2A572A4F46CB21CB1021080019333388
:200780005D54D51AF80222131A77F80DCB7E280AF8022A666F094D441806211CCC094D4425
:2007A00069602A4F46F80C792270CB21CB10CB7E280AF8022A666F094D441806211CCC099D
:2007C0004D4469602A4F46F8022A666F792270D1D51A4F131A470303E1E5792270E804C9ED
:2007E000E8FCF80A2A4F462108000933335D54D51AF80222131A77F80DCB7E281CF8022AA6
:200800004F4679D61C4F78DECC47CB38CB19F80C2A5E814F7B88471805F80C2A4F46F802B9
:200820002A666F792270D1D51A4F131A470303E1E5792270E804C93B3BF8082A4F46210841
:2008400000094D4459501AF80022131A77F80A7E5F079F57CB23CB12E1E5195D547B0203C6
:200860007A023333C9E8FCF80A2A5F2A572A4F46CB21CB10210800193333E5F80DCB7E2854
:2008800011D1D51A6F131A67094D7CF802712377180B211CCC094D7CF802712377F80E2A7A
:2008A0004F46CB21CB10CB7E280AD1D51A6F131A67091804211CCC092A4F46F8022A666FAF
:2008C000792270E804C9F8082A4F46CB21CB10CB7E2811F8062A5F56210800192A666F0929
:2008E0004D441806211CCC094D44F80A2A02037E02C9E8FAF80C7EF80077F80D7EF8017766
:20090000F80E2A4F46CB21CB10D1D521080019E57DF80677E17CF80577F80FCB7E2814F837
:20092000042A5F561A6F131A67094D7CF802712377180B211CCC095D54F8027B2272F810E9
:200940002A4F46CB21CB10CB7E280DF8042A5F561A6F131A67091819D1D5210A0019E57D15
:20096000F80677E17CF805322A5F561A6F131A67092A4F46F8022A666F792270E806C9F8FF
:20098000087E0F3003CDBD0140C9F8062A4F46211000093601C9F8082A4F46CB21CB10CBB3
:2009A0007E2810F8062A5F56210800192A666F094D1805211CCC094D692A4F46C5CD473B55
:2009C000E1C9F8082A4F46CB21CB10CB7E2811F8062A5F56210800192A666F095D5418066F
:2009E000211CCC095D54D5CD1C3BD5F8104EF81146D1CDC20ED1F80A2A666F094D4479125C
:200A0000137812C9F8062A4F4621110009342113CC34C9F8062A4F46211100097EB7C83D15
:200A2000772113CC35C93B3BF80A7EEA15CCF80B7EEA16CCF8082A4F46595013131AEA178A
:200A4000CC69602A665F542118CC7B227259501AF80022131A77D1D5F80B6E2600195D5422
:200A60007B02037A023333C9E8FCF80A2A5F2A572A4F46CB21CB10210800193333E5F80D43
:200A8000CB7E280AD1D51A6F131A67091804211CCC092A664F44CB21CB10CB7C2811D1D5D1
:200AA0001A6F131A67094D7CF802712377180B211CCC094D7CF802712377F80E2A4F46CBAF
:200AC00021CB10CB7E280AD1D51A6F131A67091804211CCC092A4F46F8022A666F792270E2
:200AE000E804C9E8FCF80A2A5F2A572A4F46CB21CB10210800193333E5F80DCB7E2811D1E6
:200B0000D51A6F131A67094D7CF802712377180B211CCC094D7CF802712377F80E2A4F4644
:200B2000CB21CB10CB7E280AD1D51A6F131A67091804211CCC092A664F44CB21CB10CB7C48
:200B4000280AD1D51A6F131A67091804211CCC092A4F46F8022A666F792270E804C9F808F1
:200B60002A4F46CB21CB10CB7E280FF8062A5F56210800192A666F091804211CCC09E52114
:200B800014CC4EE1AF7123772114CC3600C9F8082A4F46CB21CB10CB7E280FF8062A5F56A9
:200BA000210800192A666F091804211CCC095D54010000F80C7E912004237E90C8F80A2AAF
:200BC00012137E12130318EBE8FAF8127EF80077F8137EF80132CB2623CB16F80C2A5F56E2
:200BE000F8102A4F46CB21CB1021080019E57DF80477E17CF80377F811CB7E280FF8022AD4
:200C00005F561A6F131A67094D7C1806211CCC097C4DF804712377F80E2A4F46CB21CB10A4
:200C2000CB7E280DF8022A5F561A6F131A67091804211CCC095D54C1C5C5F8062A4F46CD83
:200C40006E10E806C9E8FBF80B7EB7282211000ED5110000D5111CCCD5CD6C3DE8061130AD
:200C600001D5110000D511DBCAD5CD6C3DE806F8023E1C2236D2210DCC3EDB2236CAAF2146
:200C80000BCC2277AFF800227711F8CBF8043610F8047EB728474B42030303F8002A020331
:200CA0007E02210A00194D44F8022A02037E02210C00194D44F8043A2B02D52A5F562180A7
:200CC0000019D1E57DF80477E17CF803224B427BC6ED5F7ACEFF573333C53518B32113CCF8
:200CE00036002114CC3600AF210FCC2277FA0BCCEA11CCFA0CCCEA12CCE805C9E8F3210E51
:200D0000CC3AB62006010000C35F4E210DCC2A4F46F80279227021030009E57DF80B77E1D8
:200D20007CF80A322A5F561A210DCC22131A775950F8142A12133A2B12595013137E12214F
:200D4000080009E57DF80677E17CF80577210A00095D541AF80B22131A77F8042A5F56F83F
:200D60000B2A12137E12210D00095D54F8162A12137E123AB628122A5F56210C00097EF8FF
:200D80000B22AF327E1213AF12210F00093600211100093600211200093600210700093628
:200DA00000F8092A666FAF2277210CCC3AB628252A4F46030303F80B792278322A5F561AAC
:200DC0004F131A47B120ECF80B2A5F56F8022A12137E121806210BCC792270F8187EB7284A
:200DE00079E5211A00395D54E16B6223E57DF80877E17CF80777F8187EF80C77F80C7EB7B1
:200E00002858F8042A5F561AF80822131A322A4F460303F8042A666F792270F8062A5F5634
:200E2000210200193333E5F8007EF80677F8017EF80777D1D52102007B955F7A9CF80B32D0
:200E40007B222B2A5F3A571A22131A322B2B2A5F2A572A12132A123518A2F8022A4F46E89A
:200E60000DC9FA0BCCEA1CDAFA0CCCEA1DDA211DDA3AB628502A4F46210C00095EF8067EE9
:200E8000932033210D00092A4F4678B1281A6960233A5EF680577B02037A02211CDA2A4F2E
:200EA00046210D0009AF2277211CDA2A4F46210F00093E0177C903030359501A211CDA22DA
:200EC000131A7718A9AFC9FA0BCCEA1EDAFA0CCCEA1FDA211FDA3AB628272A4F46210C0088
:200EE000095EF8067E93200A210D0009AF22773E01C903030359501A211EDA22131A771808
:030F0000D2AFC9A4
:020000040003F7
:20C6970012041A0047800000000D0115FD0D00FE010001001A0147490000FFFF0615FD0D91
:20C6B70000FE020001001A0146C90000FFFF060946FD15FD0300FE040004001A0146F80074
:20C6D70000FFFF0615FD0300FE050004001A0146F00000FFFF060946F5140005000309461F
:20C6F700FD140005000315FD0D00FE030001001A01472C0000FFFF0615FD0300FE0600043A
:20C71700001A0147240000FFFF06094729140006000309474615FD0300FE050004001A0115
:20C7370047410000FFFF06094746140006000309477D15FD0300FE030004001A01477800E2
:20C7570000FFFF0615FD0300FE040004001A0147700000FFFF06094775140004000309479D
:20C777007D14000400030947B415FD0300FE020004001A0147AF0000FFFF0615FD0300FEC5
:20C79700030004001A0147A70000FFFF060947AC14000300030947B4140003000315FD0325
:1AC7B70000FBFDFF00140007FFFC75FFFC140007FFFC74FFFC180946990066
:020000040001F9
:208930001207190000FFFC1A0049430002FFFC0109528766080A7D9D0615FD0500FF012D98
:20895000FB050000140003FFFC8EFFFC7C0506FF7FFF7FFF7FFF7FFF07FF07FF070D7C183A
:2089700018187C0506DF63DF636A430D7CFF07FF075F060D7C2615FD0500FE010002001A24
:2089900001499B0000FFFF060952861A0049A70000002C010949B715FD0B00FF012BFB0B6F
:2089B0000000140001002C7B0061140001FFFC74FFFC140001FFFC840004FFFC3F0404FF32
:2089D000FC66080A7DCF06140001FFFC3F0800FFFC7C0506FF7FFF7FFF7FFF7FFF07FF07E4
:2089F000FF070D7C1818187C0506DF63DF636A430D7CFF07FF075F060D7C262514005AFF9D
:208A1000F90DFFF90042960426140001FFFC3F0202FFFC6608087E770614003CFFF914002B
:208A300002FFFA15FE0200FBFBFF000DFFF90049F30B15FE0009FE00004DFBFDFFFE000079
:208A5000FE00004DFBFEFF00140001FFFF140003FFFC30FFFC140003FFFC33FFFC1400B46B
:208A7000FFF90DFFF90042960414000100170100050DFFFF014296047C02FF777FAE535F20
:208A900057137DFC5730234A1282007F5BDC429049A11C586B3B6E31540800FF633367CA0E
:208AB00041A2287F5F10434E260C15FD73D74B8B42C52CFF633367CA41A2287C04FF6332A0
:208AD000FF0B7F062E7CFF7FFF676B472E7C3F22FF0B7F062E7C0000FF676B472E7C0000B1
:208AF000DF733B42000063326B47FF67FF67FF7FDF733B4200003F22DF733B420000010006
:208B1000050DFFFF014296047C02FF787FAF575F5B347DFC5751276B16A2049F5BDC46B1B4
:208B30004DC120786F5C7252582A04FF63546BEB45C22C9F5F31476F2A2D19FD73D74FAC94
:208B500046E630FF63546BEB45C22C7C04FF6332FF0F9F0E4F7CFF7FFF678C4B4F7C3F22E9
:208B7000FF0F9F0E4F7C0000FF678C4B4F7C0000DF735C46000063328C4BFF67FF67FF7FAD
:208B9000DF735C4600003F22DF735C4600000100050DFFFF014296047C02FF787FD0577F74
:208BB0005B747DFD5B522F8C1EC3089F5FFD4AD251E224796F7C72735C4B04FF67546B0C78
:208BD0004AE3309F63324B902E4E1DFD77D853AD4A0735FF67546B0C4AE3307C04FF63320C
:208BF000FF17BF12917CFF7FFF6B8E4F917C3F22FF17BF12917C0000FF6B8E4F917C0000F6
:208C1000DF777C4A000063328E4FFF6BFF6BFF7FDF777C4A00003F22DF777C4A00000100CA
:208C3000050DFFFF014296047C02FF997FD25B7F5F957DFD5F7333AE22E40C9F631D4FF362
:208C500051232D796F9C72B5606D08FF67756F2E4E25399F63534FB1368F25FE77D857CF0D
:208C70004E483DFF67756F2E4E25397C04FF6332FF1FDF1AB27CFF7FFF6B8F53B27C3F223B
:208C9000FF1FDF1AB27C0000FF6B8F53B27C0000DF779C4E210463328F53FF6BFF6BFF7FD7
:208CB000DF779C4E21043F22DF779C4E21040100050DFFFF014296047C02FF997FD35F9F25
:208CD00063D67DFD63743BCF2A26119F631D53345645319A73BD72D6608E0CFF6B766F4F73
:208CF00052463D9F675453B23AB129FE77D95BF0526A41FF6B766F4F52463D7C04FF6332FF
:208D1000FF27FF22F37CFF7FFF6FB057F37C3F22FF27FF22F37C0000FF6FB057F37C000030
:208D3000DF77BD5221046332B057FF6FFF6FFF7FDF77BD5221043F22DF77BD52210401002D
:208D5000050DFFFF014296047C02FF9A7FD4639F67F77DFD63953FF02E4715BF673D575512
:208D70005A86399A73DD761765D014FF6B776F70568845BF6B7557D342F231FE77FA5F111A
:208D900057AB45FF6B776F705688457C04FF6332FF2F1F27347DFF7FFF6FB25B347D3F2255
:208DB000FF2F1F27347D0000FF6FB25B347D0000DF77DD5642086332B25BFF6FFF6FFF7F83
:208DD000DF77DD5642083F22DF77DD5642080100050DFFFF014296047C02FFBB7FD5679FFC
:208DF00067387EFD6796471237891DBF6B5E5B765EA83D9B73FD765869121DFF6F9873B2DE
:208E10005AAA49BF6B765BF5461336FE77FA5F335BCD4DFF6F9873B25AAA497C04FF633274
:208E3000FF373F33757DFF7FFF73B35F757D3F22FF373F33757D0000FF73B35F757D000023
:208E5000DF77FD5A84106332B35FFF73FF73FF7FDF77FD5A84103F22DF77FD5A84100100D4
:208E7000050DFFFF014296047C02FFBB7FD767BF6B797EFE6BB74F343FCB25BF6B5E5FB76F
:208E900062EA45BB771D77996D5425FF6F9973D35EEC51BF6F975F164F553EFE7BFB6734D9
:208EB0005F0F52FF6F9973D35EEC517C04FF6332FF3F3F3BB67DFF7FFF73B563B67D3F225F
:208ED000FF3F3F3BB67D0000FF73B563B67D0000FF7B1D5FC6186332B563FF73FF73FF7FF7
:208EF000FF7B1D5FC6183F22FF7B1D5FC6180100050DFFFF014296047C02FFBC7FD86BBFB1
:208F10006F9A7EFE6FB85755472E32DF6F7E67D8662D4EBC773E7BFA71B52DFF73BA77F585
:208F3000624E56DF73996337579646FE7BFC6B5663515AFF73BA77F5624E567C04FF63326D
:208F5000FF4B5F43187EFF7FFF77D667187E3F22FF4B5F43187E0000FF77D667187E00008C
:208F7000FF7B3E6308216332D667FF77FF77FF7FFF7B3E6308213F22FF7B3E630821010077
:208F9000050DFFFF014296047C02FFDC7FF96FBF73DB7EFE73BA5B7753703EDF739E6B1A96
:208FB0006B9056DD7B5E7B5B72F739FF77BB77376B915EDF73BA6B595FD852FE7BFC6F7834
:208FD0006B9462FF77BB77376B915E7C04FF6332FF537F4F597EFF7FFF77D86B597E3F226D
:208FF000FF537F4F597E0000FF77D86B597E0000FF7B5E6B6B2D6332D86BFF77FF77FF7FBD
:20901000FF7B5E6B6B2D3F22FF7B5E6B6B2D0100050DFFFF014296047C02FFDD7FFB73DF15
:20903000731C7FFE73DB63995BD34ADF77BE6F5B73D35EDD7B7E7BBC76794AFF77DC7B5964
:209050006FD466DF77BB6F9A671A5BFF7BFD73996FF666FF77DC7B596FD4667C04FF633230
:20907000FF5F9F5BBB7EFF7FFF7BDA6FBB7E3F22FF5F9F5BBB7E0000FF7BDA6FBB7E0000E7
:20909000FF7B7E6FEF3D6332DA6FFF7BFF7BFF7FFF7B7E6FEF3D3F22FF7B7E6FEF3D010055
:2090B000050DFFFF014296047C02FFDE7FFC77DF775D7FFF77DC6FBB67175BDF77BF737CDB
:2090D00077376BDE7BBE7B1D7BDB5AFF7BDD7B9B73376FDF7BDC73BC6F5B67FF7FFE77BB3E
:2090F00073396FFF7BDD7B9B73376F7C04FF6332FF67BF671C7FFF7FFF7BDB731C7F3F2242
:20911000FF67BF671C7F0000FF7BDB731C7F0000FF7F9F7394526332DB73FF7BFF7BFF7FEA
:20913000FF7F9F7394523F22FF7F9F7394520100050DFFFF014296047C02FFFE7FFE7BFF72
:209150007BBE7FFF7BFE77DD739B6BFF7BDF7BBE7B9B73FE7FDF7F7E7B5D6BFF7BFE7FBD97
:209170007B9B77FF7BDE7BDD779D73FF7FFE7BDD7B9C77FF7BFE7FBD7B9B777C04FF633264
:20919000FF73DF737D7FFF7FFF7FFD7B7D7F3F22FF73DF737D7F0000FF7FFD7B7D7F00007C
:2091B000FF7FDF7B39676332FD7BFF7FFF7FFF7FFF7FDF7B39673F22FF7FDF7B396701004E
:2091D000050DFFFF014296047C02FFFF7FFF7FFF7FFF7FFF7FFF7FFF7FFF7FFF7FFF7FFF2A
:2091F0007FFF7FFF7FFF7FFF7FFF7FFF7FFF7FFF7FFF7FFF7FFF7FFF7FFF7FFF7FFF7FFF7F
:209210007FFF7FFF7FFF7FFF7FFF7F7C04FF6332FF7FFF7FFF7FFF7FFF7FFF7FFF7F3F2262
:20923000FF7FFF7FFF7F0000FF7FFF7FFF7F0000FF7FFF7FFF7F6332FF7FFF7FFF7FFF7F23
:20925000FF7FFF7FFF7F3F22FF7FFF7FFF7F15FE0000FBFDFFFE0000FBFEFF00140000FF96
:18927000FC35FFFC3200FFFC15FF03F8691CC50027030211E74D0000C3
:020000040000FA
:20944B001208140000002A1A00545E0002002A02095AE514001EFFFC0DFFFC004296041541
:20946B00F97504FFF9754EDBFE00012A2B0023FFFF020166080A7A3106140001FFFC8400A4
:20948B0005FFFC3F0404FFFC140000FFFC3AFFFC140001FFF93AFFF915FDFDFFFDFAFF02F6
:2094AB00001A0157B00000FFFF01140001FFFC3AFFFC15FDFDFFFE10002FFBF9FF0015FDEB
:2094CB00FEFFFE10002FFBF8FF0015FDF9FFFEFEFF2BFE04004CFBFDFFFDF8FFFEECFF2BD8
:2094EB00FE04004CFBFEFF00140001FFFC35FFFC1818140001FFFC3AFFFC15FDFDFFFE104A
:20950B00002FFBF9FF0015FDFEFFFE10002FFBF8FF0015FDF9FFFEFEFF2BFE04004CFBFD6A
:20952B00FFFDF8FFFEF1FF2BFE04004CFBFEFF00140001FFFC35FFFC18181818140001FF1A
:20954B00FC3AFFFC15FDFDFFFE10002FFBF9FF0015FDFEFFFE10002FFBF8FF0015FDF9FF49
:20956B00FEFEFF2BFE04004CFBFDFFFDF8FFFEF6FF2BFE04004CFBFEFF00140001FFFC35D8
:20958B00FFFC140006FFF90DFFF900429604140001FFFC3AFFFC15FDFDFFFE10002FFBF94E
:2095AB00FF0015FDFEFFFE10002FFBF8FF0015FDF9FFFEFEFF2BFE04004CFBFDFFFDF8FFFA
:2095CB00FEFBFF2BFE04004CFBFEFF00140001FFFC35FFFC140008FFF90DFFF900429604E2
:2095EB00140001FFFC3AFFFC15FDFDFFFE10002FFBF9FF0015FDFEFFFE10002FFBF8FF009F
:20960B0015FDF9FFFEFEFF2BFE04004CFBFDFFFDF8FFFE00002BFE04004CFBFEFF00140053
:20962B0001FFFC35FFFC140001FFFC3AFFFC15FDFDFFFE10002FFBF9FF0015FDFEFFFE1053
:20964B00002FFBF8FF0015FDF9FFFEFEFF2BFE04004CFBFDFFFDF8FFFE00002BFE04004CFE
:20966B00FBFEFF00140001FFFC35FFFC140008FFF90DFFF900429604140001FFFC3AFFFC6D
:20968B0015FDFDFFFE10002FFBF9FF0015FDFEFFFE10002FFBF8FF0015FDF9FFFEFEFF2B13
:2096AB00FE04004CFBFDFFFDF8FFFE05002BFE04004CFBFEFF00140001FFFC35FFFC14009E
:2096CB0006FFF90DFFF900429604140001FFFC3AFFFC15FDFDFFFE10002FFBF9FF0015FD0B
:2096EB00FEFFFE10002FFBF8FF0015FDF9FFFEFEFF2BFE04004CFBFDFFFDF8FFFE0A002B97
:20970B00FE04004CFBFEFF00140001FFFC35FFFC18181818140001FFFC3AFFFC15FDFDFF05
:20972B00FE10002FFBF9FF0015FDFEFFFE10002FFBF8FF0015FDF9FFFEFEFF2BFE04004C32
:20974B00FBFDFFFDF8FFFE0F002BFE04004CFBFEFF00140001FFFC35FFFC1818140001FF11
:20976B00FC3AFFFC15FDFDFFFE10002FFBF9FF0015FDFEFFFE10002FFBF8FF0015FDF9FF27
:20978B00FEFEFF2BFE04004CFBFDFFFDF8FFFE14002BFE04004CFBFEFF00140001FFFC3597
:2097AB00FFFC095AA8140001FFFC3AFFFC15FDFDFFFE10002FFBF9FF0015FDFEFFFE1000F8
:2097CB002FFBF8FF0015FDF9FFFE02002BFE04004CFBFDFFFDF8FFFEECFF2BFE04004CFB92
:2097EB00FEFF00140001FFFC35FFFC1818140001FFFC3AFFFC15FDFDFFFE10002FFBF9FF6E
:20980B000015FDFEFFFE10002FFBF8FF0015FDF9FFFE02002BFE04004CFBFDFFFDF8FFFE93
:20982B00F1FF2BFE04004CFBFEFF00140001FFFC35FFFC18181818140001FFFC3AFFFC15C2
:20984B00FDFDFFFE10002FFBF9FF0015FDFEFFFE10002FFBF8FF0015FDF9FFFE02002BFE63
:20986B0004004CFBFDFFFDF8FFFEF6FF2BFE04004CFBFEFF00140001FFFC35FFFC140006E4
:20988B00FFF90DFFF900429604140001FFFC3AFFFC15FDFDFFFE10002FFBF9FF0015FDFE51
:2098AB00FFFE10002FFBF8FF0015FDF9FFFE02002BFE04004CFBFDFFFDF8FFFEFBFF2BFEE0
:2098CB0004004CFBFEFF00140001FFFC35FFFC140008FFF90DFFF900429604140001FFFCF0
:2098EB003AFFFC15FDFDFFFE10002FFBF9FF0015FDFEFFFE10002FFBF8FF0015FDF9FFFEA4
:20990B0002002BFE04004CFBFDFFFDF8FFFE00002BFE04004CFBFEFF00140001FFFC35FF23
:20992B00FC140001FFFC3AFFFC15FDFDFFFE10002FFBF9FF0015FDFEFFFE10002FFBF8FF5F
:20994B000015FDF9FFFE02002BFE04004CFBFDFFFDF8FFFE00002BFE04004CFBFEFF00140B
:20996B000001FFFC35FFFC140008FFF90DFFF900429604140001FFFC3AFFFC15FDFDFFFE6A
:20998B0010002FFBF9FF0015FDFEFFFE10002FFBF8FF0015FDF9FFFE02002BFE04004CFBCE
:2099AB00FDFFFDF8FFFE05002BFE04004CFBFEFF00140001FFFC35FFFC140006FFF90DFFDA
:2099CB00F900429604140001FFFC3AFFFC15FDFDFFFE10002FFBF9FF0015FDFEFFFE100007
:2099EB002FFBF8FF0015FDF9FFFE02002BFE04004CFBFDFFFDF8FFFE0A002BFE04004CFB51
:209A0B00FEFF00140001FFFC35FFFC18181818140001FFFC3AFFFC15FDFDFFFE10002FFB13
:209A2B00F9FF0015FDFEFFFE10002FFBF8FF0015FDF9FFFE02002BFE04004CFBFDFFFDF876
:209A4B00FFFE0F002BFE04004CFBFEFF00140001FFFC35FFFC1818140001FFFC3AFFFC15B4
:209A6B00FDFDFFFE10002FFBF9FF0015FDFEFFFE10002FFBF8FF0015FDF9FFFE02002BFE41
:209A8B0004004CFBFDFFFDF8FFFE14002BFE04004CFBFEFF00140001FFFC35FFFC140001A8
:209AAB00FFFC840016FFFC3F0404FFFC6608087B7B0614000CFFF9140002FFFA15FE02001B
:209ACB00FBFBFF000DFFF90049F30B15FD2A00FE01002BFB2A000009545214003CFFF90DAB
:209AEB00FFF9004296042400020000002B1A005FD50000002B01140001FFFC840017FFFC16
:209B0B003F0404FFFC14000CFFF90DFFF900429604140001FFFC840018FFFC3F0400FFFC1A
:209B2B0014001EFFF90DFFF900429604140000FFFC3AFFFC140001FFF93AFFF915FDFDFF7E
:209B4B00FDFAFF02001A015D970000FFFF0115FE0000FE00004DFBFDFFFE8007FE00004DCF
:209B6B00FBFEFF00140001FFFF140001FFFC30FFFC66080A7CBF0614000CFFF9140001FFAF
:209B8B00FA15FE0200FBFBFF000DFFF90049F30B140001FFFC3AFFFC15FDFDFFFE10002FDA
:209BAB00FBF9FF0015FDFEFFFE10002FFBF8FF0015FDF9FFFE06002BFE04004CFBFDFFFDEE
:209BCB00F8FFFEF8FF2BFE04004CFBFEFF00140001FFFC35FFFC1818140001FFFC3AFFFC68
:209BEB0015FDFDFFFE10002FFBF9FF0015FDFEFFFE10002FFBF8FF0015FDF9FFFE05002BA6
:209C0B00FE04004CFBFDFFFDF8FFFEFCFF2BFE04004CFBFEFF00140001FFFC35FFFC181826
:209C2B001818140001FFFC3AFFFC15FDFDFFFE10002FFBF9FF0015FDFEFFFE10002FFBF827
:209C4B00FF0015FDF9FFFE04002BFE04004CFBFDFFFDF8FFFEFEFF2BFE04004CFBFEFF001E
:209C6B00140001FFFC35FFFC140008FFF90DFFF900429604140001FFFC3AFFFC15FDFDFF51
:209C8B00FE10002FFBF9FF0015FDFEFFFE10002FFBF8FF0015FDF9FFFE03002BFE04004CC7
:209CAB00FBFDFFFDF8FFFE00002BFE04004CFBFEFF00140001FFFC35FFFC140008FFF90DDE
:209CCB00FFF900429604140001FFFC3AFFFC15FDFDFFFE10002FFBF9FF0015FDFEFFFE1005
:209CEB00002FFBF8FF0015FDF9FFFE02002BFE04004CFBFDFFFDF8FFFE02002BFE04004C51
:209D0B00FBFEFF00140001FFFC35FFFC18181818140001FFFC3AFFFC15FDFDFFFE10002F10
:209D2B00FBF9FF0015FDFEFFFE10002FFBF8FF0015FDF9FFFE01002BFE04004CFBFDFFFD71
:209D4B00F8FFFE04002BFE04004CFBFEFF00140001FFFC35FFFC181815FE8001FBFDFFFE95
:209D6B008007FBFEFF00140001FFFC35FFFC140001FFFC840016FFFC3F0404FFFC140030EE
:209D8B00FFF90DFFF900429604095FD215FE0009FE00004DFBFDFFFE8007FE00004DFBFE7E
:209DAB00FF00140001FFFF140001FFFC30FFFC66080A7CBF0614000CFFF9140001FFFA1557
:209DCB00FE0200FBFBFF000DFFF90049F30B140001FFFC3AFFFC15FDFDFFFE10002FFBF9B3
:209DEB00FF0015FDFEFFFE10002FFBF8FF0015FDF9FFFEFAFF2BFE04004CFBFDFFFDF8FFB6
:209E0B00FEF8FF2BFE04004CFBFEFF00140001FFFC35FFFC1818140001FFFC3AFFFC15FD0A
:209E2B00FDFFFE10002FFBF9FF0015FDFEFFFE10002FFBF8FF0015FDF9FFFEFBFF2BFE047E
:209E4B00004CFBFDFFFDF8FFFEFCFF2BFE04004CFBFEFF00140001FFFC35FFFC18181818B6
:209E6B00140001FFFC3AFFFC15FDFDFFFE10002FFBF9FF0015FDFEFFFE10002FFBF8FF0016
:209E8B0015FDF9FFFEFCFF2BFE04004CFBFDFFFDF8FFFEFEFF2BFE04004CFBFEFF001400D0
:209EAB0001FFFC35FFFC140008FFF90DFFF900429604140001FFFC3AFFFC15FDFDFFFE1015
:209ECB00002FFBF9FF0015FDFEFFFE10002FFBF8FF0015FDF9FFFEFDFF2BFE04004CFBFDA2
:209EEB00FFFDF8FFFE00002BFE04004CFBFEFF00140001FFFC35FFFC140008FFF90DFFF99C
:209F0B0000429604140001FFFC3AFFFC15FDFDFFFE10002FFBF9FF0015FDFEFFFE10002F8B
:209F2B00FBF8FF0015FDF9FFFEFEFF2BFE04004CFBFDFFFDF8FFFE02002BFE04004CFBFE49
:209F4B00FF00140001FFFC35FFFC18181818140001FFFC3AFFFC15FDFDFFFE10002FFBF9D3
:209F6B00FF0015FDFEFFFE10002FFBF8FF0015FDF9FFFEFFFF2BFE04004CFBFDFFFDF8FF2F
:209F8B00FE04002BFE04004CFBFEFF00140001FFFC35FFFC181815FE8007FBFDFFFE8007BD
:209FAB00FBFEFF00140001FFFC35FFFC140001FFFC840016FFFC3F0404FFFC14001EFFF94D
:209FCB000DFFF900429604096804140001FFFC840005FFFC3F0404FFFC66080A7A3106140D
:209FEB000001FFFC3AFFFC15FDFDFFFE10002FFBF9FF0015FDFEFFFE10002FFBF8FF001594
:20A00B00FDF9FFFE00002BFE04004CFBFDFFFDF8FFFEECFF2BFE04004CFBFEFF001400016F
:20A02B00FFFC35FFFC1818140001FFFC3AFFFC15FDFDFFFE10002FFBF9FF0015FDFEFFFE2A
:20A04B0010002FFBF8FF0015FDF9FFFE00002BFE04004CFBFDFFFDF8FFFEF1FF2BFE04003D
:20A06B004CFBFEFF00140001FFFC35FFFC18181818140001FFFC3AFFFC15FDFDFFFE100090
:20A08B002FFBF9FF0015FDFEFFFE10002FFBF8FF0015FDF9FFFE00002BFE04004CFBFDFFDD
:20A0AB00FDF8FFFEF6FF2BFE04004CFBFEFF00140001FFFC35FFFC140006FFF90DFFF900E6
:20A0CB00429604140001FFFC3AFFFC15FDFDFFFE10002FFBF9FF0015FDFEFFFE10002FFBCF
:20A0EB00F8FF0015FDF9FFFE00002BFE04004CFBFDFFFDF8FFFEFBFF2BFE04004CFBFEFF89
:20A10B0000140001FFFC35FFFC140008FFF90DFFF900429604140001FFFC3AFFFC15FDFDAB
:20A12B00FFFE10002FFBF9FF0015FDFEFFFE10002FFBF8FF0015FDF9FFFE00002BFE040072
:20A14B004CFBFDFFFDF8FFFE00002BFE04004CFBFEFF00140001FFFC35FFFC140001FFFCFE
:20A16B00840017FFFC3F0404FFFC14000CFFF90DFFF900429604140001FFFC840018FFFC5C
:20A18B003F0400FFFC14001EFFF90DFFF900429604140001FFFC3AFFFC15FDFDFFFE10000A
:20A1AB002FFBF9FF0015FDFEFFFE10002FFBF8FF0015FDF9FFFE00002BFE04004CFBFDFFBC
:20A1CB00FDF8FFFE00002BFE04004CFBFEFF00140001FFFC35FFFC140008FFF90DFFF900B8
:20A1EB00429604140001FFFC3AFFFC15FDFDFFFE10002FFBF9FF0015FDFEFFFE10002FFBAE
:20A20B00F8FF0015FDF9FFFE00002BFE04004CFBFDFFFDF8FFFE05002BFE04004CFBFEFF5C
:20A22B0000140001FFFC35FFFC140006FFF90DFFF900429604140001FFFC3AFFFC15FDFD8C
:20A24B00FFFE10002FFBF9FF0015FDFEFFFE10002FFBF8FF0015FDF9FFFE00002BFE040051
:20A26B004CFBFDFFFDF8FFFE0A002BFE04004CFBFEFF00140001FFFC35FFFC18181818146F
:20A28B000001FFFC3AFFFC15FDFDFFFE10002FFBF9FF0015FDFEFFFE10002FFBF8FF0015F1
:20A2AB00FDF9FFFE00002BFE04004CFBFDFFFDF8FFFE0F002BFE04004CFBFEFF00140001A9
:20A2CB00FFFC35FFFC1818140001FFFC3AFFFC15FDFDFFFE10002FFBF9FF0015FDFEFFFE88
:20A2EB0010002FFBF8FF0015FDF9FFFE00002BFE04004CFBFDFFFDF8FFFE14002BFE040077
:20A30B004CFBFEFF00140001FFFC35FFFC140003FFF9140002FFFA15FE0200FBFBFF000D79
:20A32B00FFF90049F30B6608087B7B06140001FFFC3AFFFC15FDFDFFFE80002FFBF9FF006E
:20A34B0015FDF9FFFE04002DFE07004CFBFDFFFE0008FBFEFF00140006FFFC35FFFC14001A
:20A36B0001FFFC3AFFFC15FDFDFFFE80002FFBF9FF0015FDF9FFFE04002BFE07004CFBFD73
:20A38B00FFFE0008FBFEFF00140005FFFC35FFFC15FF01F86997C60015FF00F8699BC600C8
:20A3AB0015FF01F8699CC60015FF05F8699EC600010001017FFE2D6BC601020215FF14F8D9
:20A3CB0069A1C60015FF05F8699EC60015FF0AF869A5C600140001FFFC3AFFFC15FDFDFF87
:20A3EB00FDFEFFFE4000FE03000080FFFC04020415FF01F86997C60015FF00F8699BC600EB
:20A40B0015FF01F8699CC60015FF05F8699EC600010001017FFE2D6BC601020215FF14F878
:20A42B0069A1C60015FF05F8699EC60015FF0AF869A5C600140001FFFC3AFFFC15FDFDFF26
:20A44B00FDFEFFFEC000FE03000080FFFC040204140001FFFC3AFFFC15FDFDFFFE10002F23
:20A46B00FBF9FF0015FDFEFFFE10002FFBF8FF0015FDF9FFFE00002BFE04004CFBFDFFFD2B
:20A48B00F8FFFEF6FF2BFE04004CFBFEFF00140001FFFC35FFFC1818140001FFFC3AFFFCA1
:20A4AB0015FDFDFFFE10002FFBF9FF0015FDFEFFFE10002FFBF8FF0015FDF9FFFE00002BE2
:20A4CB00FE04004CFBFDFFFDF8FFFEFBFF2BFE04004CFBFEFF00140001FFFC35FFFC18185F
:20A4EB001818140001FFFC3AFFFC15FDFDFFFE10002FFBF9FF0015FDFEFFFE10002FFBF85F
:20A50B00FF0015FDF9FFFE00002BFE04004CFBFDFFFDF8FFFEFDFF2BFE04004CFBFEFF005A
:20A52B00140001FFFC35FFFC140006FFF90DFFF900429604140001FFFC3AFFFC15FDFDFF8A
:20A54B00FE10002FFBF9FF0015FDFEFFFE10002FFBF8FF0015FDF9FFFE00002BFE04004C01
:20A56B00FBFDFFFDF8FFFEFFFF2BFE04004CFBFEFF00140001FFFC35FFFC140008FFF90D17
:20A58B00FFF900429604140001FFFC3AFFFC15FDFDFFFE10002FFBF9FF0015FDFEFFFE103C
:20A5AB00002FFBF8FF0015FDF9FFFE00002BFE04004CFBFDFFFDF8FFFE00002BFE04004C8C
:20A5CB00FBFEFF00140001FFFC35FFFC140008FFF90DFFF900429604140001FFFC3AFFFCFE
:20A5EB0015FDFDFFFE80002FFBF9FF0015FDF9FFFE04002DFE07004CFBFDFFFE0008FBFE22
:20A60B00FF00140006FFFC35FFFC140001FFFC3AFFFC15FDFDFFFE80002FFBF9FF0015FDE6
:20A62B00F9FFFE04002BFE07004CFBFDFFFE0008FBFEFF00140005FFFC35FFFC66080A7C6C
:20A64B00BF0615FF00F86997C60015FF00F8699BC60015FF00F8699CC60015FF00F8699D99
:20A66B00C60015FF00F8699EC60015FF00F869A5C600140006FFFC3AFFFC15FDFDFFFDFEFD
:20A68B00FFFE0000FE03000080FFFC030204140005FFFC3AFFFC15FDFDFFFDFEFFFE0000DE
:20A6AB00FE03000080FFFC030204140001FFFC3AFFFC15FDFDFFFE10002FFBF9FF0015FD75
:20A6CB00FEFFFE10002FFBF8FF0015FDF9FFFE00002BFE04004CFBFDFFFDF8FFFE01002BAD
:20A6EB00FE04004CFBFEFF00140001FFFC35FFFC140008FFF90DFFF900429604140001FFC0
:20A70B00FC3AFFFC15FDFDFFFE10002FFBF9FF0015FDFEFFFE10002FFBF8FF0015FDF9FF77
:20A72B00FE00002BFE04004CFBFDFFFDF8FFFE03002BFE04004CFBFEFF00140001FFFC35F5
:20A74B00FFFC140006FFF90DFFF900429604140001FFFC3AFFFC15FDFDFFFE10002FFBF97C
:20A76B00FF0015FDFEFFFE10002FFBF8FF0015FDF9FFFE00002BFE04004CFBFDFFFDF8FF25
:20A78B00FE05002BFE04004CFBFEFF00140001FFFC35FFFC18181818140001FFFC3AFFFC55
:20A7AB0015FDFDFFFE10002FFBF9FF0015FDFEFFFE10002FFBF8FF0015FDF9FFFE00002BDF
:20A7CB00FE04004CFBFDFFFDF8FFFE0A002BFE04004CFBFEFF00140001FFFC35FFFC140068
:1EA7EB0001FFFC840016FFFC3F0404FFFC140030FFFC0DFFFC004296041809544D0098
:020000040002F8
:200078001208190000FFFC1A00408B0002FFFC010947C466040A7D9D0615FD2D00FF012D43
:20009800FB2D000015FD2D00FE010002001A0140B10000FFFF060947C31A0040BD000000A6
:2000B80039010940CD15FD0B00FF012BFB0B00001400010039140002FFFC74FFFC140002A6
:2000D800FFFC3F0800FFFC140002FFFC840001FFFC3F0400FFFC66080A7D5C06140002FF90
:2000F800FC3AFFFC15FDFDFFFDFEFFFE4000FE01000080FFFC030204140000FFFC3AFFFCAA
:20011800140002FFF93AFFF915FDFDFFFDFAFF02001A01447C0000FFFF01140002FFFC3A5C
:20013800FFFC15FDFDFFFE10002FFBF9FF0015FDFEFFFE10002FFBF8FF0015FDF9FFFE0820
:20015800002BFE04004CFBFDFFFDF8FFFEF1FF2BFE04004CFBFEFF00140002FFFC35FFFC83
:20017800181818140002FFFC3AFFFC15FDFDFFFE10002FFBF9FF0015FDFEFFFE10002FFB54
:20019800F8FF0015FDF9FFFE08002BFE04004CFBFDFFFDF8FFFEF4FF2BFE04004CFBFEFF7A
:2001B80000140002FFFC35FFFC181818140002FFFC3AFFFC15FDFDFFFE10002FFBF9FF001A
:2001D80015FDFEFFFE10002FFBF8FF0015FDF9FFFE08002BFE04004CFBFDFFFDF8FFFEF661
:2001F800FF2BFE04004CFBFEFF00140002FFFC35FFFC181818140002FFFC3AFFFC15FDFD99
:20021800FFFE10002FFBF9FF0015FDFEFFFE10002FFBF8FF0015FDF9FFFE08002BFE04001C
:200238004CFBFDFFFDF8FFFEF8FF2BFE04004CFBFEFF00140002FFFC35FFFC18181814006C
:2002580002FFFC3AFFFC15FDFDFFFE10002FFBF9FF0015FDFEFFFE10002FFBF8FF0015FDC6
:20027800F9FFFE08002BFE04004CFBFDFFFDF8FFFEFAFF2BFE04004CFBFEFF00140002FF87
:20029800FC35FFFC181818140002FFFC3AFFFC15FDFDFFFE10002FFBF9FF0015FDFEFFFE41
:2002B80010002FFBF8FF0015FDF9FFFE08002BFE04004CFBFDFFFDF8FFFEFCFF2BFE04005B
:2002D8004CFBFEFF00140002FFFC35FFFC181818140002FFFC3AFFFC15FDFDFFFE10002FA8
:2002F800FBF9FF0015FDFEFFFE10002FFBF8FF0015FDF9FFFE08002BFE04004CFBFDFFFD38
:20031800F8FFFEFEFF2BFE04004CFBFEFF00140002FFFC35FFFC181818140002FFFC3AFF8F
:20033800FC15FDFDFFFE10002FFBF9FF0015FDFEFFFE10002FFBF8FF0015FDF9FFFE08001D
:200358002BFE04004CFBFDFFFDF8FFFE00002BFE04004CFBFEFF00140002FFFC35FFFC1859
:200378001818140002FFFC3AFFFC15FDFDFFFE10002FFBF9FF0015FDFEFFFE10002FFBF872
:20039800FF0015FDF9FFFE08002BFE04004CFBFDFFFDF8FFFE02002BFE04004CFBFEFF0061
:2003B800140002FFFC35FFFC181818140002FFFC3AFFFC15FDFDFFFE10002FFBF9FF001503
:2003D800FDFEFFFE10002FFBF8FF0015FDF9FFFE08002BFE04004CFBFDFFFDF8FFFE040066
:2003F8002BFE04004CFBFEFF00140002FFFC35FFFC181818140002FFFC3AFFFC15FDFDFF97
:20041800FE10002FFBF9FF0015FDFEFFFE10002FFBF8FF0015FDF9FFFE08002BFE04004CCD
:20043800FBFDFFFDF8FFFE06002BFE04004CFBFEFF00140002FFFC35FFFC181818140002A5
:20045800FFFC3AFFFC15FDFDFFFDFEFFFE4000FE01000080FFFC030204140002FFFC33FF48
:20047800FC0947C3140002FFFC3AFFFC15FDFDFFFE10002FFBF9FF0015FDFEFFFE10002F85
:20049800FBF8FF0015FDF9FFFEF8FF2BFE04004CFBFDFFFDF8FFFEF1FF2BFE04004CFBFE8F
:2004B800FF00140002FFFC35FFFC181818140002FFFC3AFFFC15FDFDFFFE10002FFBF9FF18
:2004D8000015FDFEFFFE10002FFBF8FF0015FDF9FFFEF8FF2BFE04004CFBFDFFFDF8FFFE65
:2004F800F4FF2BFE04004CFBFEFF00140002FFFC35FFFC181818140002FFFC3AFFFC15FD9F
:20051800FDFFFE10002FFBF9FF0015FDFEFFFE10002FFBF8FF0015FDF9FFFEF8FF2BFE042D
:20053800004CFBFDFFFDF8FFFEF6FF2BFE04004CFBFEFF00140002FFFC35FFFC181818146B
:200558000002FFFC3AFFFC15FDFDFFFE10002FFBF9FF0015FDFEFFFE10002FFBF8FF0015C0
:20057800FDF9FFFEF8FF2BFE04004CFBFDFFFDF8FFFEF8FF2BFE04004CFBFEFF0014000299
:20059800FFFC35FFFC181818140002FFFC3AFFFC15FDFDFFFE10002FFBF9FF0015FDFEFF3D
:2005B800FE10002FFBF8FF0015FDF9FFFEF8FF2BFE04004CFBFDFFFDF8FFFEFAFF2BFE046D
:2005D800004CFBFEFF00140002FFFC35FFFC181818140002FFFC3AFFFC15FDFDFFFE1000D4
:2005F8002FFBF9FF0015FDFEFFFE10002FFBF8FF0015FDF9FFFEF8FF2BFE04004CFBFDFF14
:20061800FDF8FFFEFCFF2BFE04004CFBFEFF00140002FFFC35FFFC181818140002FFFC3A90
:20063800FFFC15FDFDFFFE10002FFBF9FF0015FDFEFFFE10002FFBF8FF0015FDF9FFFEF82B
:20065800FF2BFE04004CFBFDFFFDF8FFFEFEFF2BFE04004CFBFEFF00140002FFFC35FFFC72
:20067800181818140002FFFC3AFFFC15FDFDFFFE10002FFBF9FF0015FDFEFFFE10002FFB4F
:20069800F8FF0015FDF9FFFEF8FF2BFE04004CFBFDFFFDF8FFFE00002BFE04004CFBFEFF79
:2006B80000140002FFFC35FFFC181818140002FFFC3AFFFC15FDFDFFFE10002FFBF9FF0015
:2006D80015FDFEFFFE10002FFBF8FF0015FDF9FFFEF8FF2BFE04004CFBFDFFFDF8FFFE0261
:2006F800002BFE04004CFBFEFF00140002FFFC35FFFC181818140002FFFC3AFFFC15FDFD93
:20071800FFFE10002FFBF9FF0015FDFEFFFE10002FFBF8FF0015FDF9FFFEF8FF2BFE040028
:200738004CFBFDFFFDF8FFFE04002BFE04004CFBFEFF00140002FFFC35FFFC18181814005A
:2007580002FFFC3AFFFC15FDFDFFFE10002FFBF9FF0015FDFEFFFE10002FFBF8FF0015FDC1
:20077800F9FFFEF8FF2BFE04004CFBFDFFFDF8FFFE06002BFE04004CFBFEFF00140002FF86
:20079800FC35FFFC181818140002FFFC3AFFFC15FDFDFFFDFEFFFE4000FE01000080FFFCC7
:0D07B800030204140002FFFC33FFFC0000EC
:020000040004F6
:20049300120514001EFFFC0DFFFC00429604140002FFFC840012FFFC3F0404FFFC14000C1D
:2004B300FFFB0DFFFB0042960466080276EE06140002FFFC3AFFFC15FDFDFFFDFEFFFE0026
:2004D30000FE01000086FFFEFFF880FFFC02020414000CFFFB0DFFFB00429604140002FFFB
:1C04F300FC840000FFFC3F0404FFFC14003CFFFC0DFFFC00429604180944950007
:020000040002F8
:2007C5001208190000FFFC1A0047D80002FFFC01094F1166040A7D9D0615FD2F00FF012D44
:2007E500FB2F000015FD2F00FE010002001A0147FE0000FFFF06094F101A00480A00000050
:200805003A0109481A15FD0B00FF012BFB0B0000140001003A140003FFFC74FFFC140003F8
:20082500FFFC3F0800FFFC140003FFFC840001FFFC3F0400FFFC66080A7D5C06140003FF39
:20084500FC3AFFFC15FDFDFFFDFEFFFE4000FE01000080FFFC030204140000FFFC3AFFFC55
:20086500140003FFF93AFFF915FDFDFFFDFAFF02001A014BC90000FFFF01140003FFFC3AB2
:20088500FFFC15FDFDFFFE10002FFBF9FF0015FDFEFFFE10002FFBF8FF0015FDF9FFFE08CC
:2008A500002BFE04004CFBFDFFFDF8FFFEF1FF2BFE04004CFBFEFF00140003FFFC35FFFC2E
:2008C500181818140003FFFC3AFFFC15FDFDFFFE10002FFBF9FF0015FDFEFFFE10002FFBFF
:2008E500F8FF0015FDF9FFFE08002BFE04004CFBFDFFFDF8FFFEF4FF2BFE04004CFBFEFF26
:2009050000140003FFFC35FFFC181818140003FFFC3AFFFC15FDFDFFFE10002FFBF9FF00C3
:2009250015FDFEFFFE10002FFBF8FF0015FDF9FFFE08002BFE04004CFBFDFFFDF8FFFEF60C
:20094500FF2BFE04004CFBFEFF00140003FFFC35FFFC181818140003FFFC3AFFFC15FDFD42
:20096500FFFE10002FFBF9FF0015FDFEFFFE10002FFBF8FF0015FDF9FFFE08002BFE0400C8
:200985004CFBFDFFFDF8FFFEF8FF2BFE04004CFBFEFF00140003FFFC35FFFC181818140017
:2009A50003FFFC3AFFFC15FDFDFFFE10002FFBF9FF0015FDFEFFFE10002FFBF8FF0015FD71
:2009C500F9FFFE08002BFE04004CFBFDFFFDF8FFFEFAFF2BFE04004CFBFEFF00140003FF32
:2009E500FC35FFFC181818140003FFFC3AFFFC15FDFDFFFE10002FFBF9FF0015FDFEFFFEEC
:200A050010002FFBF8FF0015FDF9FFFE08002BFE04004CFBFDFFFDF8FFFEFCFF2BFE040006
:200A25004CFBFEFF00140003FFFC35FFFC181818140003FFFC3AFFFC15FDFDFFFE10002F51
:200A4500FBF9FF0015FDFEFFFE10002FFBF8FF0015FDF9FFFE08002BFE04004CFBFDFFFDE3
:200A6500F8FFFEFEFF2BFE04004CFBFEFF00140003FFFC35FFFC181818140003FFFC3AFF39
:200A8500FC15FDFDFFFE10002FFBF9FF0015FDFEFFFE10002FFBF8FF0015FDF9FFFE0800C9
:200AA5002BFE04004CFBFDFFFDF8FFFE00002BFE04004CFBFEFF00140003FFFC35FFFC1804
:200AC5001818140003FFFC3AFFFC15FDFDFFFE10002FFBF9FF0015FDFEFFFE10002FFBF81D
:200AE500FF0015FDF9FFFE08002BFE04004CFBFDFFFDF8FFFE02002BFE04004CFBFEFF000D
:200B0500140003FFFC35FFFC181818140003FFFC3AFFFC15FDFDFFFE10002FFBF9FF0015AC
:200B2500FDFEFFFE10002FFBF8FF0015FDF9FFFE08002BFE04004CFBFDFFFDF8FFFE040011
:200B45002BFE04004CFBFEFF00140003FFFC35FFFC181818140003FFFC3AFFFC15FDFDFF40
:200B6500FE10002FFBF9FF0015FDFEFFFE10002FFBF8FF0015FDF9FFFE08002BFE04004C79
:200B8500FBFDFFFDF8FFFE06002BFE04004CFBFEFF00140003FFFC35FFFC1818181400034F
:200BA500FFFC3AFFFC15FDFDFFFDFEFFFE4000FE01000080FFFC030204140003FFFC33FFF3
:200BC500FC094F10140003FFFC3AFFFC15FDFDFFFE10002FFBF9FF0015FDFEFFFE10002FDB
:200BE500FBF8FF0015FDF9FFFEF8FF2BFE04004CFBFDFFFDF8FFFEF1FF2BFE04004CFBFE3B
:200C0500FF00140003FFFC35FFFC181818140003FFFC3AFFFC15FDFDFFFE10002FFBF9FFC1
:200C25000015FDFEFFFE10002FFBF8FF0015FDF9FFFEF8FF2BFE04004CFBFDFFFDF8FFFE10
:200C4500F4FF2BFE04004CFBFEFF00140003FFFC35FFFC181818140003FFFC3AFFFC15FD48
:200C6500FDFFFE10002FFBF9FF0015FDFEFFFE10002FFBF8FF0015FDF9FFFEF8FF2BFE04D9
:200C8500004CFBFDFFFDF8FFFEF6FF2BFE04004CFBFEFF00140003FFFC35FFFC1818181416
:200CA5000003FFFC3AFFFC15FDFDFFFE10002FFBF9FF0015FDFEFFFE10002FFBF8FF00156B
:200CC500FDF9FFFEF8FF2BFE04004CFBFDFFFDF8FFFEF8FF2BFE04004CFBFEFF0014000344
:200CE500FFFC35FFFC181818140003FFFC3AFFFC15FDFDFFFE10002FFBF9FF0015FDFEFFE8
:200D0500FE10002FFBF8FF0015FDF9FFFEF8FF2BFE04004CFBFDFFFDF8FFFEFAFF2BFE0418
:200D2500004CFBFEFF00140003FFFC35FFFC181818140003FFFC3AFFFC15FDFDFFFE10007D
:200D45002FFBF9FF0015FDFEFFFE10002FFBF8FF0015FDF9FFFEF8FF2BFE04004CFBFDFFBF
:200D6500FDF8FFFEFCFF2BFE04004CFBFEFF00140003FFFC35FFFC181818140003FFFC3A3A
:200D8500FFFC15FDFDFFFE10002FFBF9FF0015FDFEFFFE10002FFBF8FF0015FDF9FFFEF8D7
:200DA500FF2BFE04004CFBFDFFFDF8FFFEFEFF2BFE04004CFBFEFF00140003FFFC35FFFC1D
:200DC500181818140003FFFC3AFFFC15FDFDFFFE10002FFBF9FF0015FDFEFFFE10002FFBFA
:200DE500F8FF0015FDF9FFFEF8FF2BFE04004CFBFDFFFDF8FFFE00002BFE04004CFBFEFF25
:200E050000140003FFFC35FFFC181818140003FFFC3AFFFC15FDFDFFFE10002FFBF9FF00BE
:200E250015FDFEFFFE10002FFBF8FF0015FDF9FFFEF8FF2BFE04004CFBFDFFFDF8FFFE020C
:200E4500002BFE04004CFBFEFF00140003FFFC35FFFC181818140003FFFC3AFFFC15FDFD3C
:200E6500FFFE10002FFBF9FF0015FDFEFFFE10002FFBF8FF0015FDF9FFFEF8FF2BFE0400D4
:200E85004CFBFDFFFDF8FFFE04002BFE04004CFBFEFF00140003FFFC35FFFC181818140005
:200EA50003FFFC3AFFFC15FDFDFFFE10002FFBF9FF0015FDFEFFFE10002FFBF8FF0015FD6C
:200EC500F9FFFEF8FF2BFE04004CFBFDFFFDF8FFFE06002BFE04004CFBFEFF00140003FF31
:200EE500FC35FFFC181818140003FFFC3AFFFC15FDFDFFFDFEFFFE4000FE01000080FFFC72
:0D0F0500030204140003FFFC33FFFC000096
:020000040004F6
:20050F00120514001EFFFC0DFFFC00429604140003FFFC840012FFFC3F0404FFFC14000C9F
:20052F00FFFB0DFFFB0042960466080276EE06140003FFFC3AFFFC15FDFDFFFDFEFFFE00A8
:20054F0000FE01000086FFFEFFF880FFFC02020414000CFFFB0DFFFB00429604140003FF7D
:1C056F00FC840000FFFC3F0404FFFC14003CFFFC0DFFFC0042960418094511000D
:020000040002F8
:200F12001208190000FFFC1A004F250002FFFC0109565E66040A7D9D0615FD1E00FF012D57
:200F3200FB1E000015FD1E00FE010002001A014F4B0000FFFF0609565D1A004F5700000020
:200F52002701094F6715FD0B00FF012BFB0B00001400010027140004FFFC74FFFC14000474
:200F7200FFFC3F0800FFFC140004FFFC840001FFFC3F0400FFFC66080A7D5C06140004FFE3
:200F9200FC3AFFFC15FDFDFFFDFEFFFE4000FE01000080FFFC020204140000FFFC3AFFFC02
:200FB200140004FFF93AFFF915FDFDFFFDFAFF02001A0153160000FFFF01140004FFFC3A07
:200FD200FFFC15FDFDFFFE10002FFBF9FF0015FDFEFFFE10002FFBF8FF0015FDF9FFFE0878
:200FF200002BFE04004CFBFDFFFDF8FFFEF1FF2BFE04004CFBFEFF00140004FFFC35FFFCD9
:20101200181818140004FFFC3AFFFC15FDFDFFFE10002FFBF9FF0015FDFEFFFE10002FFBA9
:20103200F8FF0015FDF9FFFE08002BFE04004CFBFDFFFDF8FFFEF4FF2BFE04004CFBFEFFD1
:2010520000140004FFFC35FFFC181818140004FFFC3AFFFC15FDFDFFFE10002FFBF9FF006D
:2010720015FDFEFFFE10002FFBF8FF0015FDF9FFFE08002BFE04004CFBFDFFFDF8FFFEF6B8
:20109200FF2BFE04004CFBFEFF00140004FFFC35FFFC181818140004FFFC3AFFFC15FDFDEC
:2010B200FFFE10002FFBF9FF0015FDFEFFFE10002FFBF8FF0015FDF9FFFE08002BFE040074
:2010D2004CFBFDFFFDF8FFFEF8FF2BFE04004CFBFEFF00140004FFFC35FFFC1818181400C2
:2010F20004FFFC3AFFFC15FDFDFFFE10002FFBF9FF0015FDFEFFFE10002FFBF8FF0015FD1C
:20111200F9FFFE08002BFE04004CFBFDFFFDF8FFFEFAFF2BFE04004CFBFEFF00140004FFDC
:20113200FC35FFFC181818140004FFFC3AFFFC15FDFDFFFE10002FFBF9FF0015FDFEFFFE96
:2011520010002FFBF8FF0015FDF9FFFE08002BFE04004CFBFDFFFDF8FFFEFCFF2BFE0400B2
:201172004CFBFEFF00140004FFFC35FFFC181818140004FFFC3AFFFC15FDFDFFFE10002FFB
:20119200FBF9FF0015FDFEFFFE10002FFBF8FF0015FDF9FFFE08002BFE04004CFBFDFFFD8F
:2011B200F8FFFEFEFF2BFE04004CFBFEFF00140004FFFC35FFFC181818140004FFFC3AFFE3
:2011D200FC15FDFDFFFE10002FFBF9FF0015FDFEFFFE10002FFBF8FF0015FDF9FFFE080075
:2011F2002BFE04004CFBFDFFFDF8FFFE00002BFE04004CFBFEFF00140004FFFC35FFFC18AF
:201212001818140004FFFC3AFFFC15FDFDFFFE10002FFBF9FF0015FDFEFFFE10002FFBF8C7
:20123200FF0015FDF9FFFE08002BFE04004CFBFDFFFDF8FFFE02002BFE04004CFBFEFF00B8
:20125200140004FFFC35FFFC181818140004FFFC3AFFFC15FDFDFFFE10002FFBF9FF001556
:20127200FDFEFFFE10002FFBF8FF0015FDF9FFFE08002BFE04004CFBFDFFFDF8FFFE0400BD
:201292002BFE04004CFBFEFF00140004FFFC35FFFC181818140004FFFC3AFFFC15FDFDFFEA
:2012B200FE10002FFBF9FF0015FDFEFFFE10002FFBF8FF0015FDF9FFFE08002BFE04004C25
:2012D200FBFDFFFDF8FFFE06002BFE04004CFBFEFF00140004FFFC35FFFC181818140004F9
:2012F200FFFC3AFFFC15FDFDFFFDFEFFFE4000FE01000080FFFC020204140004FFFC33FF9F
:20131200FC09565D140004FFFC3AFFFC15FDFDFFFE10002FFBF9FF0015FDFEFFFE10002F31
:20133200FBF8FF0015FDF9FFFEF8FF2BFE04004CFBFDFFFDF8FFFEF1FF2BFE04004CFBFEE6
:20135200FF00140004FFFC35FFFC181818140004FFFC3AFFFC15FDFDFFFE10002FFBF9FF6B
:201372000015FDFEFFFE10002FFBF8FF0015FDF9FFFEF8FF2BFE04004CFBFDFFFDF8FFFEBC
:20139200F4FF2BFE04004CFBFEFF00140004FFFC35FFFC181818140004FFFC3AFFFC15FDF2
:2013B200FDFFFE10002FFBF9FF0015FDFEFFFE10002FFBF8FF0015FDF9FFFEF8FF2BFE0485
:2013D200004CFBFDFFFDF8FFFEF6FF2BFE04004CFBFEFF00140004FFFC35FFFC18181814C1
:2013F2000004FFFC3AFFFC15FDFDFFFE10002FFBF9FF0015FDFEFFFE10002FFBF8FF001516
:20141200FDF9FFFEF8FF2BFE04004CFBFDFFFDF8FFFEF8FF2BFE04004CFBFEFF00140004EE
:20143200FFFC35FFFC181818140004FFFC3AFFFC15FDFDFFFE10002FFBF9FF0015FDFEFF92
:20145200FE10002FFBF8FF0015FDF9FFFEF8FF2BFE04004CFBFDFFFDF8FFFEFAFF2BFE04C4
:20147200004CFBFEFF00140004FFFC35FFFC181818140004FFFC3AFFFC15FDFDFFFE100027
:201492002FFBF9FF0015FDFEFFFE10002FFBF8FF0015FDF9FFFEF8FF2BFE04004CFBFDFF6B
:2014B200FDF8FFFEFCFF2BFE04004CFBFEFF00140004FFFC35FFFC181818140004FFFC3AE4
:2014D200FFFC15FDFDFFFE10002FFBF9FF0015FDFEFFFE10002FFBF8FF0015FDF9FFFEF883
:2014F200FF2BFE04004CFBFDFFFDF8FFFEFEFF2BFE04004CFBFEFF00140004FFFC35FFFCC8
:20151200181818140004FFFC3AFFFC15FDFDFFFE10002FFBF9FF0015FDFEFFFE10002FFBA4
:20153200F8FF0015FDF9FFFEF8FF2BFE04004CFBFDFFFDF8FFFE00002BFE04004CFBFEFFD0
:2015520000140004FFFC35FFFC181818140004FFFC3AFFFC15FDFDFFFE10002FFBF9FF0068
:2015720015FDFEFFFE10002FFBF8FF0015FDF9FFFEF8FF2BFE04004CFBFDFFFDF8FFFE02B8
:20159200002BFE04004CFBFEFF00140004FFFC35FFFC181818140004FFFC3AFFFC15FDFDE6
:2015B200FFFE10002FFBF9FF0015FDFEFFFE10002FFBF8FF0015FDF9FFFEF8FF2BFE040080
:2015D2004CFBFDFFFDF8FFFE04002BFE04004CFBFEFF00140004FFFC35FFFC1818181400B0
:2015F20004FFFC3AFFFC15FDFDFFFE10002FFBF9FF0015FDFEFFFE10002FFBF8FF0015FD17
:20161200F9FFFEF8FF2BFE04004CFBFDFFFDF8FFFE06002BFE04004CFBFEFF00140004FFDB
:20163200FC35FFFC181818140004FFFC3AFFFC15FDFDFFFDFEFFFE4000FE01000080FFFC1C
:0D165200020204140004FFFC33FFFC000042
:020000040004F6
:20058B00120514001EFFFC0DFFFC00429604140004FFFC840012FFFC3F0404FFFC14000C22
:2005AB00FFFB0DFFFB0042960466080276EE06140004FFFC3AFFFC15FDFDFFFDFEFFFE002B
:2005CB0000FE01000086FFFEFFF880FFFC03020414000CFFFB0DFFFB00429604140004FFFF
:1C05EB00FC840000FFFC3F0404FFFC14003CFFFC0DFFFC004296041809458D0015
:020000040002F8
:20165F001208190000FFFC1A0056720002FFFC01095DAB66040A7D9D0615FD3500FF012D44
:20167F00FB35000015FD3500FE010002001A0156980000FFFF06095DAA1A0056A4000000A2
:20169F003D010956B415FD0B00FF012BFB0B0000140001003D140006FFFC74FFFC1400069C
:2016BF00FFFC3F0800FFFC140006FFFC840001FFFC3F0400FFFC66080A7D5C06140006FF8B
:2016DF00FC3AFFFC15FDFDFFFDFEFFFE4000FE01000080FFFC030204140000FFFC3AFFFCAD
:2016FF00140006FFF93AFFF915FDFDFFFDFAFF02001A015A630000FFFF01140006FFFC3A5B
:20171F00FFFC15FDFDFFFE10002FFBF9FF0015FDFEFFFE10002FFBF8FF0015FDF9FFFE0823
:20173F00002BFE04004CFBFDFFFDF8FFFEF1FF2BFE04004CFBFEFF00140006FFFC35FFFC82
:20175F00181818140006FFFC3AFFFC15FDFDFFFE10002FFBF9FF0015FDFEFFFE10002FFB53
:20177F00F8FF0015FDF9FFFE08002BFE04004CFBFDFFFDF8FFFEF4FF2BFE04004CFBFEFF7D
:20179F0000140006FFFC35FFFC181818140006FFFC3AFFFC15FDFDFFFE10002FFBF9FF0015
:2017BF0015FDFEFFFE10002FFBF8FF0015FDF9FFFE08002BFE04004CFBFDFFFDF8FFFEF664
:2017DF00FF2BFE04004CFBFEFF00140006FFFC35FFFC181818140006FFFC3AFFFC15FDFD94
:2017FF00FFFE10002FFBF9FF0015FDFEFFFE10002FFBF8FF0015FDF9FFFE08002BFE040020
:20181F004CFBFDFFFDF8FFFEF8FF2BFE04004CFBFEFF00140006FFFC35FFFC18181814006B
:20183F0006FFFC3AFFFC15FDFDFFFE10002FFBF9FF0015FDFEFFFE10002FFBF8FF0015FDC5
:20185F00F9FFFE08002BFE04004CFBFDFFFDF8FFFEFAFF2BFE04004CFBFEFF00140006FF86
:20187F00FC35FFFC181818140006FFFC3AFFFC15FDFDFFFE10002FFBF9FF0015FDFEFFFE40
:20189F0010002FFBF8FF0015FDF9FFFE08002BFE04004CFBFDFFFDF8FFFEFCFF2BFE04005E
:2018BF004CFBFEFF00140006FFFC35FFFC181818140006FFFC3AFFFC15FDFDFFFE10002FA3
:2018DF00FBF9FF0015FDFEFFFE10002FFBF8FF0015FDF9FFFE08002BFE04004CFBFDFFFD3B
:2018FF00F8FFFEFEFF2BFE04004CFBFEFF00140006FFFC35FFFC181818140006FFFC3AFF8B
:20191F00FC15FDFDFFFE10002FFBF9FF0015FDFEFFFE10002FFBF8FF0015FDF9FFFE080020
:20193F002BFE04004CFBFDFFFDF8FFFE00002BFE04004CFBFEFF00140006FFFC35FFFC1858
:20195F001818140006FFFC3AFFFC15FDFDFFFE10002FFBF9FF0015FDFEFFFE10002FFBF871
:20197F00FF0015FDF9FFFE08002BFE04004CFBFDFFFDF8FFFE02002BFE04004CFBFEFF0064
:20199F00140006FFFC35FFFC181818140006FFFC3AFFFC15FDFDFFFE10002FFBF9FF0015FE
:2019BF00FDFEFFFE10002FFBF8FF0015FDF9FFFE08002BFE04004CFBFDFFFDF8FFFE040069
:2019DF002BFE04004CFBFEFF00140006FFFC35FFFC181818140006FFFC3AFFFC15FDFDFF92
:2019FF00FE10002FFBF9FF0015FDFEFFFE10002FFBF8FF0015FDF9FFFE08002BFE04004CD1
:201A1F00FBFDFFFDF8FFFE06002BFE04004CFBFEFF00140006FFFC35FFFC181818140006A0
:201A3F00FFFC3AFFFC15FDFDFFFDFEFFFE4000FE01000080FFFC030204140006FFFC33FF47
:201A5F00FC095DAA140006FFFC3AFFFC15FDFDFFFE10002FFBF9FF0015FDFEFFFE10002F87
:201A7F00FBF8FF0015FDF9FFFEF8FF2BFE04004CFBFDFFFDF8FFFEF1FF2BFE04004CFBFE92
:201A9F00FF00140006FFFC35FFFC181818140006FFFC3AFFFC15FDFDFFFE10002FFBF9FF13
:201ABF000015FDFEFFFE10002FFBF8FF0015FDF9FFFEF8FF2BFE04004CFBFDFFFDF8FFFE68
:201ADF00F4FF2BFE04004CFBFEFF00140006FFFC35FFFC181818140006FFFC3AFFFC15FD9A
:201AFF00FDFFFE10002FFBF9FF0015FDFEFFFE10002FFBF8FF0015FDF9FFFEF8FF2BFE0431
:201B1F00004CFBFDFFFDF8FFFEF6FF2BFE04004CFBFEFF00140006FFFC35FFFC181818146A
:201B3F000006FFFC3AFFFC15FDFDFFFE10002FFBF9FF0015FDFEFFFE10002FFBF8FF0015BF
:201B5F00FDF9FFFEF8FF2BFE04004CFBFDFFFDF8FFFEF8FF2BFE04004CFBFEFF0014000698
:201B7F00FFFC35FFFC181818140006FFFC3AFFFC15FDFDFFFE10002FFBF9FF0015FDFEFF3C
:201B9F00FE10002FFBF8FF0015FDF9FFFEF8FF2BFE04004CFBFDFFFDF8FFFEFAFF2BFE0470
:201BBF00004CFBFEFF00140006FFFC35FFFC181818140006FFFC3AFFFC15FDFDFFFE1000CF
:201BDF002FFBF9FF0015FDFEFFFE10002FFBF8FF0015FDF9FFFEF8FF2BFE04004CFBFDFF17
:201BFF00FDF8FFFEFCFF2BFE04004CFBFEFF00140006FFFC35FFFC181818140006FFFC3A8C
:201C1F00FFFC15FDFDFFFE10002FFBF9FF0015FDFEFFFE10002FFBF8FF0015FDF9FFFEF82E
:201C3F00FF2BFE04004CFBFDFFFDF8FFFEFEFF2BFE04004CFBFEFF00140006FFFC35FFFC71
:201C5F00181818140006FFFC3AFFFC15FDFDFFFE10002FFBF9FF0015FDFEFFFE10002FFB4E
:201C7F00F8FF0015FDF9FFFEF8FF2BFE04004CFBFDFFFDF8FFFE00002BFE04004CFBFEFF7C
:201C9F0000140006FFFC35FFFC181818140006FFFC3AFFFC15FDFDFFFE10002FFBF9FF0010
:201CBF0015FDFEFFFE10002FFBF8FF0015FDF9FFFEF8FF2BFE04004CFBFDFFFDF8FFFE0264
:201CDF00002BFE04004CFBFEFF00140006FFFC35FFFC181818140006FFFC3AFFFC15FDFD8E
:201CFF00FFFE10002FFBF9FF0015FDFEFFFE10002FFBF8FF0015FDF9FFFEF8FF2BFE04002C
:201D1F004CFBFDFFFDF8FFFE04002BFE04004CFBFEFF00140006FFFC35FFFC181818140059
:201D3F0006FFFC3AFFFC15FDFDFFFE10002FFBF9FF0015FDFEFFFE10002FFBF8FF0015FDC0
:201D5F00F9FFFEF8FF2BFE04004CFBFDFFFDF8FFFE06002BFE04004CFBFEFF00140006FF85
:201D7F00FC35FFFC181818140006FFFC3AFFFC15FDFDFFFDFEFFFE4000FE01000080FFFCC6
:0D1D9F00030204140006FFFC33FFFC0000EB
:020000040004F6
:20060700120514001EFFFC0DFFFC00429604140006FFFC840012FFFC3F0404FFFC14000CA3
:20062700FFFB0DFFFB0042960466080276EE06140006FFFC3AFFFC15FDFDFFFDFEFFFE00AC
:2006470000FE01000086FFFEFFF880FFFC02020414000CFFFB0DFFFB00429604140006FF81
:1C066700FC840000FFFC3F0404FFFC14003CFFFC0DFFFC0042960418094609001B
:020000040002F8
:201DAC001208190000FFFC1A005DBF0002FFFC010964F866040A7D9D0615FD3100FF012D4C
:201DCC00FB31000015FD3100FE010002001A015DE50000FFFF060964F71A005DF10000005A
:201DEC003B01095E0115FD0B00FF012BFB0B0000140001003B140004FFFC74FFFC140004FB
:201E0C00FFFC3F0800FFFC140004FFFC840001FFFC3F0400FFFC66080A7D5C06140004FF3A
:201E2C00FC3AFFFC15FDFDFFFDFEFFFE4000FE01000080FFFC030204140000FFFC3AFFFC58
:201E4C00140004FFF93AFFF915FDFDFFFDFAFF02001A0161B00000FFFF01140004FFFC3AB6
:201E6C00FFFC15FDFDFFFE10002FFBF9FF0015FDFEFFFE10002FFBF8FF0015FDF9FFFE08CF
:201E8C00002BFE04004CFBFDFFFDF8FFFEF1FF2BFE04004CFBFEFF00140004FFFC35FFFC30
:201EAC00181818140004FFFC3AFFFC15FDFDFFFE10002FFBF9FF0015FDFEFFFE10002FFB01
:201ECC00F8FF0015FDF9FFFE08002BFE04004CFBFDFFFDF8FFFEF4FF2BFE04004CFBFEFF29
:201EEC0000140004FFFC35FFFC181818140004FFFC3AFFFC15FDFDFFFE10002FFBF9FF00C5
:201F0C0015FDFEFFFE10002FFBF8FF0015FDF9FFFE08002BFE04004CFBFDFFFDF8FFFEF60F
:201F2C00FF2BFE04004CFBFEFF00140004FFFC35FFFC181818140004FFFC3AFFFC15FDFD43
:201F4C00FFFE10002FFBF9FF0015FDFEFFFE10002FFBF8FF0015FDF9FFFE08002BFE0400CB
:201F6C004CFBFDFFFDF8FFFEF8FF2BFE04004CFBFEFF00140004FFFC35FFFC181818140019
:201F8C0004FFFC3AFFFC15FDFDFFFE10002FFBF9FF0015FDFEFFFE10002FFBF8FF0015FD73
:201FAC00F9FFFE08002BFE04004CFBFDFFFDF8FFFEFAFF2BFE04004CFBFEFF00140004FF34
:201FCC00FC35FFFC181818140004FFFC3AFFFC15FDFDFFFE10002FFBF9FF0015FDFEFFFEEE
:201FEC0010002FFBF8FF0015FDF9FFFE08002BFE04004CFBFDFFFDF8FFFEFCFF2BFE04000A
:20200C004CFBFEFF00140004FFFC35FFFC181818140004FFFC3AFFFC15FDFDFFFE10002F52
:20202C00FBF9FF0015FDFEFFFE10002FFBF8FF0015FDF9FFFE08002BFE04004CFBFDFFFDE6
:20204C00F8FFFEFEFF2BFE04004CFBFEFF00140004FFFC35FFFC181818140004FFFC3AFF3A
:20206C00FC15FDFDFFFE10002FFBF9FF0015FDFEFFFE10002FFBF8FF0015FDF9FFFE0800CC
:20208C002BFE04004CFBFDFFFDF8FFFE00002BFE04004CFBFEFF00140004FFFC35FFFC1806
:2020AC001818140004FFFC3AFFFC15FDFDFFFE10002FFBF9FF0015FDFEFFFE10002FFBF81F
:2020CC00FF0015FDF9FFFE08002BFE04004CFBFDFFFDF8FFFE02002BFE04004CFBFEFF0010
:2020EC00140004FFFC35FFFC181818140004FFFC3AFFFC15FDFDFFFE10002FFBF9FF0015AE
:20210C00FDFEFFFE10002FFBF8FF0015FDF9FFFE08002BFE04004CFBFDFFFDF8FFFE040014
:20212C002BFE04004CFBFEFF00140004FFFC35FFFC181818140004FFFC3AFFFC15FDFDFF41
:20214C00FE10002FFBF9FF0015FDFEFFFE10002FFBF8FF0015FDF9FFFE08002BFE04004C7C
:20216C00FBFDFFFDF8FFFE06002BFE04004CFBFEFF00140004FFFC35FFFC18181814000450
:20218C00FFFC3AFFFC15FDFDFFFDFEFFFE4000FE01000080FFFC030204140004FFFC33FFF5
:2021AC00FC0964F7140004FFFC3AFFFC15FDFDFFFE10002FFBF9FF0015FDFEFFFE10002FE1
:2021CC00FBF8FF0015FDF9FFFEF8FF2BFE04004CFBFDFFFDF8FFFEF1FF2BFE04004CFBFE3E
:2021EC00FF00140004FFFC35FFFC181818140004FFFC3AFFFC15FDFDFFFE10002FFBF9FFC3
:20220C000015FDFEFFFE10002FFBF8FF0015FDF9FFFEF8FF2BFE04004CFBFDFFFDF8FFFE13
:20222C00F4FF2BFE04004CFBFEFF00140004FFFC35FFFC181818140004FFFC3AFFFC15FD49
:20224C00FDFFFE10002FFBF9FF0015FDFEFFFE10002FFBF8FF0015FDF9FFFEF8FF2BFE04DC
:20226C00004CFBFDFFFDF8FFFEF6FF2BFE04004CFBFEFF00140004FFFC35FFFC1818181418
:20228C000004FFFC3AFFFC15FDFDFFFE10002FFBF9FF0015FDFEFFFE10002FFBF8FF00156D
:2022AC00FDF9FFFEF8FF2BFE04004CFBFDFFFDF8FFFEF8FF2BFE04004CFBFEFF0014000446
:2022CC00FFFC35FFFC181818140004FFFC3AFFFC15FDFDFFFE10002FFBF9FF0015FDFEFFEA
:2022EC00FE10002FFBF8FF0015FDF9FFFEF8FF2BFE04004CFBFDFFFDF8FFFEFAFF2BFE041C
:20230C00004CFBFEFF00140004FFFC35FFFC181818140004FFFC3AFFFC15FDFDFFFE10007E
:20232C002FFBF9FF0015FDFEFFFE10002FFBF8FF0015FDF9FFFEF8FF2BFE04004CFBFDFFC2
:20234C00FDF8FFFEFCFF2BFE04004CFBFEFF00140004FFFC35FFFC181818140004FFFC3A3B
:20236C00FFFC15FDFDFFFE10002FFBF9FF0015FDFEFFFE10002FFBF8FF0015FDF9FFFEF8DA
:20238C00FF2BFE04004CFBFDFFFDF8FFFEFEFF2BFE04004CFBFEFF00140004FFFC35FFFC1F
:2023AC00181818140004FFFC3AFFFC15FDFDFFFE10002FFBF9FF0015FDFEFFFE10002FFBFC
:2023CC00F8FF0015FDF9FFFEF8FF2BFE04004CFBFDFFFDF8FFFE00002BFE04004CFBFEFF28
:2023EC0000140004FFFC35FFFC181818140004FFFC3AFFFC15FDFDFFFE10002FFBF9FF00C0
:20240C0015FDFEFFFE10002FFBF8FF0015FDF9FFFEF8FF2BFE04004CFBFDFFFDF8FFFE020F
:20242C00002BFE04004CFBFEFF00140004FFFC35FFFC181818140004FFFC3AFFFC15FDFD3D
:20244C00FFFE10002FFBF9FF0015FDFEFFFE10002FFBF8FF0015FDF9FFFEF8FF2BFE0400D7
:20246C004CFBFDFFFDF8FFFE04002BFE04004CFBFEFF00140004FFFC35FFFC181818140007
:20248C0004FFFC3AFFFC15FDFDFFFE10002FFBF9FF0015FDFEFFFE10002FFBF8FF0015FD6E
:2024AC00F9FFFEF8FF2BFE04004CFBFDFFFDF8FFFE06002BFE04004CFBFEFF00140004FF33
:2024CC00FC35FFFC181818140004FFFC3AFFFC15FDFDFFFDFEFFFE4000FE01000080FFFC74
:0D24EC00030204140004FFFC33FFFC000099
:020000040004F6
:20068300120514001EFFFC0DFFFC00429604140004FFFC840012FFFC3F0404FFFC14000C29
:2006A300FFFB0DFFFB0042960466080276EE06140004FFFC3AFFFC15FDFDFFFDFEFFFE0032
:2006C30000FE01000086FFFEFFF880FFFC02020414000CFFFB0DFFFB00429604140004FF07
:1C06E300FC840000FFFC3F0404FFFC14003CFFFC0DFFFC00429604180946850023
:020000040002F8
:2024F9001208190000FFFC1A00650C0002FFFC01096C4566040A7D9D0615FD3300FF012D4C
:20251900FB33000015FD3300FE010002001A0165320000FFFF06096C441A00653E00000002
:202539003C0109654E15FD0B00FF012BFB0B0000140001003C140005FFFC74FFFC1400054E
:20255900FFFC3F0800FFFC140005FFFC840001FFFC3F0400FFFC66080A7D5C06140005FFE4
:20257900FC3AFFFC15FDFDFFFDFEFFFE4000FE01000080FFFC030204140000FFFC3AFFFC04
:20259900140005FFF93AFFF915FDFDFFFDFAFF02001A0168FD0000FFFF01140005FFFC3A0C
:2025B900FFFC15FDFDFFFE10002FFBF9FF0015FDFEFFFE10002FFBF8FF0015FDF9FFFE087B
:2025D900002BFE04004CFBFDFFFDF8FFFEF1FF2BFE04004CFBFEFF00140005FFFC35FFFCDB
:2025F900181818140005FFFC3AFFFC15FDFDFFFE10002FFBF9FF0015FDFEFFFE10002FFBAC
:20261900F8FF0015FDF9FFFE08002BFE04004CFBFDFFFDF8FFFEF4FF2BFE04004CFBFEFFD4
:2026390000140005FFFC35FFFC181818140005FFFC3AFFFC15FDFDFFFE10002FFBF9FF006E
:2026590015FDFEFFFE10002FFBF8FF0015FDF9FFFE08002BFE04004CFBFDFFFDF8FFFEF6BB
:20267900FF2BFE04004CFBFEFF00140005FFFC35FFFC181818140005FFFC3AFFFC15FDFDED
:20269900FFFE10002FFBF9FF0015FDFEFFFE10002FFBF8FF0015FDF9FFFE08002BFE040077
:2026B9004CFBFDFFFDF8FFFEF8FF2BFE04004CFBFEFF00140005FFFC35FFFC1818181400C4
:2026D90005FFFC3AFFFC15FDFDFFFE10002FFBF9FF0015FDFEFFFE10002FFBF8FF0015FD1E
:2026F900F9FFFE08002BFE04004CFBFDFFFDF8FFFEFAFF2BFE04004CFBFEFF00140005FFDF
:20271900FC35FFFC181818140005FFFC3AFFFC15FDFDFFFE10002FFBF9FF0015FDFEFFFE98
:2027390010002FFBF8FF0015FDF9FFFE08002BFE04004CFBFDFFFDF8FFFEFCFF2BFE0400B5
:202759004CFBFEFF00140005FFFC35FFFC181818140005FFFC3AFFFC15FDFDFFFE10002FFC
:20277900FBF9FF0015FDFEFFFE10002FFBF8FF0015FDF9FFFE08002BFE04004CFBFDFFFD92
:20279900F8FFFEFEFF2BFE04004CFBFEFF00140005FFFC35FFFC181818140005FFFC3AFFE4
:2027B900FC15FDFDFFFE10002FFBF9FF0015FDFEFFFE10002FFBF8FF0015FDF9FFFE080078
:2027D9002BFE04004CFBFDFFFDF8FFFE00002BFE04004CFBFEFF00140005FFFC35FFFC18B1
:2027F9001818140005FFFC3AFFFC15FDFDFFFE10002FFBF9FF0015FDFEFFFE10002FFBF8CA
:20281900FF0015FDF9FFFE08002BFE04004CFBFDFFFDF8FFFE02002BFE04004CFBFEFF00BB
:20283900140005FFFC35FFFC181818140005FFFC3AFFFC15FDFDFFFE10002FFBF9FF001557
:20285900FDFEFFFE10002FFBF8FF0015FDF9FFFE08002BFE04004CFBFDFFFDF8FFFE0400C0
:202879002BFE04004CFBFEFF00140005FFFC35FFFC181818140005FFFC3AFFFC15FDFDFFEB
:20289900FE10002FFBF9FF0015FDFEFFFE10002FFBF8FF0015FDF9FFFE08002BFE04004C28
:2028B900FBFDFFFDF8FFFE06002BFE04004CFBFEFF00140005FFFC35FFFC181818140005FA
:2028D900FFFC3AFFFC15FDFDFFFDFEFFFE4000FE01000080FFFC030204140005FFFC33FFA0
:2028F900FC096C44140005FFFC3AFFFC15FDFDFFFE10002FFBF9FF0015FDFEFFFE10002F37
:20291900FBF8FF0015FDF9FFFEF8FF2BFE04004CFBFDFFFDF8FFFEF1FF2BFE04004CFBFEE9
:20293900FF00140005FFFC35FFFC181818140005FFFC3AFFFC15FDFDFFFE10002FFBF9FF6C
:202959000015FDFEFFFE10002FFBF8FF0015FDF9FFFEF8FF2BFE04004CFBFDFFFDF8FFFEBF
:20297900F4FF2BFE04004CFBFEFF00140005FFFC35FFFC181818140005FFFC3AFFFC15FDF3
:20299900FDFFFE10002FFBF9FF0015FDFEFFFE10002FFBF8FF0015FDF9FFFEF8FF2BFE0488
:2029B900004CFBFDFFFDF8FFFEF6FF2BFE04004CFBFEFF00140005FFFC35FFFC18181814C3
:2029D9000005FFFC3AFFFC15FDFDFFFE10002FFBF9FF0015FDFEFFFE10002FFBF8FF001518
:2029F900FDF9FFFEF8FF2BFE04004CFBFDFFFDF8FFFEF8FF2BFE04004CFBFEFF00140005F1
:202A1900FFFC35FFFC181818140005FFFC3AFFFC15FDFDFFFE10002FFBF9FF0015FDFEFF94
:202A3900FE10002FFBF8FF0015FDF9FFFEF8FF2BFE04004CFBFDFFFDF8FFFEFAFF2BFE04C7
:202A5900004CFBFEFF00140005FFFC35FFFC181818140005FFFC3AFFFC15FDFDFFFE100028
:202A79002FFBF9FF0015FDFEFFFE10002FFBF8FF0015FDF9FFFEF8FF2BFE04004CFBFDFF6E
:202A9900FDF8FFFEFCFF2BFE04004CFBFEFF00140005FFFC35FFFC181818140005FFFC3AE5
:202AB900FFFC15FDFDFFFE10002FFBF9FF0015FDFEFFFE10002FFBF8FF0015FDF9FFFEF886
:202AD900FF2BFE04004CFBFDFFFDF8FFFEFEFF2BFE04004CFBFEFF00140005FFFC35FFFCCA
:202AF900181818140005FFFC3AFFFC15FDFDFFFE10002FFBF9FF0015FDFEFFFE10002FFBA7
:202B1900F8FF0015FDF9FFFEF8FF2BFE04004CFBFDFFFDF8FFFE00002BFE04004CFBFEFFD3
:202B390000140005FFFC35FFFC181818140005FFFC3AFFFC15FDFDFFFE10002FFBF9FF0069
:202B590015FDFEFFFE10002FFBF8FF0015FDF9FFFEF8FF2BFE04004CFBFDFFFDF8FFFE02BB
:202B7900002BFE04004CFBFEFF00140005FFFC35FFFC181818140005FFFC3AFFFC15FDFDE7
:202B9900FFFE10002FFBF9FF0015FDFEFFFE10002FFBF8FF0015FDF9FFFEF8FF2BFE040083
:202BB9004CFBFDFFFDF8FFFE04002BFE04004CFBFEFF00140005FFFC35FFFC1818181400B2
:202BD90005FFFC3AFFFC15FDFDFFFE10002FFBF9FF0015FDFEFFFE10002FFBF8FF0015FD19
:202BF900F9FFFEF8FF2BFE04004CFBFDFFFDF8FFFE06002BFE04004CFBFEFF00140005FFDE
:202C1900FC35FFFC181818140005FFFC3AFFFC15FDFDFFFDFEFFFE4000FE01000080FFFC1E
:0D2C3900030204140005FFFC33FFFC000043
:020000040004F6
:2006FF00120514001EFFFC0DFFFC00429604140005FFFC840012FFFC3F0404FFFC14000CAC
:20071F00FFFB0DFFFB0042960466080276EE06140005FFFC3AFFFC15FDFDFFFDFEFFFE00B4
:20073F0000FE01000086FFFEFFF880FFFC02020414000CFFFB0DFFFB00429604140005FF89
:1C075F00FC840000FFFC3F0404FFFC14003CFFFC0DFFFC00429604180947010029
:020000040002F8
:202C46001208190000FFFC1A006C590002FFFC0109739266040A7D9D0615FD2000FF012D62
:202C6600FB20000015FD2000FE010002001A016C7F0000FFFF060973911A006C8B000000D8
:202C86002801096C9B15FD0B00FF012BFB0B00001400010028140005FFFC74FFFC140005CE
:202CA600FFFC3F0800FFFC140005FFFC840001FFFC3F0400FFFC66080A7D5C06140005FF90
:202CC600FC3AFFFC15FDFDFFFDFEFFFE4000FE01000080FFFC020204140000FFFC3AFFFCB1
:202CE600140005FFF93AFFF915FDFDFFFDFAFF02001A01704A0000FFFF01140005FFFC3A63
:202D0600FFFC15FDFDFFFE10002FFBF9FF0015FDFEFFFE10002FFBF8FF0015FDF9FFFE0826
:202D2600002BFE04004CFBFDFFFDF8FFFEF1FF2BFE04004CFBFEFF00140005FFFC35FFFC86
:202D4600181818140005FFFC3AFFFC15FDFDFFFE10002FFBF9FF0015FDFEFFFE10002FFB57
:202D6600F8FF0015FDF9FFFE08002BFE04004CFBFDFFFDF8FFFEF4FF2BFE04004CFBFEFF80
:202D860000140005FFFC35FFFC181818140005FFFC3AFFFC15FDFDFFFE10002FFBF9FF001A
:202DA60015FDFEFFFE10002FFBF8FF0015FDF9FFFE08002BFE04004CFBFDFFFDF8FFFEF667
:202DC600FF2BFE04004CFBFEFF00140005FFFC35FFFC181818140005FFFC3AFFFC15FDFD99
:202DE600FFFE10002FFBF9FF0015FDFEFFFE10002FFBF8FF0015FDF9FFFE08002BFE040023
:202E06004CFBFDFFFDF8FFFEF8FF2BFE04004CFBFEFF00140005FFFC35FFFC18181814006F
:202E260005FFFC3AFFFC15FDFDFFFE10002FFBF9FF0015FDFEFFFE10002FFBF8FF0015FDC9
:202E4600F9FFFE08002BFE04004CFBFDFFFDF8FFFEFAFF2BFE04004CFBFEFF00140005FF8A
:202E6600FC35FFFC181818140005FFFC3AFFFC15FDFDFFFE10002FFBF9FF0015FDFEFFFE44
:202E860010002FFBF8FF0015FDF9FFFE08002BFE04004CFBFDFFFDF8FFFEFCFF2BFE040061
:202EA6004CFBFEFF00140005FFFC35FFFC181818140005FFFC3AFFFC15FDFDFFFE10002FA8
:202EC600FBF9FF0015FDFEFFFE10002FFBF8FF0015FDF9FFFE08002BFE04004CFBFDFFFD3E
:202EE600F8FFFEFEFF2BFE04004CFBFEFF00140005FFFC35FFFC181818140005FFFC3AFF90
:202F0600FC15FDFDFFFE10002FFBF9FF0015FDFEFFFE10002FFBF8FF0015FDF9FFFE080023
:202F26002BFE04004CFBFDFFFDF8FFFE00002BFE04004CFBFEFF00140005FFFC35FFFC185C
:202F46001818140005FFFC3AFFFC15FDFDFFFE10002FFBF9FF0015FDFEFFFE10002FFBF875
:202F6600FF0015FDF9FFFE08002BFE04004CFBFDFFFDF8FFFE02002BFE04004CFBFEFF0067
:202F8600140005FFFC35FFFC181818140005FFFC3AFFFC15FDFDFFFE10002FFBF9FF001503
:202FA600FDFEFFFE10002FFBF8FF0015FDF9FFFE08002BFE04004CFBFDFFFDF8FFFE04006C
:202FC6002BFE04004CFBFEFF00140005FFFC35FFFC181818140005FFFC3AFFFC15FDFDFF97
:202FE600FE10002FFBF9FF0015FDFEFFFE10002FFBF8FF0015FDF9FFFE08002BFE04004CD4
:20300600FBFDFFFDF8FFFE06002BFE04004CFBFEFF00140005FFFC35FFFC181818140005A5
:20302600FFFC3AFFFC15FDFDFFFDFEFFFE4000FE01000080FFFC020204140005FFFC33FF4C
:20304600FC097391140005FFFC3AFFFC15FDFDFFFE10002FFBF9FF0015FDFEFFFE10002F8E
:20306600FBF8FF0015FDF9FFFEF8FF2BFE04004CFBFDFFFDF8FFFEF1FF2BFE04004CFBFE95
:20308600FF00140005FFFC35FFFC181818140005FFFC3AFFFC15FDFDFFFE10002FFBF9FF18
:2030A6000015FDFEFFFE10002FFBF8FF0015FDF9FFFEF8FF2BFE04004CFBFDFFFDF8FFFE6B
:2030C600F4FF2BFE04004CFBFEFF00140005FFFC35FFFC181818140005FFFC3AFFFC15FD9F
:2030E600FDFFFE10002FFBF9FF0015FDFEFFFE10002FFBF8FF0015FDF9FFFEF8FF2BFE0434
:20310600004CFBFDFFFDF8FFFEF6FF2BFE04004CFBFEFF00140005FFFC35FFFC181818146E
:203126000005FFFC3AFFFC15FDFDFFFE10002FFBF9FF0015FDFEFFFE10002FFBF8FF0015C3
:20314600FDF9FFFEF8FF2BFE04004CFBFDFFFDF8FFFEF8FF2BFE04004CFBFEFF001400059C
:20316600FFFC35FFFC181818140005FFFC3AFFFC15FDFDFFFE10002FFBF9FF0015FDFEFF40
:20318600FE10002FFBF8FF0015FDF9FFFEF8FF2BFE04004CFBFDFFFDF8FFFEFAFF2BFE0473
:2031A600004CFBFEFF00140005FFFC35FFFC181818140005FFFC3AFFFC15FDFDFFFE1000D4
:2031C6002FFBF9FF0015FDFEFFFE10002FFBF8FF0015FDF9FFFEF8FF2BFE04004CFBFDFF1A
:2031E600FDF8FFFEFCFF2BFE04004CFBFEFF00140005FFFC35FFFC181818140005FFFC3A91
:20320600FFFC15FDFDFFFE10002FFBF9FF0015FDFEFFFE10002FFBF8FF0015FDF9FFFEF831
:20322600FF2BFE04004CFBFDFFFDF8FFFEFEFF2BFE04004CFBFEFF00140005FFFC35FFFC75
:20324600181818140005FFFC3AFFFC15FDFDFFFE10002FFBF9FF0015FDFEFFFE10002FFB52
:20326600F8FF0015FDF9FFFEF8FF2BFE04004CFBFDFFFDF8FFFE00002BFE04004CFBFEFF7F
:2032860000140005FFFC35FFFC181818140005FFFC3AFFFC15FDFDFFFE10002FFBF9FF0015
:2032A60015FDFEFFFE10002FFBF8FF0015FDF9FFFEF8FF2BFE04004CFBFDFFFDF8FFFE0267
:2032C600002BFE04004CFBFEFF00140005FFFC35FFFC181818140005FFFC3AFFFC15FDFD93
:2032E600FFFE10002FFBF9FF0015FDFEFFFE10002FFBF8FF0015FDF9FFFEF8FF2BFE04002F
:203306004CFBFDFFFDF8FFFE04002BFE04004CFBFEFF00140005FFFC35FFFC18181814005D
:2033260005FFFC3AFFFC15FDFDFFFE10002FFBF9FF0015FDFEFFFE10002FFBF8FF0015FDC4
:20334600F9FFFEF8FF2BFE04004CFBFDFFFDF8FFFE06002BFE04004CFBFEFF00140005FF89
:20336600FC35FFFC181818140005FFFC3AFFFC15FDFDFFFDFEFFFE4000FE01000080FFFCCA
:0D338600020204140005FFFC33FFFC0000F0
:020000040004F6
:20077B00120514001EFFFC0DFFFC00429604140005FFFC840012FFFC3F0404FFFC14000C2F
:20079B00FFFB0DFFFB0042960466080276EE06140005FFFC3AFFFC15FDFDFFFDFEFFFE0038
:2007BB0000FE01000086FFFEFFF880FFFC03020414000CFFFB0DFFFB00429604140005FF0C
:1C07DB00FC840000FFFC3F0404FFFC14003CFFFC0DFFFC004296041809477D0031
:020000040003F7
:20423A001206190000FFFC1A00424D0000FFFC01094445140007FFFC3F0800FFFC1400098C
:20425A00FFFC31FFFC660802770A061400010007140007FFFC3D01FFFC15FD0600FF012B78
:20427A00FB060000140007FFFC3AFFFC15FDFDFFFE10002FFBFBFF0015FDFEFFFE10002F4C
:20429A00FBFAFF0015FDFBFFFE00002BFE04004CFBFDFFFDFAFFFEF6FF2BFE04004CFBFE3B
:2042BA00FF00140007FFFC35FFFC1818140007FFFC3AFFFC15FDFDFFFE10002FFBFBFF00E4
:2042DA0015FDFEFFFE10002FFBFAFF0015FDFBFFFE00002BFE04004CFBFDFFFDFAFFFEFB1B
:2042FA00FF2BFE04004CFBFEFF00140007FFFC35FFFC181818140007FFFC3AFFFC15FDFD4C
:20431A00FFFE10002FFBFBFF0015FDFEFFFE10002FFBFAFF0015FDFBFFFE00002BFE0400DB
:20433A004CFBFDFFFDFAFFFEFDFF2BFE04004CFBFEFF00140007FFFC35FFFC181818181405
:20435A000007FFFC3AFFFC15FDFDFFFE10002FFBFBFF0015FDFEFFFE10002FFBFAFF001577
:20437A00FDFBFFFE00002BFE04004CFBFDFFFDFAFFFE00002BFE04004CFBFEFF001400073E
:20439A00FFFC35FFFC14000EFFFB0DFFFB00429604140007FFFC3AFFFC15FDFDFFFE100072
:2043BA002FFBFBFF0015FDFEFFFE10002FFBFAFF0015FDFBFFFE00002BFE04004CFBFDFF05
:2043DA00FDFAFFFE03002BFE04004CFBFEFF00140007FFFC35FFFC181818140007FFFC3A7D
:2043FA00FFFC15FDFDFFFE10002FFBFBFF0015FDFEFFFE10002FFBFAFF0015FDFBFFFE001E
:20441A00002BFE04004CFBFDFFFDFAFFFE05002BFE04004CFBFEFF00140007FFFC35FFFC62
:20443A001818140007FFFC33FFFC00001206190000FFFC1A0044590000FFFC01094651145B
:20445A000003FFFC3F0800FFFC140002FFFC31FFFC660802770A061400010007140003FF9C
:20447A00FC3D01FFFC15FD0600FF012BFB060000140003FFFC3AFFFC15FDFDFFFE10002F17
:20449A00FBFBFF0015FDFEFFFE10002FFBFAFF0015FDFBFFFE00002BFE04004CFBFDFFFD56
:2044BA00FAFFFEF6FF2BFE04004CFBFEFF00140003FFFC35FFFC1818140003FFFC3AFFFCCC
:2044DA0015FDFDFFFE10002FFBFBFF0015FDFEFFFE10002FFBFAFF0015FDFBFFFE00002B0D
:2044FA00FE04004CFBFDFFFDFAFFFEFBFF2BFE04004CFBFEFF00140003FFFC35FFFC18188C
:20451A0018140003FFFC3AFFFC15FDFDFFFE10002FFBFBFF0015FDFEFFFE10002FFBFAFFA2
:20453A000015FDFBFFFE00002BFE04004CFBFDFFFDFAFFFEFDFF2BFE04004CFBFEFF001472
:20455A000003FFFC35FFFC18181818140003FFFC3AFFFC15FDFDFFFE10002FFBFBFF001517
:20457A00FDFEFFFE10002FFBFAFF0015FDFBFFFE00002BFE04004CFBFDFFFDFAFFFE000088
:20459A002BFE04004CFBFEFF00140003FFFC35FFFC14000EFFFB0DFFFB0042960414000338
:2045BA00FFFC3AFFFC15FDFDFFFE10002FFBFBFF0015FDFEFFFE10002FFBFAFF0015FDFB24
:2045DA00FFFE00002BFE04004CFBFDFFFDFAFFFE03002BFE04004CFBFEFF00140003FFFCDA
:2045FA0035FFFC181818140003FFFC3AFFFC15FDFDFFFE10002FFBFBFF0015FDFEFFFE1085
:20461A00002FFBFAFF0015FDFBFFFE00002BFE04004CFBFDFFFDFAFFFE05002BFE04004C71
:18463A00FBFEFF00140003FFFC35FFFC1818140003FFFC33FFFC0000BE
:20C7D10012041A0048BA0000000D0115FD0D00FE010001001A0148830000FFFF0615FD0DE0
:20C7F10000FE020001001A0148030000FFFF0609483715FD0300FE040004001A0148320085
:20C8110000FFFF0615FD0300FE050004001A01482A0000FFFF0609482F1400050003094869
:20C8310037140005000315FD0D00FE030001001A0148660000FFFF0615FD0300FE06000489
:20C85100001A01485E0000FFFF06094863140006000309488015FD0300FE050004001A0129
:20C87100487B0000FFFF0609488014000600030948B715FD0300FE030004001A0148B200BB
:20C8910000FFFF0615FD0300FE040004001A0148AA0000FFFF060948AF14000400030948EB
:20C8B100B714000400030948EE15FD0300FE020004001A0148E90000FFFF0615FD0300FEDA
:20C8D100030004001A0148E10000FFFF060948E614000300030948EE140003000315FD0339
:1AC8F10000FBFDFF00140001FFFC75FFFC140001FFFC74FFFC180947D300FC
:020000040002F8
:204000001208190000FFFC1A0040130002FFFC0109474C66040A7D9D0615FD1B00FF012D7D
:20402000FB1B000015FD1B00FE010002001A0140390000FFFF0609474B1A0040450000006A
:20404000240109405515FD0B00FF012BFB0B00001400010024140001FFFC74FFFC14000182
:20406000FFFC3F0800FFFC140001FFFC840001FFFC3F0400FFFC140001FFFC3AFFFC15FDDE
:20408000FDFFFDFEFFFE4000FE01000080FFFC02020466080A7D5C06140000FFFC3AFFFCCF
:2040A000140001FFF93AFFF915FDFDFFFDFAFF02001A0144040000FFFF01140001FFFC3A0F
:2040C000FFFC15FDFDFFFE10002FFBF9FF0015FDFEFFFE10002FFBF8FF0015FDF9FFFE0859
:2040E000002BFE04004CFBFDFFFDF8FFFEF1FF2BFE04004CFBFEFF00140001FFFC35FFFCBD
:20410000181818140001FFFC3AFFFC15FDFDFFFE10002FFBF9FF0015FDFEFFFE10002FFB8D
:20412000F8FF0015FDF9FFFE08002BFE04004CFBFDFFFDF8FFFEF4FF2BFE04004CFBFEFFB2
:2041400000140001FFFC35FFFC181818140001FFFC3AFFFC15FDFDFFFE10002FFBF9FF0054
:2041600015FDFEFFFE10002FFBF8FF0015FDF9FFFE08002BFE04004CFBFDFFFDF8FFFEF699
:20418000FF2BFE04004CFBFEFF00140001FFFC35FFFC181818140001FFFC3AFFFC15FDFDD3
:2041A000FFFE10002FFBF9FF0015FDFEFFFE10002FFBF8FF0015FDF9FFFE08002BFE040055
:2041C0004CFBFDFFFDF8FFFEF8FF2BFE04004CFBFEFF00140001FFFC35FFFC1818181400A6
:2041E00001FFFC3AFFFC15FDFDFFFE10002FFBF9FF0015FDFEFFFE10002FFBF8FF0015FD00
:20420000F9FFFE08002BFE04004CFBFDFFFDF8FFFEFAFF2BFE04004CFBFEFF00140001FFC0
:20422000FC35FFFC181818140001FFFC3AFFFC15FDFDFFFE10002FFBF9FF0015FDFEFFFE7A
:2042400010002FFBF8FF0015FDF9FFFE08002BFE04004CFBFDFFFDF8FFFEFCFF2BFE040093
:204260004CFBFEFF00140001FFFC35FFFC181818140001FFFC3AFFFC15FDFDFFFE10002FE2
:20428000FBF9FF0015FDFEFFFE10002FFBF8FF0015FDF9FFFE08002BFE04004CFBFDFFFD70
:2042A000F8FFFEFEFF2BFE04004CFBFEFF00140001FFFC35FFFC181818140001FFFC3AFFCA
:2042C000FC15FDFDFFFE10002FFBF9FF0015FDFEFFFE10002FFBF8FF0015FDF9FFFE080056
:2042E0002BFE04004CFBFDFFFDF8FFFE00002BFE04004CFBFEFF00140001FFFC35FFFC1893
:204300001818140001FFFC3AFFFC15FDFDFFFE10002FFBF9FF0015FDFEFFFE10002FFBF8AB
:20432000FF0015FDF9FFFE08002BFE04004CFBFDFFFDF8FFFE02002BFE04004CFBFEFF0099
:20434000140001FFFC35FFFC181818140001FFFC3AFFFC15FDFDFFFE10002FFBF9FF00153D
:20436000FDFEFFFE10002FFBF8FF0015FDF9FFFE08002BFE04004CFBFDFFFDF8FFFE04009E
:204380002BFE04004CFBFEFF00140001FFFC35FFFC181818140001FFFC3AFFFC15FDFDFFD1
:2043A000FE10002FFBF9FF0015FDFEFFFE10002FFBF8FF0015FDF9FFFE08002BFE04004C06
:2043C000FBFDFFFDF8FFFE06002BFE04004CFBFEFF00140001FFFC35FFFC181818140001E0
:2043E000FFFC3AFFFC15FDFDFFFDFEFFFE4000FE01000080FFFC020204140001FFFC33FF83
:20440000FC09474B140001FFFC3AFFFC15FDFDFFFE10002FFBF9FF0015FDFEFFFE10002F36
:20442000FBF8FF0015FDF9FFFEF8FF2BFE04004CFBFDFFFDF8FFFEF1FF2BFE04004CFBFEC7
:20444000FF00140001FFFC35FFFC181818140001FFFC3AFFFC15FDFDFFFE10002FFBF9FF52
:204460000015FDFEFFFE10002FFBF8FF0015FDF9FFFEF8FF2BFE04004CFBFDFFFDF8FFFE9D
:20448000F4FF2BFE04004CFBFEFF00140001FFFC35FFFC181818140001FFFC3AFFFC15FDD9
:2044A000FDFFFE10002FFBF9FF0015FDFEFFFE10002FFBF8FF0015FDF9FFFEF8FF2BFE0466
:2044C000004CFBFDFFFDF8FFFEF6FF2BFE04004CFBFEFF00140001FFFC35FFFC18181814A5
:2044E0000001FFFC3AFFFC15FDFDFFFE10002FFBF9FF0015FDFEFFFE10002FFBF8FF0015FA
:20450000FDF9FFFEF8FF2BFE04004CFBFDFFFDF8FFFEF8FF2BFE04004CFBFEFF00140001D2
:20452000FFFC35FFFC181818140001FFFC3AFFFC15FDFDFFFE10002FFBF9FF0015FDFEFF76
:20454000FE10002FFBF8FF0015FDF9FFFEF8FF2BFE04004CFBFDFFFDF8FFFEFAFF2BFE04A5
:20456000004CFBFEFF00140001FFFC35FFFC181818140001FFFC3AFFFC15FDFDFFFE10000E
:204580002FFBF9FF0015FDFEFFFE10002FFBF8FF0015FDF9FFFEF8FF2BFE04004CFBFDFF4C
:2045A000FDF8FFFEFCFF2BFE04004CFBFEFF00140001FFFC35FFFC181818140001FFFC3ACB
:2045C000FFFC15FDFDFFFE10002FFBF9FF0015FDFEFFFE10002FFBF8FF0015FDF9FFFEF864
:2045E000FF2BFE04004CFBFDFFFDF8FFFEFEFF2BFE04004CFBFEFF00140001FFFC35FFFCAC
:20460000181818140001FFFC3AFFFC15FDFDFFFE10002FFBF9FF0015FDFEFFFE10002FFB88
:20462000F8FF0015FDF9FFFEF8FF2BFE04004CFBFDFFFDF8FFFE00002BFE04004CFBFEFFB1
:2046400000140001FFFC35FFFC181818140001FFFC3AFFFC15FDFDFFFE10002FFBF9FF004F
:2046600015FDFEFFFE10002FFBF8FF0015FDF9FFFEF8FF2BFE04004CFBFDFFFDF8FFFE0299
:20468000002BFE04004CFBFEFF00140001FFFC35FFFC181818140001FFFC3AFFFC15FDFDCD
:2046A000FFFE10002FFBF9FF0015FDFEFFFE10002FFBF8FF0015FDF9FFFEF8FF2BFE040061
:2046C0004CFBFDFFFDF8FFFE04002BFE04004CFBFEFF00140001FFFC35FFFC181818140094
:2046E00001FFFC3AFFFC15FDFDFFFE10002FFBF9FF0015FDFEFFFE10002FFBF8FF0015FDFB
:20470000F9FFFEF8FF2BFE04004CFBFDFFFDF8FFFE06002BFE04004CFBFEFF00140001FFBF
:20472000FC35FFFC181818140001FFFC3AFFFC15FDFDFFFDFEFFFE4000FE01000080FFFC00
:0D474000020204140001FFFC33FFFC000026
:020000040003F7
:204652001206140001FFFC840000FFFC3F0404FFFC140030FFFB0DFFFB0042960414000129
:20467200FFFC840005FFFC3F0404FFFC140001FFFC3AFFFC15FDFDFFFE10002FFBFBFF00E2
:2046920015FDFEFFFE10002FFBFAFF0015FDFBFFFE00002BFE04004CFBFDFFFDFAFFFEF169
:2046B200FF2BFE04004CFBFEFF00140001FFFC35FFFC1818140001FFFC3AFFFC15FDFDFFB5
:2046D200FE10002FFBFBFF0015FDFEFFFE10002FFBFAFF0015FDFBFFFE00002BFE04004CD3
:2046F200FBFDFFFDFAFFFEF8FF2BFE04004CFBFEFF00140001FFFC35FFFC181818181400A1
:2047120001FFFC3AFFFC15FDFDFFFE10002FFBFBFF0015FDFEFFFE10002FFBFAFF0015FDC4
:20473200FBFFFE00002BFE04004CFBFDFFFDFAFFFEFCFF2BFE04004CFBFEFF00140001FF8B
:20475200FC35FFFC140008FFFB0DFFFB00429604140001FFFC3AFFFC15FDFDFFFE10002F92
:20477200FBFBFF0015FDFEFFFE10002FFBFAFF0015FDFBFFFE00002BFE04004CFBFDFFFD7B
:20479200FAFFFEFFFF2BFE04004CFBFEFF00140001FFFC35FFFC140008FFFB0DFFFB004202
:2047B2009604140001FFFC3AFFFC15FDFDFFFE10002FFBFBFF0015FDFEFFFE10002FFBFA87
:2047D200FF0015FDFBFFFE00002BFE04004CFBFDFFFDFAFFFE01002BFE04004CFBFEFF00E8
:2047F200140001FFFC35FFFC140008FFFB0DFFFB00429604140001FFFC3AFFFC15FDFDFF1B
:20481200FE10002FFBFBFF0015FDFEFFFE10002FFBFAFF0015FDFBFFFE00002BFE04004C91
:20483200FBFDFFFDFAFFFE04002BFE04004CFBFEFF00140001FFFC35FFFC18181818140052
:2048520001FFFC3AFFFC15FDFDFFFE10002FFBFBFF0015FDFEFFFE10002FFBFAFF0015FD83
:20487200FBFFFE00002BFE04004CFBFDFFFDFAFFFE08002BFE04004CFBFEFF00140001FF3D
:20489200FC35FFFC1818140001FFFC3AFFFC15FDFDFFFE10002FFBFBFF0015FDFEFFFE1008
:2048B200002FFBFAFF0015FDFBFFFE00002BFE04004CFBFDFFFDFAFFFE0F002BFE04004CCD
:1148D200FBFEFF00140001FFFC35FFFC1809465400E2
:020000040002F8
:20474D001208190000FFFC1A0047600002FFFC01094E9966040A7D9D0615FD3F00FF012D5D
:20476D00FB3F000015FD3F00FE010002001A0147860000FFFF06094E981A004792000000D2
:20478D0053010947A215FD0B00FF012BFB0B00001400010053140002FFFC74FFFC1400027A
:2047AD00FFFC3F0800FFFC140002FFFC840001FFFC3F0400FFFC66080A7D5C06140002FF74
:2047CD00FC3AFFFC15FDFDFFFDFEFFFE4000FE01000080FFFC030204140000FFFC3AFFFC8E
:2047ED00140002FFF93AFFF915FDFDFFFDFAFF02001A014B510000FFFF01140002FFFC3A65
:20480D00FFFC15FDFDFFFE10002FFBF9FF0015FDFEFFFE10002FFBF8FF0015FDF9FFFE0804
:20482D00002BFE04004CFBFDFFFDF8FFFEF1FF2BFE04004CFBFEFF00140002FFFC35FFFC67
:20484D00181818140002FFFC3AFFFC15FDFDFFFE10002FFBF9FF0015FDFEFFFE10002FFB38
:20486D00F8FF0015FDF9FFFE08002BFE04004CFBFDFFFDF8FFFEF4FF2BFE04004CFBFEFF5E
:20488D0000140002FFFC35FFFC181818140002FFFC3AFFFC15FDFDFFFE10002FFBF9FF00FE
:2048AD0015FDFEFFFE10002FFBF8FF0015FDF9FFFE08002BFE04004CFBFDFFFDF8FFFEF645
:2048CD00FF2BFE04004CFBFEFF00140002FFFC35FFFC181818140002FFFC3AFFFC15FDFD7D
:2048ED00FFFE10002FFBF9FF0015FDFEFFFE10002FFBF8FF0015FDF9FFFE08002BFE040001
:20490D004CFBFDFFFDF8FFFEF8FF2BFE04004CFBFEFF00140002FFFC35FFFC181818140050
:20492D0002FFFC3AFFFC15FDFDFFFE10002FFBF9FF0015FDFEFFFE10002FFBF8FF0015FDAA
:20494D00F9FFFE08002BFE04004CFBFDFFFDF8FFFEFAFF2BFE04004CFBFEFF00140002FF6B
:20496D00FC35FFFC181818140002FFFC3AFFFC15FDFDFFFE10002FFBF9FF0015FDFEFFFE25
:20498D0010002FFBF8FF0015FDF9FFFE08002BFE04004CFBFDFFFDF8FFFEFCFF2BFE04003F
:2049AD004CFBFEFF00140002FFFC35FFFC181818140002FFFC3AFFFC15FDFDFFFE10002F8C
:2049CD00FBF9FF0015FDFEFFFE10002FFBF8FF0015FDF9FFFE08002BFE04004CFBFDFFFD1C
:2049ED00F8FFFEFEFF2BFE04004CFBFEFF00140002FFFC35FFFC181818140002FFFC3AFF74
:204A0D00FC15FDFDFFFE10002FFBF9FF0015FDFEFFFE10002FFBF8FF0015FDF9FFFE080001
:204A2D002BFE04004CFBFDFFFDF8FFFE00002BFE04004CFBFEFF00140002FFFC35FFFC183D
:204A4D001818140002FFFC3AFFFC15FDFDFFFE10002FFBF9FF0015FDFEFFFE10002FFBF856
:204A6D00FF0015FDF9FFFE08002BFE04004CFBFDFFFDF8FFFE02002BFE04004CFBFEFF0045
:204A8D00140002FFFC35FFFC181818140002FFFC3AFFFC15FDFDFFFE10002FFBF9FF0015E7
:204AAD00FDFEFFFE10002FFBF8FF0015FDF9FFFE08002BFE04004CFBFDFFFDF8FFFE04004A
:204ACD002BFE04004CFBFEFF00140002FFFC35FFFC181818140002FFFC3AFFFC15FDFDFF7B
:204AED00FE10002FFBF9FF0015FDFEFFFE10002FFBF8FF0015FDF9FFFE08002BFE04004CB2
:204B0D00FBFDFFFDF8FFFE06002BFE04004CFBFEFF00140002FFFC35FFFC18181814000289
:204B2D00FFFC3AFFFC15FDFDFFFDFEFFFE4000FE01000080FFFC030204140002FFFC33FF2C
:204B4D00FC094E98140002FFFC3AFFFC15FDFDFFFE10002FFBF9FF0015FDFEFFFE10002F8D
:204B6D00FBF8FF0015FDF9FFFEF8FF2BFE04004CFBFDFFFDF8FFFEF1FF2BFE04004CFBFE73
:204B8D00FF00140002FFFC35FFFC181818140002FFFC3AFFFC15FDFDFFFE10002FFBF9FFFC
:204BAD000015FDFEFFFE10002FFBF8FF0015FDF9FFFEF8FF2BFE04004CFBFDFFFDF8FFFE49
:204BCD00F4FF2BFE04004CFBFEFF00140002FFFC35FFFC181818140002FFFC3AFFFC15FD83
:204BED00FDFFFE10002FFBF9FF0015FDFEFFFE10002FFBF8FF0015FDF9FFFEF8FF2BFE0412
:204C0D00004CFBFDFFFDF8FFFEF6FF2BFE04004CFBFEFF00140002FFFC35FFFC181818144F
:204C2D000002FFFC3AFFFC15FDFDFFFE10002FFBF9FF0015FDFEFFFE10002FFBF8FF0015A4
:204C4D00FDF9FFFEF8FF2BFE04004CFBFDFFFDF8FFFEF8FF2BFE04004CFBFEFF001400027D
:204C6D00FFFC35FFFC181818140002FFFC3AFFFC15FDFDFFFE10002FFBF9FF0015FDFEFF21
:204C8D00FE10002FFBF8FF0015FDF9FFFEF8FF2BFE04004CFBFDFFFDF8FFFEFAFF2BFE0451
:204CAD00004CFBFEFF00140002FFFC35FFFC181818140002FFFC3AFFFC15FDFDFFFE1000B8
:204CCD002FFBF9FF0015FDFEFFFE10002FFBF8FF0015FDF9FFFEF8FF2BFE04004CFBFDFFF8
:204CED00FDF8FFFEFCFF2BFE04004CFBFEFF00140002FFFC35FFFC181818140002FFFC3A75
:204D0D00FFFC15FDFDFFFE10002FFBF9FF0015FDFEFFFE10002FFBF8FF0015FDF9FFFEF80F
:204D2D00FF2BFE04004CFBFDFFFDF8FFFEFEFF2BFE04004CFBFEFF00140002FFFC35FFFC56
:204D4D00181818140002FFFC3AFFFC15FDFDFFFE10002FFBF9FF0015FDFEFFFE10002FFB33
:204D6D00F8FF0015FDF9FFFEF8FF2BFE04004CFBFDFFFDF8FFFE00002BFE04004CFBFEFF5D
:204D8D0000140002FFFC35FFFC181818140002FFFC3AFFFC15FDFDFFFE10002FFBF9FF00F9
:204DAD0015FDFEFFFE10002FFBF8FF0015FDF9FFFEF8FF2BFE04004CFBFDFFFDF8FFFE0245
:204DCD00002BFE04004CFBFEFF00140002FFFC35FFFC181818140002FFFC3AFFFC15FDFD77
:204DED00FFFE10002FFBF9FF0015FDFEFFFE10002FFBF8FF0015FDF9FFFEF8FF2BFE04000D
:204E0D004CFBFDFFFDF8FFFE04002BFE04004CFBFEFF00140002FFFC35FFFC18181814003E
:204E2D0002FFFC3AFFFC15FDFDFFFE10002FFBF9FF0015FDFEFFFE10002FFBF8FF0015FDA5
:204E4D00F9FFFEF8FF2BFE04004CFBFDFFFDF8FFFE06002BFE04004CFBFEFF00140002FF6A
:204E6D00FC35FFFC181818140002FFFC3AFFFC15FDFDFFFDFEFFFE4000FE01000080FFFCAB
:0D4E8D00030204140002FFFC33FFFC0000D0
:020000040004F6
:2007F700120514001EFFFC0DFFFC00429604140002FFFC840012FFFC3F0404FFFC14000CB6
:20081700FFFB0DFFFB0042960466080276EE06140002FFFC3AFFFC15FDFDFFFDFEFFFE00BE
:2008370000FE01000086FFFEFFF880FFFC02020414000CFFFB0DFFFB00429604140002FF93
:20085700FC840000FFFC3F0404FFFC14003CFFFC0DFFFC00429604180947F9001204190005
:2008770000FFFC1A0048860002FFFC0109491366040A7D9D0615FD4100FF012DFB410000CB
:2008970015FD4100FE010002001A0148AC0000FFFF06094912140005FFFC74FFFC15FF00DF
:2008B700F86997C60015FF00F8699BC60015FF00F8699CC60015FF00F8699DC60015FF00CA
:2008D700F8699EC60015FF00F869A5C600140005FFFC3AFFFC15FDFDFFFDFEFFFE4000FECF
:2008F70001000080FFFC030204140005FFFC3F0800FFFC140005FFFC33FFFC000012081892
:200917001818181A00492600000042010949E315FE0800FBF8FF00140000FFFC3AFFFC1412
:200937000005FFF93AFFF915FDFAFFFE070052FDFDFFFE0700522DFDFAFFFE070052FDFD4B
:20095700FFFE0700522D2AFDFBFFFE070052FDFEFFFE0700522DFDFBFFFE070052FDFEFFBF
:20097700FE0700522D2A2BFDF8FFFDF8FF2A02001A0149E30000FFFF0118140005FFFC3FC2
:200997000200FFFC1400010042140005FFFC840002FFFC3F0404FFFC66080A7CBF06140048
:2009B70006FFF9140002FFFA15FE0200FBFBFF000DFFF90049F30B140005FFFC3F0808FF5B
:2009D700FC140005FFFC74FFFC0949E318094916001204190000FFFC1A0049FB0002FFFC47
:2009F70001094A8866040A7D9D0615FD4300FF012DFB43000015FD4300FE010002001A013F
:200A17004A210000FFFF06094A87140006FFFC74FFFC15FF00F86997C60015FF00F8699B10
:200A3700C60015FF00F8699CC60015FF00F8699DC60015FF00F8699EC60015FF00F869A537
:200A5700C600140006FFFC3AFFFC15FDFDFFFDFEFFFE4000FE01000080FFFC030204140092
:200A770006FFFC3F0800FFFC140006FFFC33FFFC00001208181818181A004A9B000000441C
:200A970001094B5815FE0800FBF8FF00140000FFFC3AFFFC140006FFF93AFFF915FDFAFFF2
:200AB700FE070052FDFDFFFE0700522DFDFAFFFE070052FDFDFFFE0700522D2AFDFBFFFE62
:200AD700070052FDFEFFFE0700522DFDFBFFFE070052FDFEFFFE0700522D2A2BFDF8FFFD16
:200AF700F8FF2A02001A014B580000FFFF0118140006FFFC3F0200FFFC1400010044140029
:200B170006FFFC840002FFFC3F0404FFFC66080A7CBF06140006FFF9140002FFFA15FE020B
:200B370000FBFBFF000DFFF90049F30B140006FFFC3F0808FFFC140006FFFC74FFFC094B26
:200B57005818094A8B001204190000FFFC1A004B700002FFFC01094BFD66040A7D9D061539
:200B7700FD4500FF012DFB45000015FD4500FE010002001A014B960000FFFF06094BFC14F3
:200B97000007FFFC74FFFC15FF00F86997C60015FF00F8699BC60015FF00F8699CC6001539
:200BB700FF00F8699DC60015FF00F8699EC60015FF00F869A5C600140007FFFC3AFFFC1542
:200BD700FDFDFFFDFEFFFE4000FE01000080FFFC030204140007FFFC3F0800FFFC140007D7
:200BF700FFFC33FFFC00001208181818181A004C100000004601094CCD15FE0800FBF8FF4F
:200C170000140000FFFC3AFFFC140007FFF93AFFF915FDFAFFFE070052FDFDFFFE07005282
:200C37002DFDFAFFFE070052FDFDFFFE0700522D2AFDFBFFFE070052FDFEFFFE0700522DB0
:200C5700FDFBFFFE070052FDFEFFFE0700522D2A2BFDF8FFFDF8FF2A02001A014CCD000014
:200C7700FFFF0118140007FFFC3F0200FFFC1400010046140007FFFC840002FFFC3F0404BB
:200C9700FFFC66080A7CBF06140006FFF9140002FFFA15FE0200FBFBFF000DFFF90049F31D
:200CB7000B140007FFFC3F0808FFFC140007FFFC74FFFC094CCD18094C000012041900006F
:200CD700FFFC1A004CE50002FFFC01094D7266040A7D9D0615FD4700FF012DFB4700001580
:200CF700FD4700FE010002001A014D0B0000FFFF06094D71140008FFFC74FFFC15FF00F8C8
:200D17006997C60015FF00F8699BC60015FF00F8699CC60015FF00F8699DC60015FF00F865
:200D3700699EC60015FF00F869A5C600140008FFFC3AFFFC15FDFDFFFDFEFFFE4000FE015E
:200D5700000080FFFC030204140008FFFC3F0800FFFC140008FFFC33FFFC00001208181810
:200D770018181A004D850000004801094E4215FE0800FBF8FF00140000FFFC3AFFFC1400F9
:200D970008FFF93AFFF915FDFAFFFE070052FDFDFFFE0700522DFDFAFFFE070052FDFDFFE5
:200DB700FE0700522D2AFDFBFFFE070052FDFEFFFE0700522DFDFBFFFE070052FDFEFFFE5C
:200DD7000700522D2A2BFDF8FFFDF8FF2A02001A014E420000FFFF0118140008FFFC3F02F3
:200DF70000FFFC1400010048140008FFFC840002FFFC3F0404FFFC66080A7CBF06140006D7
:200E1700FFF9140002FFFA15FE0200FBFBFF000DFFF90049F30B140008FFFC3F0808FFFCFD
:200E3700140008FFFC74FFFC094E4218094D75001204190000FFFC1A004E5A0002FFFC01AF
:200E5700094EE766040A7D9D0615FD4900FF012DFB49000015FD4900FE010002001A014E18
:200E7700800000FFFF06094EE6140009FFFC74FFFC15FF00F86997C60015FF00F8699BC66B
:200E97000015FF00F8699CC60015FF00F8699DC60015FF00F8699EC60015FF00F869A5C6D3
:200EB70000140009FFFC3AFFFC15FDFDFFFDFEFFFE4000FE01000080FFFC030204140009E8
:200ED700FFFC3F0800FFFC140009FFFC33FFFC00001208181818181A004EFA0000004A0151
:200EF700094FB715FE0800FBF8FF00140000FFFC3AFFFC140009FFF93AFFF915FDFAFFFE2B
:200F1700070052FDFDFFFE0700522DFDFAFFFE070052FDFDFFFE0700522D2AFDFBFFFE07F4
:200F37000052FDFEFFFE0700522DFDFBFFFE070052FDFEFFFE0700522D2A2BFDF8FFFDF8C0
:200F5700FF2A02001A014FB70000FFFF0118140009FFFC3F0200FFFC140001004A14000947
:200F7700FFFC840002FFFC3F0404FFFC66080A7CBF06140006FFF9140002FFFA15FE0200AD
:200F9700FBFBFF000DFFF90049F30B140009FFFC3F0808FFFC140009FFFC74FFFC094FB701
:200FB70018094EEA001204190000FFFC1A004FCF0002FFFC0109505C66040A7D9D0615FD06
:200FD7004B00FF012DFB4B000015FD4B00FE010002001A014FF50000FFFF0609505B1400B3
:200FF7000AFFFC74FFFC15FF00F86997C60015FF00F8699BC60015FF00F8699CC60015FFD3
:2010170000F8699DC60015FF00F8699EC60015FF00F869A5C60014000AFFFC3AFFFC15FDDC
:20103700FDFFFDFEFFFE4000FE01000080FFFC03020414000AFFFC3F0800FFFC14000AFF6A
:20105700FC33FFFC00001208181818181A00506F0000004C0109512C15FE0800FBF8FF001C
:20107700140000FFFC3AFFFC14000AFFF93AFFF915FDFAFFFE070052FDFDFFFE0700522DEE
:20109700FDFAFFFE070052FDFDFFFE0700522D2AFDFBFFFE070052FDFEFFFE0700522DFD7C
:2010B700FBFFFE070052FDFEFFFE0700522D2A2BFDF8FFFDF8FF2A02001A01512C0000FF4A
:2010D700FF011814000AFFFC3F0200FFFC140001004C14000AFFFC840002FFFC3F0404FF4B
:2010F700FC66080A7CBF06140006FFF9140002FFFA15FE0200FBFBFF000DFFF90049F30BAD
:1A11170014000AFFFC3F0808FFFC14000AFFFC74FFFC09512C1809505F007D
:020000040003F7
:20C90B0012041A0049F40000000D0115FD0D00FE010001001A0149BD0000FFFF0615FD0D2E
:20C92B0000FE020001001A01493D0000FFFF0609497115FD0300FE040004001A01496C0098
:20C94B0000FFFF0615FD0300FE050004001A0149640000FFFF0609496914000500030949B7
:20C96B0071140005000315FD0D00FE030001001A0149A00000FFFF0615FD0300FE060004D9
:20C98B00001A0149980000FFFF0609499D14000600030949BA15FD0300FE050004001A013D
:20C9AB0049B50000FFFF060949BA14000600030949F115FD0300FE030004001A0149EC0094
:20C9CB0000FFFF0615FD0300FE040004001A0149E40000FFFF060949E91400040003094939
:20C9EB00F11400040003094A2815FD0300FE020004001A014A230000FFFF0615FD0300FEED
:20CA0B00030004001A014A1B0000FFFF06094A201400030003094A28140003000315FD0349
:1ACA2B0000FBFDFF00140001FFFC75FFFC140001FFFC74FFFC1809490D0084
:2081EA001206190000FFFC1A0041FD0000FFFC010943F5140003FFFC3F0800FFFC14000448
:20820A00FFFC31FFFC660802770A06140001000A140003FFFC3D01FFFC15FD0600FF012B89
:20822A00FB060000140003FFFC3AFFFC15FDFDFFFE10002FFBFBFF0015FDFEFFFE10002F60
:20824A00FBFAFF0015FDFBFFFE00002BFE04004CFBFDFFFDFAFFFEF6FF2BFE04004CFBFE4B
:20826A00FF00140003FFFC35FFFC1818140003FFFC3AFFFC15FDFDFFFE10002FFBFBFF00FC
:20828A0015FDFEFFFE10002FFBFAFF0015FDFBFFFE00002BFE04004CFBFDFFFDFAFFFEFB2B
:2082AA00FF2BFE04004CFBFEFF00140003FFFC35FFFC181818140003FFFC3AFFFC15FDFD64
:2082CA00FFFE10002FFBFBFF0015FDFEFFFE10002FFBFAFF0015FDFBFFFE00002BFE0400EC
:2082EA004CFBFDFFFDFAFFFEFDFF2BFE04004CFBFEFF00140003FFFC35FFFC18181818141A
:20830A000003FFFC3AFFFC15FDFDFFFE10002FFBFBFF0015FDFEFFFE10002FFBFAFF00158B
:20832A00FDFBFFFE00002BFE04004CFBFDFFFDFAFFFE00002BFE04004CFBFEFF0014000352
:20834A00FFFC35FFFC14000EFFFB0DFFFB00429604140003FFFC3AFFFC15FDFDFFFE100086
:20836A002FFBFBFF0015FDFEFFFE10002FFBFAFF0015FDFBFFFE00002BFE04004CFBFDFF15
:20838A00FDFAFFFE03002BFE04004CFBFEFF00140003FFFC35FFFC181818140003FFFC3A95
:2083AA00FFFC15FDFDFFFE10002FFBFBFF0015FDFEFFFE10002FFBFAFF0015FDFBFFFE002E
:2083CA00002BFE04004CFBFDFFFDFAFFFE05002BFE04004CFBFEFF00140003FFFC35FFFC77
:0C83EA001818140003FFFC33FFFC000017
:020000040004F6
:201131001204190000FFFC1A0051440002FFFC010951D166040A7D9D0615FD4D00FF012D7C
:20115100FB4D000015FD4D00FE010002001A01516A0000FFFF060951D014000BFFFC74FF45
:20117100FC15FF00F86997C60015FF00F8699BC60015FF00F8699CC60015FF00F8699DC60B
:201191000015FF00F8699EC60015FF00F869A5C60014000BFFFC3AFFFC15FDFDFFFDFEFF2E
:2011B100FE4000FE01000080FFFC03020414000BFFFC3F0800FFFC14000BFFFC33FFFC00B9
:2011D100001208181818181A0051E40000004E010952A115FE0800FBF8FF00140000FFFCCE
:2011F1003AFFFC14000BFFF93AFFF915FDFAFFFE070052FDFDFFFE0700522DFDFAFFFE0786
:201211000052FDFDFFFE0700522D2AFDFBFFFE070052FDFEFFFE0700522DFDFBFFFE0700FC
:2012310052FDFEFFFE0700522D2A2BFDF8FFFDF8FF2A02001A0152A10000FFFF011814002B
:201251000BFFFC3F0200FFFC140001004E14000BFFFC840002FFFC3F0404FFFC66080A7C07
:20127100BF06140006FFF9140002FFFA15FE0200FBFBFF000DFFF90049F30B14000BFFFC07
:151291003F0808FFFC14000BFFFC74FFFC0952A1180951D40033
:020000040002F8
:204E9A001208190000FFFC1A004EAD0002FFFC010955E666040A7D9D0615FD2200FF012D7E
:204EBA00FB22000015FD2200FE010002001A014ED30000FFFF060955E51A004EDF000000BC
:204EDA002901094EEF15FD0B00FF012BFB0B00001400010029140009FFFC74FFFC14000918
:204EFA00FFFC3F0800FFFC140009FFFC840001FFFC3F0400FFFC140009FFFC3AFFFC15FD26
:204F1A00FDFFFDFEFFFE4000FE01000080FFFC02020466080A7D5C06140000FFFC3AFFFC26
:204F3A00140009FFF93AFFF915FDFDFFFDFAFF02001A01529E0000FFFF01140009FFFC3AAE
:204F5A00FFFC15FDFDFFFE10002FFBF9FF0015FDFEFFFE10002FFBF8FF0015FDF9FFFE08B0
:204F7A00002BFE04004CFBFDFFFDF8FFFEF1FF2BFE04004CFBFEFF00140009FFFC35FFFC0C
:204F9A00181818140009FFFC3AFFFC15FDFDFFFE10002FFBF9FF0015FDFEFFFE10002FFBDD
:204FBA00F8FF0015FDF9FFFE08002BFE04004CFBFDFFFDF8FFFEF4FF2BFE04004CFBFEFF0A
:204FDA0000140009FFFC35FFFC181818140009FFFC3AFFFC15FDFDFFFE10002FFBF9FF009C
:204FFA0015FDFEFFFE10002FFBF8FF0015FDF9FFFE08002BFE04004CFBFDFFFDF8FFFEF6F1
:20501A00FF2BFE04004CFBFEFF00140009FFFC35FFFC181818140009FFFC3AFFFC15FDFD1A
:20503A00FFFE10002FFBF9FF0015FDFEFFFE10002FFBF8FF0015FDF9FFFE08002BFE0400AC
:20505A004CFBFDFFFDF8FFFEF8FF2BFE04004CFBFEFF00140009FFFC35FFFC1818181400F5
:20507A0009FFFC3AFFFC15FDFDFFFE10002FFBF9FF0015FDFEFFFE10002FFBF8FF0015FD4F
:20509A00F9FFFE08002BFE04004CFBFDFFFDF8FFFEFAFF2BFE04004CFBFEFF00140009FF10
:2050BA00FC35FFFC181818140009FFFC3AFFFC15FDFDFFFE10002FFBF9FF0015FDFEFFFECA
:2050DA0010002FFBF8FF0015FDF9FFFE08002BFE04004CFBFDFFFDF8FFFEFCFF2BFE0400EB
:2050FA004CFBFEFF00140009FFFC35FFFC181818140009FFFC3AFFFC15FDFDFFFE10002F2A
:20511A00FBF9FF0015FDFEFFFE10002FFBF8FF0015FDF9FFFE08002BFE04004CFBFDFFFDC7
:20513A00F8FFFEFEFF2BFE04004CFBFEFF00140009FFFC35FFFC181818140009FFFC3AFF11
:20515A00FC15FDFDFFFE10002FFBF9FF0015FDFEFFFE10002FFBF8FF0015FDF9FFFE0800AD
:20517A002BFE04004CFBFDFFFDF8FFFE00002BFE04004CFBFEFF00140009FFFC35FFFC18E2
:20519A001818140009FFFC3AFFFC15FDFDFFFE10002FFBF9FF0015FDFEFFFE10002FFBF8FB
:2051BA00FF0015FDF9FFFE08002BFE04004CFBFDFFFDF8FFFE02002BFE04004CFBFEFF00F1
:2051DA00140009FFFC35FFFC181818140009FFFC3AFFFC15FDFDFFFE10002FFBF9FF001585
:2051FA00FDFEFFFE10002FFBF8FF0015FDF9FFFE08002BFE04004CFBFDFFFDF8FFFE0400F6
:20521A002BFE04004CFBFEFF00140009FFFC35FFFC181818140009FFFC3AFFFC15FDFDFF18
:20523A00FE10002FFBF9FF0015FDFEFFFE10002FFBF8FF0015FDF9FFFE08002BFE04004C5D
:20525A00FBFDFFFDF8FFFE06002BFE04004CFBFEFF00140009FFFC35FFFC18181814000927
:20527A00FFFC3AFFFC15FDFDFFFDFEFFFE4000FE01000080FFFC020204140009FFFC33FFD2
:20529A00FC0955E5140009FFFC3AFFFC15FDFDFFFE10002FFBF9FF0015FDFEFFFE10002FDE
:2052BA00FBF8FF0015FDF9FFFEF8FF2BFE04004CFBFDFFFDF8FFFEF1FF2BFE04004CFBFE1F
:2052DA00FF00140009FFFC35FFFC181818140009FFFC3AFFFC15FDFDFFFE10002FFBF9FF9A
:2052FA000015FDFEFFFE10002FFBF8FF0015FDF9FFFEF8FF2BFE04004CFBFDFFFDF8FFFEF5
:20531A00F4FF2BFE04004CFBFEFF00140009FFFC35FFFC181818140009FFFC3AFFFC15FD20
:20533A00FDFFFE10002FFBF9FF0015FDFEFFFE10002FFBF8FF0015FDF9FFFEF8FF2BFE04BD
:20535A00004CFBFDFFFDF8FFFEF6FF2BFE04004CFBFEFF00140009FFFC35FFFC18181814F4
:20537A000009FFFC3AFFFC15FDFDFFFE10002FFBF9FF0015FDFEFFFE10002FFBF8FF001549
:20539A00FDF9FFFEF8FF2BFE04004CFBFDFFFDF8FFFEF8FF2BFE04004CFBFEFF0014000922
:2053BA00FFFC35FFFC181818140009FFFC3AFFFC15FDFDFFFE10002FFBF9FF0015FDFEFFC6
:2053DA00FE10002FFBF8FF0015FDF9FFFEF8FF2BFE04004CFBFDFFFDF8FFFEFAFF2BFE04FD
:2053FA00004CFBFEFF00140009FFFC35FFFC181818140009FFFC3AFFFC15FDFDFFFE100056
:20541A002FFBF9FF0015FDFEFFFE10002FFBF8FF0015FDF9FFFEF8FF2BFE04004CFBFDFFA3
:20543A00FDF8FFFEFCFF2BFE04004CFBFEFF00140009FFFC35FFFC181818140009FFFC3A12
:20545A00FFFC15FDFDFFFE10002FFBF9FF0015FDFEFFFE10002FFBF8FF0015FDF9FFFEF8BB
:20547A00FF2BFE04004CFBFDFFFDF8FFFEFEFF2BFE04004CFBFEFF00140009FFFC35FFFCFB
:20549A00181818140009FFFC3AFFFC15FDFDFFFE10002FFBF9FF0015FDFEFFFE10002FFBD8
:2054BA00F8FF0015FDF9FFFEF8FF2BFE04004CFBFDFFFDF8FFFE00002BFE04004CFBFEFF09
:2054DA0000140009FFFC35FFFC181818140009FFFC3AFFFC15FDFDFFFE10002FFBF9FF0097
:2054FA0015FDFEFFFE10002FFBF8FF0015FDF9FFFEF8FF2BFE04004CFBFDFFFDF8FFFE02F1
:20551A00002BFE04004CFBFEFF00140009FFFC35FFFC181818140009FFFC3AFFFC15FDFD14
:20553A00FFFE10002FFBF9FF0015FDFEFFFE10002FFBF8FF0015FDF9FFFEF8FF2BFE0400B8
:20555A004CFBFDFFFDF8FFFE04002BFE04004CFBFEFF00140009FFFC35FFFC1818181400E3
:20557A0009FFFC3AFFFC15FDFDFFFE10002FFBF9FF0015FDFEFFFE10002FFBF8FF0015FD4A
:20559A00F9FFFEF8FF2BFE04004CFBFDFFFDF8FFFE06002BFE04004CFBFEFF00140009FF0F
:2055BA00FC35FFFC181818140009FFFC3AFFFC15FDFDFFFDFEFFFE4000FE01000080FFFC50
:0D55DA00020204140009FFFC33FFFC000076
:020000040003F7
:2048E3001206140009FFFC840000FFFC3F0404FFFC140030FFFB0DFFFB0042960414000986
:20490300FFFC840005FFFC3F0404FFFC140009FFFC3AFFFC15FDFDFFFE10002FFBFBFF0046
:2049230015FDFEFFFE10002FFBFAFF0015FDFBFFFE00002BFE04004CFBFDFFFDFAFFFEF1D5
:20494300FF2BFE04004CFBFEFF00140009FFFC35FFFC1818140009FFFC3AFFFC15FDFDFF11
:20496300FE10002FFBFBFF0015FDFEFFFE10002FFBFAFF0015FDFBFFFE00002BFE04004C3F
:20498300FBFDFFFDFAFFFEF8FF2BFE04004CFBFEFF00140009FFFC35FFFC18181818140005
:2049A30009FFFC3AFFFC15FDFDFFFE10002FFBFBFF0015FDFEFFFE10002FFBFAFF0015FD29
:2049C300FBFFFE00002BFE04004CFBFDFFFDFAFFFEFCFF2BFE04004CFBFEFF00140009FFF0
:2049E300FC35FFFC140008FFFB0DFFFB00429604140009FFFC3AFFFC15FDFDFFFE10002FF7
:204A0300FBFBFF0015FDFEFFFE10002FFBFAFF0015FDFBFFFE00002BFE04004CFBFDFFFDE7
:204A2300FAFFFEFFFF2BFE04004CFBFEFF00140009FFFC35FFFC140008FFFB0DFFFB004266
:204A43009604140009FFFC3AFFFC15FDFDFFFE10002FFBFBFF0015FDFEFFFE10002FFBFAEB
:204A6300FF0015FDFBFFFE00002BFE04004CFBFDFFFDFAFFFE01002BFE04004CFBFEFF0054
:204A8300140009FFFC35FFFC140008FFFB0DFFFB00429604140009FFFC3AFFFC15FDFDFF77
:204AA300FE10002FFBFBFF0015FDFEFFFE10002FFBFAFF0015FDFBFFFE00002BFE04004CFE
:204AC300FBFDFFFDFAFFFE04002BFE04004CFBFEFF00140009FFFC35FFFC181818181400B7
:204AE30009FFFC3AFFFC15FDFDFFFE10002FFBFBFF0015FDFEFFFE10002FFBFAFF0015FDE8
:204B0300FBFFFE00002BFE04004CFBFDFFFDFAFFFE08002BFE04004CFBFEFF00140009FFA1
:204B2300FC35FFFC1818140009FFFC3AFFFC15FDFDFFFE10002FFBFBFF0015FDFEFFFE106C
:204B4300002FFBFAFF0015FDFBFFFE00002BFE04004CFBFDFFFDFAFFFE0F002BFE04004C39
:114B6300FBFEFF00140009FFFC35FFFC180948E500B3
:20CA450012041A004B2E0000000D0115FD0D00FE010001001A014AF70000FFFF0615FD0D7C
:20CA650000FE020001001A014A770000FFFF06094AAB15FD0300FE040004001A014AA600AC
:20CA850000FFFF0615FD0300FE050004001A014A9E0000FFFF06094AA31400050003094A05
:20CAA500AB140005000315FD0D00FE030001001A014ADA0000FFFF0615FD0300FE06000429
:20CAC500001A014AD20000FFFF06094AD71400060003094AF415FD0300FE050004001A0151
:20CAE5004AEF0000FFFF06094AF41400060003094B2B15FD0300FE030004001A014B26006B
:20CB050000FFFF0615FD0300FE040004001A014B1E0000FFFF06094B231400040003094B83
:20CB25002B1400040003094B6215FD0300FE020004001A014B5D0000FFFF0615FD0300FE01
:20CB4500030004001A014B550000FFFF06094B5A1400030003094B62140003000315FD035D
:1ACB650000FBFDFF00140001FFFC75FFFC140001FFFC74FFFC18094A47000E
:2083F6001206190000FFFC1A0044090000FFFC01094601140003FFFC3F0800FFFC1400021E
:20841600FFFC31FFFC660802770A061400010009140003FFFC3D01FFFC15FD0600FF012B7C
:20843600FB060000140003FFFC3AFFFC15FDFDFFFE10002FFBFBFF0015FDFEFFFE10002F52
:20845600FBFAFF0015FDFBFFFE00002BFE04004CFBFDFFFDFAFFFEF6FF2BFE04004CFBFE3D
:20847600FF00140003FFFC35FFFC1818140003FFFC3AFFFC15FDFDFFFE10002FFBFBFF00EE
:2084960015FDFEFFFE10002FFBFAFF0015FDFBFFFE00002BFE04004CFBFDFFFDFAFFFEFB1D
:2084B600FF2BFE04004CFBFEFF00140003FFFC35FFFC181818140003FFFC3AFFFC15FDFD56
:2084D600FFFE10002FFBFBFF0015FDFEFFFE10002FFBFAFF0015FDFBFFFE00002BFE0400DE
:2084F6004CFBFDFFFDFAFFFEFDFF2BFE04004CFBFEFF00140003FFFC35FFFC18181818140C
:208516000003FFFC3AFFFC15FDFDFFFE10002FFBFBFF0015FDFEFFFE10002FFBFAFF00157D
:20853600FDFBFFFE00002BFE04004CFBFDFFFDFAFFFE00002BFE04004CFBFEFF0014000344
:20855600FFFC35FFFC14000EFFFB0DFFFB00429604140003FFFC3AFFFC15FDFDFFFE100078
:208576002FFBFBFF0015FDFEFFFE10002FFBFAFF0015FDFBFFFE00002BFE04004CFBFDFF07
:20859600FDFAFFFE03002BFE04004CFBFEFF00140003FFFC35FFFC181818140003FFFC3A87
:2085B600FFFC15FDFDFFFE10002FFBFBFF0015FDFEFFFE10002FFBFAFF0015FDFBFFFE0020
:2085D600002BFE04004CFBFDFFFDFAFFFE05002BFE04004CFBFEFF00140003FFFC35FFFC69
:0C85F6001818140003FFFC33FFFC000009
:020000040002F8
:2055E7001208190000FFFC1A0055FA0002FFFC01095D3366040A7D9D0615FD3700FF012D6C
:20560700FB37000015FD3700FE010002001A0156200000FFFF06095D321A00562C0000003E
:205627003E0109563C15FD0B00FF012BFB0B0000140001003E140008FFFC74FFFC14000846
:20564700FFFC3F0800FFFC140008FFFC840001FFFC3F0400FFFC66080A7D5C06140008FFBF
:20566700FC3AFFFC15FDFDFFFDFEFFFE4000FE01000080FFFC030204140000FFFC3AFFFCE5
:20568700140008FFF93AFFF915FDFDFFFDFAFF02001A0159EB0000FFFF01140008FFFC3A08
:2056A700FFFC15FDFDFFFE10002FFBF9FF0015FDFEFFFE10002FFBF8FF0015FDF9FFFE085C
:2056C700002BFE04004CFBFDFFFDF8FFFEF1FF2BFE04004CFBFEFF00140008FFFC35FFFCB9
:2056E700181818140008FFFC3AFFFC15FDFDFFFE10002FFBF9FF0015FDFEFFFE10002FFB8A
:20570700F8FF0015FDF9FFFE08002BFE04004CFBFDFFFDF8FFFEF4FF2BFE04004CFBFEFFB5
:2057270000140008FFFC35FFFC181818140008FFFC3AFFFC15FDFDFFFE10002FFBF9FF0049
:2057470015FDFEFFFE10002FFBF8FF0015FDF9FFFE08002BFE04004CFBFDFFFDF8FFFEF69C
:20576700FF2BFE04004CFBFEFF00140008FFFC35FFFC181818140008FFFC3AFFFC15FDFDC8
:20578700FFFE10002FFBF9FF0015FDFEFFFE10002FFBF8FF0015FDF9FFFE08002BFE040058
:2057A7004CFBFDFFFDF8FFFEF8FF2BFE04004CFBFEFF00140008FFFC35FFFC1818181400A2
:2057C70008FFFC3AFFFC15FDFDFFFE10002FFBF9FF0015FDFEFFFE10002FFBF8FF0015FDFC
:2057E700F9FFFE08002BFE04004CFBFDFFFDF8FFFEFAFF2BFE04004CFBFEFF00140008FFBD
:20580700FC35FFFC181818140008FFFC3AFFFC15FDFDFFFE10002FFBF9FF0015FDFEFFFE76
:2058270010002FFBF8FF0015FDF9FFFE08002BFE04004CFBFDFFFDF8FFFEFCFF2BFE040096
:205847004CFBFEFF00140008FFFC35FFFC181818140008FFFC3AFFFC15FDFDFFFE10002FD7
:20586700FBF9FF0015FDFEFFFE10002FFBF8FF0015FDF9FFFE08002BFE04004CFBFDFFFD73
:20588700F8FFFEFEFF2BFE04004CFBFEFF00140008FFFC35FFFC181818140008FFFC3AFFBF
:2058A700FC15FDFDFFFE10002FFBF9FF0015FDFEFFFE10002FFBF8FF0015FDF9FFFE080059
:2058C7002BFE04004CFBFDFFFDF8FFFE00002BFE04004CFBFEFF00140008FFFC35FFFC188F
:2058E7001818140008FFFC3AFFFC15FDFDFFFE10002FFBF9FF0015FDFEFFFE10002FFBF8A8
:20590700FF0015FDF9FFFE08002BFE04004CFBFDFFFDF8FFFE02002BFE04004CFBFEFF009C
:20592700140008FFFC35FFFC181818140008FFFC3AFFFC15FDFDFFFE10002FFBF9FF001532
:20594700FDFEFFFE10002FFBF8FF0015FDF9FFFE08002BFE04004CFBFDFFFDF8FFFE0400A1
:205967002BFE04004CFBFEFF00140008FFFC35FFFC181818140008FFFC3AFFFC15FDFDFFC6
:20598700FE10002FFBF9FF0015FDFEFFFE10002FFBF8FF0015FDF9FFFE08002BFE04004C09
:2059A700FBFDFFFDF8FFFE06002BFE04004CFBFEFF00140008FFFC35FFFC181818140008D5
:2059C700FFFC3AFFFC15FDFDFFFDFEFFFE4000FE01000080FFFC030204140008FFFC33FF7E
:2059E700FC095D32140008FFFC3AFFFC15FDFDFFFE10002FFBF9FF0015FDFEFFFE10002F36
:205A0700FBF8FF0015FDF9FFFEF8FF2BFE04004CFBFDFFFDF8FFFEF1FF2BFE04004CFBFECA
:205A2700FF00140008FFFC35FFFC181818140008FFFC3AFFFC15FDFDFFFE10002FFBF9FF47
:205A47000015FDFEFFFE10002FFBF8FF0015FDF9FFFEF8FF2BFE04004CFBFDFFFDF8FFFEA0
:205A6700F4FF2BFE04004CFBFEFF00140008FFFC35FFFC181818140008FFFC3AFFFC15FDCE
:205A8700FDFFFE10002FFBF9FF0015FDFEFFFE10002FFBF8FF0015FDF9FFFEF8FF2BFE0469
:205AA700004CFBFDFFFDF8FFFEF6FF2BFE04004CFBFEFF00140008FFFC35FFFC18181814A1
:205AC7000008FFFC3AFFFC15FDFDFFFE10002FFBF9FF0015FDFEFFFE10002FFBF8FF0015F6
:205AE700FDF9FFFEF8FF2BFE04004CFBFDFFFDF8FFFEF8FF2BFE04004CFBFEFF00140008CF
:205B0700FFFC35FFFC181818140008FFFC3AFFFC15FDFDFFFE10002FFBF9FF0015FDFEFF72
:205B2700FE10002FFBF8FF0015FDF9FFFEF8FF2BFE04004CFBFDFFFDF8FFFEFAFF2BFE04A8
:205B4700004CFBFEFF00140008FFFC35FFFC181818140008FFFC3AFFFC15FDFDFFFE100003
:205B67002FFBF9FF0015FDFEFFFE10002FFBF8FF0015FDF9FFFEF8FF2BFE04004CFBFDFF4F
:205B8700FDF8FFFEFCFF2BFE04004CFBFEFF00140008FFFC35FFFC181818140008FFFC3AC0
:205BA700FFFC15FDFDFFFE10002FFBF9FF0015FDFEFFFE10002FFBF8FF0015FDF9FFFEF867
:205BC700FF2BFE04004CFBFDFFFDF8FFFEFEFF2BFE04004CFBFEFF00140008FFFC35FFFCA8
:205BE700181818140008FFFC3AFFFC15FDFDFFFE10002FFBF9FF0015FDFEFFFE10002FFB85
:205C0700F8FF0015FDF9FFFEF8FF2BFE04004CFBFDFFFDF8FFFE00002BFE04004CFBFEFFB4
:205C270000140008FFFC35FFFC181818140008FFFC3AFFFC15FDFDFFFE10002FFBF9FF0044
:205C470015FDFEFFFE10002FFBF8FF0015FDF9FFFEF8FF2BFE04004CFBFDFFFDF8FFFE029C
:205C6700002BFE04004CFBFEFF00140008FFFC35FFFC181818140008FFFC3AFFFC15FDFDC2
:205C8700FFFE10002FFBF9FF0015FDFEFFFE10002FFBF8FF0015FDF9FFFEF8FF2BFE040064
:205CA7004CFBFDFFFDF8FFFE04002BFE04004CFBFEFF00140008FFFC35FFFC181818140090
:205CC70008FFFC3AFFFC15FDFDFFFE10002FFBF9FF0015FDFEFFFE10002FFBF8FF0015FDF7
:205CE700F9FFFEF8FF2BFE04004CFBFDFFFDF8FFFE06002BFE04004CFBFEFF00140008FFBC
:205D0700FC35FFFC181818140008FFFC3AFFFC15FDFDFFFDFEFFFE4000FE01000080FFFCFC
:0D5D2700030204140008FFFC33FFFC000021
:020000040004F6
:2012A600120514001EFFFC0DFFFC00429604140008FFFC840012FFFC3F0404FFFC14000CF6
:2012C600FFFB0DFFFB0042960466080276EE06140008FFFC3AFFFC15FDFDFFFDFEFFFE00FF
:2012E60000FE01000086FFFEFFF880FFFC02020414000CFFFB0DFFFB00429604140008FFD4
:1C130600FC840000FFFC3F0404FFFC14003CFFFC0DFFFC00429604180952A800C4
:020000040003F7
:20CB7F001207190000FFFC1A004B920002FFFC01094CCE66080A7D9D0615FD0500FF012D75
:20CB9F00FB050000140003FFFC8EFFFC7C0506FF7FFF7FFF7FFF7FFF07FF07FF070D7C18A9
:20CBBF0018187C0506576B576B1B6E0704FF07FF075F060D7C15FD0500FE010002001A015A
:20CBDF004BE90000FFFF06094CCD1A004BF50000006001094C0515FD0B00FF012BFB0B0079
:20CBFF0000140001006061140001FFFC74FFFC140001FFFC840004FFFC3F0404FFFC66087E
:20CC1F000A7DCF06140001FFFC3F0800FFFC2514005AFFF90DFFF90042960426140001FFA1
:20CC3F00FC3F0202FFFC6608087E770614003CFFF9140002FFFA15FE0200FBFBFF000DFFBD
:20CC5F00F90049F30B15FE0009FE00004DFBFDFFFE0000FE00004DFBFEFF00140001FFFFC3
:20CC7F00140003FFFC30FFFC140003FFFC33FFFC1400B4FFF90DFFF90042960415FF03F868
:20CC9F006906C600570115FE0000FBFDFFFE0000FBFEFF00140000FFFC35FFFC3200FFFC7C
:10CCBF0015FF03F8691CC50027030211E74D00009B
:020000040000FA
:20A809001208140000005E1A00681C0002005E02096EA3140018FFFC0DFFFC004296041569
:20A82900F97504FFF9754EDBFE00012A2B0023FFFF020166080A7A3106140001FFFC8400D2
:20A8490005FFFC3F0404FFFC140000FFFC3AFFFC140001FFF93AFFF915FDFDFFFDFAFF0224
:20A86900001A016B6E0000FFFF01140001FFFC3AFFFC15FDFDFFFE10002FFBF9FF0015FD47
:20A88900FEFFFE10002FFBF8FF0015FDF9FFFEFEFF2BFE04004CFBFDFFFDF8FFFEECFF2B06
:20A8A900FE04004CFBFEFF00140001FFFC35FFFC1818140001FFFC3AFFFC15FDFDFFFE1078
:20A8C900002FFBF9FF0015FDFEFFFE10002FFBF8FF0015FDF9FFFEFEFF2BFE04004CFBFD99
:20A8E900FFFDF8FFFEF1FF2BFE04004CFBFEFF00140001FFFC35FFFC18181818140001FF49
:20A90900FC3AFFFC15FDFDFFFE10002FFBF9FF0015FDFEFFFE10002FFBF8FF0015FDF9FF77
:20A92900FEFEFF2BFE04004CFBFDFFFDF8FFFEF6FF2BFE04004CFBFEFF00140001FFFC3506
:20A94900FFFC140006FFF90DFFF900429604140001FFFC3AFFFC15FDFDFFFE10002FFBF97C
:20A96900FF0015FDFEFFFE10002FFBF8FF0015FDF9FFFEFEFF2BFE04004CFBFDFFFDF8FF28
:20A98900FEFBFF2BFE04004CFBFEFF00140001FFFC35FFFC140008FFF90DFFF90042960410
:20A9A900140001FFFC3AFFFC15FDFDFFFE10002FFBF9FF0015FDFEFFFE10002FFBF8FF00CD
:20A9C90015FDF9FFFEFEFF2BFE04004CFBFDFFFDF8FFFE00002BFE04004CFBFEFF00140082
:20A9E90001FFFC35FFFC140001FFFC3AFFFC15FDFDFFFE10002FFBF9FF0015FDFEFFFE1082
:20AA0900002FFBF8FF0015FDF9FFFEFEFF2BFE04004CFBFDFFFDF8FFFE00002BFE04004C2C
:20AA2900FBFEFF00140001FFFC35FFFC140008FFF90DFFF900429604140001FFFC3AFFFC9B
:20AA490015FDFDFFFE10002FFBF9FF0015FDFEFFFE10002FFBF8FF0015FDF9FFFEFEFF2B41
:20AA6900FE04004CFBFDFFFDF8FFFE05002BFE04004CFBFEFF00140001FFFC35FFFC1400CC
:20AA890006FFF90DFFF900429604140001FFFC3AFFFC15FDFDFFFE10002FFBF9FF0015FD39
:20AAA900FEFFFE10002FFBF8FF0015FDF9FFFEFEFF2BFE04004CFBFDFFFDF8FFFE0A002BC5
:20AAC900FE04004CFBFEFF00140001FFFC35FFFC18181818140001FFFC3AFFFC15FDFDFF34
:20AAE900FE10002FFBF9FF0015FDFEFFFE10002FFBF8FF0015FDF9FFFEFEFF2BFE04004C61
:20AB0900FBFDFFFDF8FFFE0F002BFE04004CFBFEFF00140001FFFC35FFFC1818140001FF3F
:20AB2900FC3AFFFC15FDFDFFFE10002FFBF9FF0015FDFEFFFE10002FFBF8FF0015FDF9FF55
:20AB4900FEFEFF2BFE04004CFBFDFFFDF8FFFE14002BFE04004CFBFEFF00140001FFFC35C5
:20AB6900FFFC096E66140001FFFC3AFFFC15FDFDFFFE10002FFBF9FF0015FDFEFFFE100054
:20AB89002FFBF8FF0015FDF9FFFE02002BFE04004CFBFDFFFDF8FFFEECFF2BFE04004CFBC0
:20ABA900FEFF00140001FFFC35FFFC1818140001FFFC3AFFFC15FDFDFFFE10002FFBF9FF9C
:20ABC9000015FDFEFFFE10002FFBF8FF0015FDF9FFFE02002BFE04004CFBFDFFFDF8FFFEC2
:20ABE900F1FF2BFE04004CFBFEFF00140001FFFC35FFFC18181818140001FFFC3AFFFC15F1
:20AC0900FDFDFFFE10002FFBF9FF0015FDFEFFFE10002FFBF8FF0015FDF9FFFE02002BFE91
:20AC290004004CFBFDFFFDF8FFFEF6FF2BFE04004CFBFEFF00140001FFFC35FFFC14000612
:20AC4900FFF90DFFF900429604140001FFFC3AFFFC15FDFDFFFE10002FFBF9FF0015FDFE7F
:20AC6900FFFE10002FFBF8FF0015FDF9FFFE02002BFE04004CFBFDFFFDF8FFFEFBFF2BFE0E
:20AC890004004CFBFEFF00140001FFFC35FFFC140008FFF90DFFF900429604140001FFFC1E
:20ACA9003AFFFC15FDFDFFFE10002FFBF9FF0015FDFEFFFE10002FFBF8FF0015FDF9FFFED2
:20ACC90002002BFE04004CFBFDFFFDF8FFFE00002BFE04004CFBFEFF00140001FFFC35FF52
:20ACE900FC140001FFFC3AFFFC15FDFDFFFE10002FFBF9FF0015FDFEFFFE10002FFBF8FF8E
:20AD09000015FDF9FFFE02002BFE04004CFBFDFFFDF8FFFE00002BFE04004CFBFEFF001439
:20AD29000001FFFC35FFFC140008FFF90DFFF900429604140001FFFC3AFFFC15FDFDFFFE98
:20AD490010002FFBF9FF0015FDFEFFFE10002FFBF8FF0015FDF9FFFE02002BFE04004CFBFC
:20AD6900FDFFFDF8FFFE05002BFE04004CFBFEFF00140001FFFC35FFFC140006FFF90DFF08
:20AD8900F900429604140001FFFC3AFFFC15FDFDFFFE10002FFBF9FF0015FDFEFFFE100035
:20ADA9002FFBF8FF0015FDF9FFFE02002BFE04004CFBFDFFFDF8FFFE0A002BFE04004CFB7F
:20ADC900FEFF00140001FFFC35FFFC18181818140001FFFC3AFFFC15FDFDFFFE10002FFB42
:20ADE900F9FF0015FDFEFFFE10002FFBF8FF0015FDF9FFFE02002BFE04004CFBFDFFFDF8A5
:20AE0900FFFE0F002BFE04004CFBFEFF00140001FFFC35FFFC1818140001FFFC3AFFFC15E2
:20AE2900FDFDFFFE10002FFBF9FF0015FDFEFFFE10002FFBF8FF0015FDF9FFFE02002BFE6F
:20AE490004004CFBFDFFFDF8FFFE14002BFE04004CFBFEFF00140001FFFC35FFFC140001D6
:20AE6900FFFC840016FFFC3F0404FFFC6608087B7B0614000CFFF9140002FFFA15FE020049
:20AE8900FBFBFF000DFFF90049F30B15FD5E00FE01002BFB5E000009681014003CFFF90D9F
:20AEA900FFF9004296042400020000005F1A0073930000005F01140001FFFC840017FFFC0A
:20AEC9003F0404FFFC14000CFFF90DFFF900429604140001FFFC840018FFFC3F0400FFFC49
:20AEE90014001EFFF90DFFF900429604140000FFFC3AFFFC140001FFF93AFFF915FDFDFFAD
:20AF0900FDFAFF02001A0171550000FFFF0115FE0000FE00004DFBFDFFFE8007FE00004D2B
:20AF2900FBFEFF00140001FFFF140001FFFC30FFFC66080A7CBF0614000CFFF9140001FFDD
:20AF4900FA15FE0200FBFBFF000DFFF90049F30B140001FFFC3AFFFC15FDFDFFFE10002F08
:20AF6900FBF9FF0015FDFEFFFE10002FFBF8FF0015FDF9FFFE06002BFE04004CFBFDFFFD1C
:20AF8900F8FFFEF8FF2BFE04004CFBFEFF00140001FFFC35FFFC1818140001FFFC3AFFFC96
:20AFA90015FDFDFFFE10002FFBF9FF0015FDFEFFFE10002FFBF8FF0015FDF9FFFE05002BD4
:20AFC900FE04004CFBFDFFFDF8FFFEFCFF2BFE04004CFBFEFF00140001FFFC35FFFC181855
:20AFE9001818140001FFFC3AFFFC15FDFDFFFE10002FFBF9FF0015FDFEFFFE10002FFBF856
:20B00900FF0015FDF9FFFE04002BFE04004CFBFDFFFDF8FFFEFEFF2BFE04004CFBFEFF004C
:20B02900140001FFFC35FFFC140008FFF90DFFF900429604140001FFFC3AFFFC15FDFDFF7F
:20B04900FE10002FFBF9FF0015FDFEFFFE10002FFBF8FF0015FDF9FFFE03002BFE04004CF5
:20B06900FBFDFFFDF8FFFE00002BFE04004CFBFEFF00140001FFFC35FFFC140008FFF90D0C
:20B08900FFF900429604140001FFFC3AFFFC15FDFDFFFE10002FFBF9FF0015FDFEFFFE1033
:20B0A900002FFBF8FF0015FDF9FFFE02002BFE04004CFBFDFFFDF8FFFE02002BFE04004C7F
:20B0C900FBFEFF00140001FFFC35FFFC18181818140001FFFC3AFFFC15FDFDFFFE10002F3F
:20B0E900FBF9FF0015FDFEFFFE10002FFBF8FF0015FDF9FFFE01002BFE04004CFBFDFFFDA0
:20B10900F8FFFE04002BFE04004CFBFEFF00140001FFFC35FFFC181815FE8001FBFDFFFEC3
:20B129008007FBFEFF00140001FFFC35FFFC140001FFFC840016FFFC3F0404FFFC14001E2E
:20B14900FFF90DFFF90042960409739015FE0009FE00004DFBFDFFFE8007FE00004DFBFEDA
:20B16900FF00140001FFFF140001FFFC30FFFC66080A7CBF0614000CFFF9140001FFFA1585
:20B18900FE0200FBFBFF000DFFF90049F30B140001FFFC3AFFFC15FDFDFFFE10002FFBF9E1
:20B1A900FF0015FDFEFFFE10002FFBF8FF0015FDF9FFFEFAFF2BFE04004CFBFDFFFDF8FFE4
:20B1C900FEF8FF2BFE04004CFBFEFF00140001FFFC35FFFC1818140001FFFC3AFFFC15FD39
:20B1E900FDFFFE10002FFBF9FF0015FDFEFFFE10002FFBF8FF0015FDF9FFFEFBFF2BFE04AD
:20B20900004CFBFDFFFDF8FFFEFCFF2BFE04004CFBFEFF00140001FFFC35FFFC18181818E4
:20B22900140001FFFC3AFFFC15FDFDFFFE10002FFBF9FF0015FDFEFFFE10002FFBF8FF0044
:20B2490015FDF9FFFEFCFF2BFE04004CFBFDFFFDF8FFFEFEFF2BFE04004CFBFEFF001400FE
:20B2690001FFFC35FFFC140008FFF90DFFF900429604140001FFFC3AFFFC15FDFDFFFE1043
:20B28900002FFBF9FF0015FDFEFFFE10002FFBF8FF0015FDF9FFFEFDFF2BFE04004CFBFDD0
:20B2A900FFFDF8FFFE00002BFE04004CFBFEFF00140001FFFC35FFFC140008FFF90DFFF9CA
:20B2C90000429604140001FFFC3AFFFC15FDFDFFFE10002FFBF9FF0015FDFEFFFE10002FBA
:20B2E900FBF8FF0015FDF9FFFEFEFF2BFE04004CFBFDFFFDF8FFFE02002BFE04004CFBFE78
:20B30900FF00140001FFFC35FFFC18181818140001FFFC3AFFFC15FDFDFFFE10002FFBF901
:20B32900FF0015FDFEFFFE10002FFBF8FF0015FDF9FFFEFFFF2BFE04004CFBFDFFFDF8FF5D
:20B34900FE04002BFE04004CFBFEFF00140001FFFC35FFFC181815FE8007FBFDFFFE8007EB
:20B36900FBFEFF00140001FFFC35FFFC140001FFFC840016FFFC3F0404FFFC14001EFFF97B
:20B389000DFFF900429604097BC2140001FFFC840005FFFC3F0404FFFC66080A7A3106146A
:20B3A9000001FFFC3AFFFC15FDFDFFFE10002FFBF9FF0015FDFEFFFE10002FFBF8FF0015C2
:20B3C900FDF9FFFE00002BFE04004CFBFDFFFDF8FFFEECFF2BFE04004CFBFEFF001400019E
:20B3E900FFFC35FFFC1818140001FFFC3AFFFC15FDFDFFFE10002FFBF9FF0015FDFEFFFE59
:20B4090010002FFBF8FF0015FDF9FFFE00002BFE04004CFBFDFFFDF8FFFEF1FF2BFE04006B
:20B429004CFBFEFF00140001FFFC35FFFC18181818140001FFFC3AFFFC15FDFDFFFE1000BE
:20B449002FFBF9FF0015FDFEFFFE10002FFBF8FF0015FDF9FFFE00002BFE04004CFBFDFF0B
:20B46900FDF8FFFEF6FF2BFE04004CFBFEFF00140001FFFC35FFFC140006FFF90DFFF90014
:20B48900429604140001FFFC3AFFFC15FDFDFFFE10002FFBF9FF0015FDFEFFFE10002FFBFD
:20B4A900F8FF0015FDF9FFFE00002BFE04004CFBFDFFFDF8FFFEFBFF2BFE04004CFBFEFFB7
:20B4C90000140001FFFC35FFFC140008FFF90DFFF900429604140001FFFC3AFFFC15FDFDDA
:20B4E900FFFE10002FFBF9FF0015FDFEFFFE10002FFBF8FF0015FDF9FFFE00002BFE0400A1
:20B509004CFBFDFFFDF8FFFE00002BFE04004CFBFEFF00140001FFFC35FFFC140001FFFC2C
:20B52900840017FFFC3F0404FFFC14000CFFF90DFFF900429604140001FFFC840018FFFC8A
:20B549003F0400FFFC14001EFFF90DFFF900429604140001FFFC3AFFFC15FDFDFFFE100038
:20B569002FFBF9FF0015FDFEFFFE10002FFBF8FF0015FDF9FFFE00002BFE04004CFBFDFFEA
:20B58900FDF8FFFE00002BFE04004CFBFEFF00140001FFFC35FFFC140008FFF90DFFF900E6
:20B5A900429604140001FFFC3AFFFC15FDFDFFFE10002FFBF9FF0015FDFEFFFE10002FFBDC
:20B5C900F8FF0015FDF9FFFE00002BFE04004CFBFDFFFDF8FFFE05002BFE04004CFBFEFF8B
:20B5E90000140001FFFC35FFFC140006FFF90DFFF900429604140001FFFC3AFFFC15FDFDBB
:20B60900FFFE10002FFBF9FF0015FDFEFFFE10002FFBF8FF0015FDF9FFFE00002BFE04007F
:20B629004CFBFDFFFDF8FFFE0A002BFE04004CFBFEFF00140001FFFC35FFFC18181818149D
:20B649000001FFFC3AFFFC15FDFDFFFE10002FFBF9FF0015FDFEFFFE10002FFBF8FF00151F
:20B66900FDF9FFFE00002BFE04004CFBFDFFFDF8FFFE0F002BFE04004CFBFEFF00140001D7
:20B68900FFFC35FFFC1818140001FFFC3AFFFC15FDFDFFFE10002FFBF9FF0015FDFEFFFEB6
:20B6A90010002FFBF8FF0015FDF9FFFE00002BFE04004CFBFDFFFDF8FFFE14002BFE0400A5
:20B6C9004CFBFEFF00140001FFFC35FFFC140003FFF9140002FFFA15FE0200FBFBFF000DA8
:20B6E900FFF90049F30B6608087B7B06140001FFFC3AFFFC15FDFDFFFE80002FFBF9FF009D
:20B7090015FDF9FFFE04002DFE07004CFBFDFFFE0008FBFEFF00140006FFFC35FFFC140048
:20B7290001FFFC3AFFFC15FDFDFFFE80002FFBF9FF0015FDF9FFFE04002BFE07004CFBFDA1
:20B74900FFFE0008FBFEFF00140005FFFC35FFFC15FF01F86997C60015FF00F8699BC600F6
:20B7690015FF01F8699CC60015FF05F8699EC600010001017FFE2D6BC601020215FF14F807
:20B7890069A1C60015FF05F8699EC60015FF0AF869A5C600140001FFFC3AFFFC15FDFDFFB5
:20B7A900FDFEFFFE4000FE03000080FFFC04020415FF01F86997C60015FF00F8699BC60019
:20B7C90015FF01F8699CC60015FF05F8699EC600010001017FFE2D6BC601020215FF14F8A7
:20B7E90069A1C60015FF05F8699EC60015FF0AF869A5C600140001FFFC3AFFFC15FDFDFF55
:20B80900FDFEFFFEC000FE03000080FFFC040204140001FFFC3AFFFC15FDFDFFFE10002F51
:20B82900FBF9FF0015FDFEFFFE10002FFBF8FF0015FDF9FFFE00002BFE04004CFBFDFFFD59
:20B84900F8FFFEF6FF2BFE04004CFBFEFF00140001FFFC35FFFC1818140001FFFC3AFFFCCF
:20B8690015FDFDFFFE10002FFBF9FF0015FDFEFFFE10002FFBF8FF0015FDF9FFFE00002B10
:20B88900FE04004CFBFDFFFDF8FFFEFBFF2BFE04004CFBFEFF00140001FFFC35FFFC18188D
:20B8A9001818140001FFFC3AFFFC15FDFDFFFE10002FFBF9FF0015FDFEFFFE10002FFBF88D
:20B8C900FF0015FDF9FFFE00002BFE04004CFBFDFFFDF8FFFEFDFF2BFE04004CFBFEFF0089
:20B8E900140001FFFC35FFFC140006FFF90DFFF900429604140001FFFC3AFFFC15FDFDFFB9
:20B90900FE10002FFBF9FF0015FDFEFFFE10002FFBF8FF0015FDF9FFFE00002BFE04004C2F
:20B92900FBFDFFFDF8FFFEFFFF2BFE04004CFBFEFF00140001FFFC35FFFC140008FFF90D45
:20B94900FFF900429604140001FFFC3AFFFC15FDFDFFFE10002FFBF9FF0015FDFEFFFE106A
:20B96900002FFBF8FF0015FDF9FFFE00002BFE04004CFBFDFFFDF8FFFE00002BFE04004CBA
:20B98900FBFEFF00140001FFFC35FFFC140008FFF90DFFF900429604140001FFFC3AFFFC2C
:20B9A90015FDFDFFFE80002FFBF9FF0015FDF9FFFE04002DFE07004CFBFDFFFE0008FBFE50
:20B9C900FF00140006FFFC35FFFC140001FFFC3AFFFC15FDFDFFFE80002FFBF9FF0015FD15
:20B9E900F9FFFE04002BFE07004CFBFDFFFE0008FBFEFF00140005FFFC35FFFC66080A7C9B
:20BA0900BF0615FF00F86997C60015FF00F8699BC60015FF00F8699CC60015FF00F8699DC7
:20BA2900C60015FF00F8699EC60015FF00F869A5C600140006FFFC3AFFFC15FDFDFFFDFE2B
:20BA4900FFFE0000FE03000080FFFC030204140005FFFC3AFFFC15FDFDFFFDFEFFFE00000C
:20BA6900FE03000080FFFC030204140001FFFC3AFFFC15FDFDFFFE10002FFBF9FF0015FDA3
:20BA8900FEFFFE10002FFBF8FF0015FDF9FFFE00002BFE04004CFBFDFFFDF8FFFE01002BDB
:20BAA900FE04004CFBFEFF00140001FFFC35FFFC140008FFF90DFFF900429604140001FFEE
:20BAC900FC3AFFFC15FDFDFFFE10002FFBF9FF0015FDFEFFFE10002FFBF8FF0015FDF9FFA6
:20BAE900FE00002BFE04004CFBFDFFFDF8FFFE03002BFE04004CFBFEFF00140001FFFC3524
:20BB0900FFFC140006FFF90DFFF900429604140001FFFC3AFFFC15FDFDFFFE10002FFBF9AA
:20BB2900FF0015FDFEFFFE10002FFBF8FF0015FDF9FFFE00002BFE04004CFBFDFFFDF8FF53
:20BB4900FE05002BFE04004CFBFEFF00140001FFFC35FFFC18181818140001FFFC3AFFFC83
:20BB690015FDFDFFFE10002FFBF9FF0015FDFEFFFE10002FFBF8FF0015FDF9FFFE00002B0D
:20BB8900FE04004CFBFDFFFDF8FFFE0A002BFE04004CFBFEFF00140001FFFC35FFFC140096
:1EBBA90001FFFC840016FFFC3F0404FFFC14001EFFFC0DFFFC004296041809680B0006
:020000040004F6
:201322001205140002FFFC3AFFFC15FDFDFFFE80002FFBFBFF0015FDFBFFFE07004CFE0043
:20134200004DFBFDFFFE8000FE00004DFBFEFF00140000FFFF140002FFFC30FFFC1400F034
:20136200FFFB0DFFFB00429604140002FFFC3AFFFC15FDFDFFFE80002FFBFBFF0015FDFB8B
:20138200FFFE07004CFE00004DFBFDFFFE0000FE00004DFBFEFF00140000FFFF140002FF51
:1113A200FC30FFFC140002FFFC33FFFC18095324003C
:2040DD00120415FE0009FE00004DFBFDFFFE8000FE00004DFBFEFF00140001FFFF14000364
:1240FD00FFFC30FFFC140006FFFC33FFFC180940DF0008
:2013B3001204190000FFFC1A0053C60002FFFC0109545366040A7D9D0615FD4F00FF012DED
:2013D300FB4F000015FD4F00FE010002001A0153EC0000FFFF0609545214000CFFFC74FFB3
:2013F300FC15FF00F86997C60015FF00F8699BC60015FF00F8699CC60015FF00F8699DC687
:201413000015FF00F8699EC60015FF00F869A5C60014000CFFFC3AFFFC15FDFDFFFDFEFFA8
:20143300FE4000FE01000080FFFC03020414000CFFFC3F0800FFFC14000CFFFC33FFFC0032
:20145300001208181818181A005466000000500109552315FE0800FBF8FF00140000FFFC3D
:201473003AFFFC14000CFFF93AFFF915FDFAFFFE070052FDFDFFFE0700522DFDFAFFFE0700
:201493000052FDFDFFFE0700522D2AFDFBFFFE070052FDFEFFFE0700522DFDFBFFFE070078
:2014B30052FDFEFFFE0700522D2A2BFDF8FFFDF8FF2A02001A0155230000FFFF0118140022
:2014D3000CFFFC3F0200FFFC140001005014000CFFFC840002FFFC3F0404FFFC66080A7C7F
:2014F300BF06140006FFF9140002FFFA15FE0200FBFBFF000DFFF90049F30B14000CFFFC82
:201513003F0808FFFC14000CFFFC74FFFC09552318095456001204190000FFFC1A00553BC4
:201533000002FFFC010955C866040A7D9D0615FD5100FF012DFB51000015FD5100FE0100A2
:2015530002001A0155610000FFFF060955C714000DFFFC74FFFC15FF00F86997C60015FF0B
:2015730000F8699BC60015FF00F8699CC60015FF00F8699DC60015FF00F8699EC60015FFFA
:2015930000F869A5C60014000DFFFC3AFFFC15FDFDFFFDFEFFFE4000FE01000080FFFC0358
:2015B300020414000DFFFC3F0800FFFC14000DFFFC33FFFC00001208181818181A0055DBA6
:2015D300000000520109569815FE0800FBF8FF00140000FFFC3AFFFC14000DFFF93AFFF912
:2015F30015FDFAFFFE070052FDFDFFFE0700522DFDFAFFFE070052FDFDFFFE0700522D2A05
:20161300FDFBFFFE070052FDFEFFFE0700522DFDFBFFFE070052FDFEFFFE0700522D2A2BCA
:20163300FDF8FFFDF8FF2A02001A0156980000FFFF011814000DFFFC3F0200FFFC140001F6
:20165300005214000DFFFC840002FFFC3F0404FFFC66080A7CBF06140006FFF9140002FF66
:20167300FA15FE0200FBFBFF000DFFF90049F30B14000DFFFC3F0808FFFC14000DFFFC7411
:0A169300FFFC095698180955CB001A
:020000040002F8
:205D34001208190000FFFC1A005D470002FFFC0109648066040A7D9D0615FD1C00FF012D89
:205D5400FB1C000015FD1C00FE010002001A015D6D0000FFFF0609647F1A005D7900000024
:205D74002501095D8915FD0B00FF012BFB0B00001400010025140002FFFC74FFFC140002DC
:205D9400FFFC3F0800FFFC140002FFFC840001FFFC3F0400FFFC140002FFFC3AFFFC15FD8B
:205DB400FDFFFDFEFFFE4000FE01000080FFFC02020466080A7D5C06140000FFFC3AFFFC7E
:205DD400140002FFF93AFFF915FDFDFFFDFAFF02001A0161380000FFFF01140002FFFC3A6B
:205DF400FFFC15FDFDFFFE10002FFBF9FF0015FDFEFFFE10002FFBF8FF0015FDF9FFFE0808
:205E1400002BFE04004CFBFDFFFDF8FFFEF1FF2BFE04004CFBFEFF00140002FFFC35FFFC6A
:205E3400181818140002FFFC3AFFFC15FDFDFFFE10002FFBF9FF0015FDFEFFFE10002FFB3B
:205E5400F8FF0015FDF9FFFE08002BFE04004CFBFDFFFDF8FFFEF4FF2BFE04004CFBFEFF61
:205E740000140002FFFC35FFFC181818140002FFFC3AFFFC15FDFDFFFE10002FFBF9FF0001
:205E940015FDFEFFFE10002FFBF8FF0015FDF9FFFE08002BFE04004CFBFDFFFDF8FFFEF648
:205EB400FF2BFE04004CFBFEFF00140002FFFC35FFFC181818140002FFFC3AFFFC15FDFD80
:205ED400FFFE10002FFBF9FF0015FDFEFFFE10002FFBF8FF0015FDF9FFFE08002BFE040004
:205EF4004CFBFDFFFDF8FFFEF8FF2BFE04004CFBFEFF00140002FFFC35FFFC181818140054
:205F140002FFFC3AFFFC15FDFDFFFE10002FFBF9FF0015FDFEFFFE10002FFBF8FF0015FDAD
:205F3400F9FFFE08002BFE04004CFBFDFFFDF8FFFEFAFF2BFE04004CFBFEFF00140002FF6E
:205F5400FC35FFFC181818140002FFFC3AFFFC15FDFDFFFE10002FFBF9FF0015FDFEFFFE28
:205F740010002FFBF8FF0015FDF9FFFE08002BFE04004CFBFDFFFDF8FFFEFCFF2BFE040042
:205F94004CFBFEFF00140002FFFC35FFFC181818140002FFFC3AFFFC15FDFDFFFE10002F8F
:205FB400FBF9FF0015FDFEFFFE10002FFBF8FF0015FDF9FFFE08002BFE04004CFBFDFFFD1F
:205FD400F8FFFEFEFF2BFE04004CFBFEFF00140002FFFC35FFFC181818140002FFFC3AFF77
:205FF400FC15FDFDFFFE10002FFBF9FF0015FDFEFFFE10002FFBF8FF0015FDF9FFFE080005
:206014002BFE04004CFBFDFFFDF8FFFE00002BFE04004CFBFEFF00140002FFFC35FFFC1840
:206034001818140002FFFC3AFFFC15FDFDFFFE10002FFBF9FF0015FDFEFFFE10002FFBF859
:20605400FF0015FDF9FFFE08002BFE04004CFBFDFFFDF8FFFE02002BFE04004CFBFEFF0048
:20607400140002FFFC35FFFC181818140002FFFC3AFFFC15FDFDFFFE10002FFBF9FF0015EA
:20609400FDFEFFFE10002FFBF8FF0015FDF9FFFE08002BFE04004CFBFDFFFDF8FFFE04004D
:2060B4002BFE04004CFBFEFF00140002FFFC35FFFC181818140002FFFC3AFFFC15FDFDFF7E
:2060D400FE10002FFBF9FF0015FDFEFFFE10002FFBF8FF0015FDF9FFFE08002BFE04004CB5
:2060F400FBFDFFFDF8FFFE06002BFE04004CFBFEFF00140002FFFC35FFFC1818181400028D
:20611400FFFC3AFFFC15FDFDFFFDFEFFFE4000FE01000080FFFC020204140002FFFC33FF30
:20613400FC09647F140002FFFC3AFFFC15FDFDFFFE10002FFBF9FF0015FDFEFFFE10002F93
:20615400FBF8FF0015FDF9FFFEF8FF2BFE04004CFBFDFFFDF8FFFEF1FF2BFE04004CFBFE76
:20617400FF00140002FFFC35FFFC181818140002FFFC3AFFFC15FDFDFFFE10002FFBF9FFFF
:206194000015FDFEFFFE10002FFBF8FF0015FDF9FFFEF8FF2BFE04004CFBFDFFFDF8FFFE4C
:2061B400F4FF2BFE04004CFBFEFF00140002FFFC35FFFC181818140002FFFC3AFFFC15FD86
:2061D400FDFFFE10002FFBF9FF0015FDFEFFFE10002FFBF8FF0015FDF9FFFEF8FF2BFE0415
:2061F400004CFBFDFFFDF8FFFEF6FF2BFE04004CFBFEFF00140002FFFC35FFFC1818181453
:206214000002FFFC3AFFFC15FDFDFFFE10002FFBF9FF0015FDFEFFFE10002FFBF8FF0015A7
:20623400FDF9FFFEF8FF2BFE04004CFBFDFFFDF8FFFEF8FF2BFE04004CFBFEFF0014000280
:20625400FFFC35FFFC181818140002FFFC3AFFFC15FDFDFFFE10002FFBF9FF0015FDFEFF24
:20627400FE10002FFBF8FF0015FDF9FFFEF8FF2BFE04004CFBFDFFFDF8FFFEFAFF2BFE0454
:20629400004CFBFEFF00140002FFFC35FFFC181818140002FFFC3AFFFC15FDFDFFFE1000BB
:2062B4002FFBF9FF0015FDFEFFFE10002FFBF8FF0015FDF9FFFEF8FF2BFE04004CFBFDFFFB
:2062D400FDF8FFFEFCFF2BFE04004CFBFEFF00140002FFFC35FFFC181818140002FFFC3A78
:2062F400FFFC15FDFDFFFE10002FFBF9FF0015FDFEFFFE10002FFBF8FF0015FDF9FFFEF813
:20631400FF2BFE04004CFBFDFFFDF8FFFEFEFF2BFE04004CFBFEFF00140002FFFC35FFFC59
:20633400181818140002FFFC3AFFFC15FDFDFFFE10002FFBF9FF0015FDFEFFFE10002FFB36
:20635400F8FF0015FDF9FFFEF8FF2BFE04004CFBFDFFFDF8FFFE00002BFE04004CFBFEFF60
:2063740000140002FFFC35FFFC181818140002FFFC3AFFFC15FDFDFFFE10002FFBF9FF00FC
:2063940015FDFEFFFE10002FFBF8FF0015FDF9FFFEF8FF2BFE04004CFBFDFFFDF8FFFE0248
:2063B400002BFE04004CFBFEFF00140002FFFC35FFFC181818140002FFFC3AFFFC15FDFD7A
:2063D400FFFE10002FFBF9FF0015FDFEFFFE10002FFBF8FF0015FDF9FFFEF8FF2BFE040010
:2063F4004CFBFDFFFDF8FFFE04002BFE04004CFBFEFF00140002FFFC35FFFC181818140042
:2064140002FFFC3AFFFC15FDFDFFFE10002FFBF9FF0015FDFEFFFE10002FFBF8FF0015FDA8
:20643400F9FFFEF8FF2BFE04004CFBFDFFFDF8FFFE06002BFE04004CFBFEFF00140002FF6D
:20645400FC35FFFC181818140002FFFC3AFFFC15FDFDFFFDFEFFFE4000FE01000080FFFCAE
:0D647400020204140002FFFC33FFFC0000D4
:020000040003F7
:204B74001206140002FFFC840000FFFC3F0404FFFC140030FFFB0DFFFB0042960414000200
:204B9400FFFC840005FFFC3F0404FFFC140002FFFC3AFFFC15FDFDFFFE10002FFBFBFF00BA
:204BB40015FDFEFFFE10002FFBFAFF0015FDFBFFFE00002BFE04004CFBFDFFFDFAFFFEF142
:204BD400FF2BFE04004CFBFEFF00140002FFFC35FFFC1818140002FFFC3AFFFC15FDFDFF8C
:204BF400FE10002FFBFBFF0015FDFEFFFE10002FFBFAFF0015FDFBFFFE00002BFE04004CAC
:204C1400FBFDFFFDFAFFFEF8FF2BFE04004CFBFEFF00140002FFFC35FFFC18181818140078
:204C340002FFFC3AFFFC15FDFDFFFE10002FFBFBFF0015FDFEFFFE10002FFBFAFF0015FD9C
:204C5400FBFFFE00002BFE04004CFBFDFFFDFAFFFEFCFF2BFE04004CFBFEFF00140002FF63
:204C7400FC35FFFC140008FFFB0DFFFB00429604140002FFFC3AFFFC15FDFDFFFE10002F6A
:204C9400FBFBFF0015FDFEFFFE10002FFBFAFF0015FDFBFFFE00002BFE04004CFBFDFFFD54
:204CB400FAFFFEFFFF2BFE04004CFBFEFF00140002FFFC35FFFC140008FFFB0DFFFB0042DA
:204CD4009604140002FFFC3AFFFC15FDFDFFFE10002FFBFBFF0015FDFEFFFE10002FFBFA5F
:204CF400FF0015FDFBFFFE00002BFE04004CFBFDFFFDFAFFFE01002BFE04004CFBFEFF00C1
:204D1400140002FFFC35FFFC140008FFFB0DFFFB00429604140002FFFC3AFFFC15FDFDFFF1
:204D3400FE10002FFBFBFF0015FDFEFFFE10002FFBFAFF0015FDFBFFFE00002BFE04004C6A
:204D5400FBFDFFFDFAFFFE04002BFE04004CFBFEFF00140002FFFC35FFFC1818181814002A
:204D740002FFFC3AFFFC15FDFDFFFE10002FFBFBFF0015FDFEFFFE10002FFBFAFF0015FD5B
:204D9400FBFFFE00002BFE04004CFBFDFFFDFAFFFE08002BFE04004CFBFEFF00140002FF15
:204DB400FC35FFFC1818140002FFFC3AFFFC15FDFDFFFE10002FFBFBFF0015FDFEFFFE10E0
:204DD400002FFBFAFF0015FDFBFFFE00002BFE04004CFBFDFFFDFAFFFE0F002BFE04004CA6
:114DF400FBFEFF00140002FFFC35FFFC18094B760093
:020000040004F6
:20169D001205140007FFFC3AFFFC15FDFDFFFE80002FFBFBFF0015FDFBFFFE07004CFE00C0
:2016BD00004DFBFDFFFE8000FE00004DFBFEFF00140000FFFF140007FFFC30FFFC1400F0B1
:2016DD00FFFB0DFFFB00429604140007FFFC3AFFFC15FDFDFFFE80002FFBFBFF0015FDFB08
:2016FD00FFFE07004CFE00004DFBFDFFFE0000FE00004DFBFEFF00140000FFFF140007FFCE
:20171D00FC30FFFC140007FFFC33FFFC1809569F001205140009FFFC3AFFFC15FDFDFFFEBB
:20173D0080002FFBFBFF0015FDFBFFFE07004CFE00004DFBFDFFFE8000FE00004DFBFEFF88
:20175D0000140000FFFF140009FFFC30FFFC1400F0FFFB0DFFFB00429604140009FFFC3AE4
:20177D00FFFC15FDFDFFFE80002FFBFBFF0015FDFBFFFE07004CFE00004DFBFDFFFE000004
:20179D00FE00004DFBFEFF00140000FFFF140009FFFC30FFFC140009FFFC33FFFC180957D6
:2017BD0030001205140004FFFC3AFFFC15FDFDFFFE80002FFBFBFF0015FDFBFFFE07004C70
:2017DD00FE00004DFBFDFFFE8000FE00004DFBFEFF00140000FFFF140004FFFC30FFFC1485
:2017FD0000F0FFFB0DFFFB00429604140004FFFC3AFFFC15FDFDFFFE80002FFBFBFF0015F2
:20181D00FDFBFFFE07004CFE00004DFBFDFFFE0000FE00004DFBFEFF00140000FFFF1400BA
:13183D0004FFFC30FFFC140004FFFC33FFFC180957C100F4
:020000040003F7
:208602001206190000FFFC1A0046150000FFFC010947FF140002FFFC3F0800FFFC660402AD
:2086220078AB0615FD0300FF012BFB030000140001FFFC8EFFFC140002FFFC3AFFFC15FDE0
:20864200FDFFFE10002FFBFBFF0015FDFEFFFE10002FFBFAFF0015FDFBFFFE00002BFE0473
:20866200004CFBFDFFFDFAFFFEF8FF2BFE04004CFBFEFF00140002FFFC35FFFC18181400D4
:2086820002FFFC3AFFFC15FDFDFFFE10002FFBFBFF0015FDFEFFFE10002FFBFAFF0015FD14
:2086A200FBFFFE00002BFE04004CFBFDFFFDFAFFFEFCFF2BFE04004CFBFEFF00140002FFDB
:2086C200FC35FFFC181818140002FFFC3AFFFC15FDFDFFFE10002FFBFBFF0015FDFEFFFE91
:2086E20010002FFBFAFF0015FDFBFFFE00002BFE04004CFBFDFFFDFAFFFEFFFF2BFE0400AC
:208702004CFBFEFF00140002FFFC35FFFC18181818140002FFFC3AFFFC15FDFDFFFE100010
:208722002FFBFBFF0015FDFEFFFE10002FFBFAFF0015FDFBFFFE00002BFE04004CFBFDFF59
:20874200FDFAFFFE00002BFE04004CFBFEFF00140002FFFC35FFFC140008FFFB0DFFFB0054
:20876200429604140002FFFC3AFFFC15FDFDFFFE10002FFBFBFF0015FDFEFFFE10002FFB4E
:20878200FAFF0015FDFBFFFE00002BFE04004CFBFDFFFDFAFFFE01002BFE04004CFBFEFFFE
:2087A20000140002FFFC35FFFC181818140002FFFC3AFFFC15FDFDFFFE10002FFBFBFF00A8
:2087C20015FDFEFFFE10002FFBFAFF0015FDFBFFFE00002BFE04004CFBFDFFFDFAFFFE02E7
:2087E200002BFE04004CFBFEFF00140002FFFC35FFFC1818140002FFFC33FFFC000012063E
:20880200190000FFFC1A0048130000FFFC010949FD14000AFFFC3F0800FFFC66040278AB98
:208822000615FD0300FF012BFB030000140001FFFC8EFFFC14000AFFFC3AFFFC15FDFDFFFD
:20884200FE10002FFBFBFF0015FDFEFFFE10002FFBFAFF0015FDFBFFFE00002BFE04004C21
:20886200FBFDFFFDFAFFFEF8FF2BFE04004CFBFEFF0014000AFFFC35FFFC181814000AFF0D
:20888200FC3AFFFC15FDFDFFFE10002FFBFBFF0015FDFEFFFE10002FFBFAFF0015FDFBFF19
:2088A200FE00002BFE04004CFBFDFFFDFAFFFEFCFF2BFE04004CFBFEFF0014000AFFFC359A
:2088C200FFFC18181814000AFFFC3AFFFC15FDFDFFFE10002FFBFBFF0015FDFEFFFE1000A8
:2088E2002FFBFAFF0015FDFBFFFE00002BFE04004CFBFDFFFDFAFFFEFFFF2BFE04004CFB73
:20890200FEFF0014000AFFFC35FFFC1818181814000AFFFC3AFFFC15FDFDFFFE10002FFB1B
:20892200FBFF0015FDFEFFFE10002FFBFAFF0015FDFBFFFE00002BFE04004CFBFDFFFDFA8A
:20894200FFFE00002BFE04004CFBFEFF0014000AFFFC35FFFC140008FFFB0DFFFB00429669
:208962000414000AFFFC3AFFFC15FDFDFFFE10002FFBFBFF0015FDFEFFFE10002FFBFAFF23
:208982000015FDFBFFFE00002BFE04004CFBFDFFFDFAFFFE01002BFE04004CFBFEFF0014E1
:2089A200000AFFFC35FFFC18181814000AFFFC3AFFFC15FDFDFFFE10002FFBFBFF0015FD98
:2089C200FEFFFE10002FFBFAFF0015FDFBFFFE00002BFE04004CFBFDFFFDFAFFFE02002BCC
:1C89E200FE04004CFBFEFF0014000AFFFC35FFFC181814000AFFFC33FFFC000073
:20CCCF0012041A004DB80000000D0115FD0D00FE010001001A014D810000FFFF0615FD0DD7
:20CCEF0000FE020001001A014D010000FFFF06094D3515FD0300FE040004001A014D300079
:20CD0F0000FFFF0615FD0300FE050004001A014D280000FFFF06094D2D1400050003094D5B
:20CD2F0035140005000315FD0D00FE030001001A014D640000FFFF0615FD0300FE06000485
:20CD4F00001A014D5C0000FFFF06094D611400060003094D7E15FD0300FE050004001A011D
:20CD6F004D790000FFFF06094D7E1400060003094DB515FD0300FE030004001A014DB000AC
:20CD8F0000FFFF0615FD0300FE040004001A014DA80000FFFF06094DAD1400040003094DDD
:20CDAF00B51400040003094DEC15FD0300FE020004001A014DE70000FFFF0615FD0300FED3
:20CDCF00030004001A014DDF0000FFFF06094DE41400030003094DEC140003000315FD032D
:20CDEF0000FBFDFF00140001FFFC75FFFC140001FFFC74FFFC18094CD10012041A004EF280
:20CE0F000000000D0115FD0D00FE010001001A014EBB0000FFFF0615FD0D00FE020001008E
:20CE2F001A014E3B0000FFFF06094E6F15FD0300FE040004001A014E6A0000FFFF0615FD71
:20CE4F000300FE050004001A014E620000FFFF06094E671400050003094E6F14000500032E
:20CE6F0015FD0D00FE030001001A014E9E0000FFFF0615FD0300FE060004001A014E96005B
:20CE8F0000FFFF06094E9B1400060003094EB815FD0300FE050004001A014EB30000FFFF2B
:20CEAF0006094EB81400060003094EEF15FD0300FE030004001A014EEA0000FFFF0615FD68
:20CECF000300FE040004001A014EE20000FFFF06094EE71400040003094EEF140004000331
:20CEEF00094F2615FD0300FE020004001A014F210000FFFF0615FD0300FE030004001A01C8
:20CF0F004F190000FFFF06094F1E1400030003094F26140003000315FD0300FBFDFF00144E
:20CF2F000008FFFC75FFFC140008FFFC74FFFC18094E0B0012041A00502C0000000D0115A0
:20CF4F00FD0D00FE010001001A014FF50000FFFF0615FD0D00FE020001001A014F75000056
:20CF6F00FFFF06094FA915FD0300FE040004001A014FA40000FFFF0615FD0300FE05000454
:20CF8F00001A014F9C0000FFFF06094FA11400050003094FA9140005000315FD0D00FE0326
:20CFAF000001001A014FD80000FFFF0615FD0300FE060004001A014FD00000FFFF06094F68
:20CFCF00D51400060003094FF215FD0300FE050004001A014FED0000FFFF06094FF2140031
:20CFEF0006000309502915FD0300FE030004001A0150240000FFFF0615FD0300FE040004CF
:20D00F00001A01501C0000FFFF060950211400040003095029140004000309506015FD0376
:20D02F0000FE020004001A01505B0000FFFF0615FD0300FE030004001A0150530000FFFF3D
:20D04F00060950581400030003095060140003000315FD0300FBFDFF00140001FFFC75FF8D
:20D06F00FC140001FFFC74FFFC18094F450012041A0051660000000D0115FD0D00FE01005E
:20D08F0001001A01512F0000FFFF0615FD0D00FE020001001A0150AF0000FFFF060950E367
:20D0AF0015FD0300FE040004001A0150DE0000FFFF0615FD0300FE050004001A0150D6009C
:20D0CF0000FFFF060950DB14000500030950E3140005000315FD0D00FE030001001A015108
:20D0EF00120000FFFF0615FD0300FE060004001A01510A0000FFFF0609510F1400060003EE
:20D10F0009512C15FD0300FE050004001A0151270000FFFF0609512C140006000309516367
:20D12F0015FD0300FE030004001A01515E0000FFFF0615FD0300FE040004001A015156001B
:20D14F0000FFFF0609515B1400040003095163140004000309519A15FD0300FE0200040007
:20D16F001A0151950000FFFF0615FD0300FE030004001A01518D0000FFFF06095192140084
:20D18F0003000309519A140003000315FD0300FBFDFF00140001FFFC75FFFC140001FFFCD0
:08D1AF0074FFFC1809507F0019
:020000040002F8
:206481001208190000FFFC1A0064940002FFFC01096BCD66040A7D9D0615FD1D00FF012D8C
:2064A100FB1D000015FD1D00FE010002001A0164BA0000FFFF06096BCC1A0064C6000000D2
:2064C10026010964D615FD0B00FF012BFB0B00001400010026140003FFFC74FFFC14000330
:2064E100FFFC3F0800FFFC140003FFFC840001FFFC3F0400FFFC140003FFFC3AFFFC15FD35
:20650100FDFFFDFEFFFE4000FE01000080FFFC02020466080A7D5C06140000FFFC3AFFFC29
:20652100140003FFF93AFFF915FDFDFFFDFAFF02001A0168850000FFFF01140003FFFC3AC0
:20654100FFFC15FDFDFFFE10002FFBF9FF0015FDFEFFFE10002FFBF8FF0015FDF9FFFE08B3
:20656100002BFE04004CFBFDFFFDF8FFFEF1FF2BFE04004CFBFEFF00140003FFFC35FFFC15
:20658100181818140003FFFC3AFFFC15FDFDFFFE10002FFBF9FF0015FDFEFFFE10002FFBE6
:2065A100F8FF0015FDF9FFFE08002BFE04004CFBFDFFFDF8FFFEF4FF2BFE04004CFBFEFF0D
:2065C10000140003FFFC35FFFC181818140003FFFC3AFFFC15FDFDFFFE10002FFBF9FF00AB
:2065E10015FDFEFFFE10002FFBF8FF0015FDF9FFFE08002BFE04004CFBFDFFFDF8FFFEF6F4
:20660100FF2BFE04004CFBFEFF00140003FFFC35FFFC181818140003FFFC3AFFFC15FDFD29
:20662100FFFE10002FFBF9FF0015FDFEFFFE10002FFBF8FF0015FDF9FFFE08002BFE0400AF
:206641004CFBFDFFFDF8FFFEF8FF2BFE04004CFBFEFF00140003FFFC35FFFC1818181400FE
:2066610003FFFC3AFFFC15FDFDFFFE10002FFBF9FF0015FDFEFFFE10002FFBF8FF0015FD58
:20668100F9FFFE08002BFE04004CFBFDFFFDF8FFFEFAFF2BFE04004CFBFEFF00140003FF19
:2066A100FC35FFFC181818140003FFFC3AFFFC15FDFDFFFE10002FFBF9FF0015FDFEFFFED3
:2066C10010002FFBF8FF0015FDF9FFFE08002BFE04004CFBFDFFFDF8FFFEFCFF2BFE0400EE
:2066E1004CFBFEFF00140003FFFC35FFFC181818140003FFFC3AFFFC15FDFDFFFE10002F39
:20670100FBF9FF0015FDFEFFFE10002FFBF8FF0015FDF9FFFE08002BFE04004CFBFDFFFDCA
:20672100F8FFFEFEFF2BFE04004CFBFEFF00140003FFFC35FFFC181818140003FFFC3AFF20
:20674100FC15FDFDFFFE10002FFBF9FF0015FDFEFFFE10002FFBF8FF0015FDF9FFFE0800B0
:206761002BFE04004CFBFDFFFDF8FFFE00002BFE04004CFBFEFF00140003FFFC35FFFC18EB
:206781001818140003FFFC3AFFFC15FDFDFFFE10002FFBF9FF0015FDFEFFFE10002FFBF804
:2067A100FF0015FDF9FFFE08002BFE04004CFBFDFFFDF8FFFE02002BFE04004CFBFEFF00F4
:2067C100140003FFFC35FFFC181818140003FFFC3AFFFC15FDFDFFFE10002FFBF9FF001594
:2067E100FDFEFFFE10002FFBF8FF0015FDF9FFFE08002BFE04004CFBFDFFFDF8FFFE0400F9
:206801002BFE04004CFBFEFF00140003FFFC35FFFC181818140003FFFC3AFFFC15FDFDFF27
:20682100FE10002FFBF9FF0015FDFEFFFE10002FFBF8FF0015FDF9FFFE08002BFE04004C60
:20684100FBFDFFFDF8FFFE06002BFE04004CFBFEFF00140003FFFC35FFFC18181814000336
:20686100FFFC3AFFFC15FDFDFFFDFEFFFE4000FE01000080FFFC020204140003FFFC33FFDB
:20688100FC096BCC140003FFFC3AFFFC15FDFDFFFE10002FFBF9FF0015FDFEFFFE10002FEA
:2068A100FBF8FF0015FDF9FFFEF8FF2BFE04004CFBFDFFFDF8FFFEF1FF2BFE04004CFBFE22
:2068C100FF00140003FFFC35FFFC181818140003FFFC3AFFFC15FDFDFFFE10002FFBF9FFA9
:2068E1000015FDFEFFFE10002FFBF8FF0015FDF9FFFEF8FF2BFE04004CFBFDFFFDF8FFFEF8
:20690100F4FF2BFE04004CFBFEFF00140003FFFC35FFFC181818140003FFFC3AFFFC15FD2F
:20692100FDFFFE10002FFBF9FF0015FDFEFFFE10002FFBF8FF0015FDF9FFFEF8FF2BFE04C0
:20694100004CFBFDFFFDF8FFFEF6FF2BFE04004CFBFEFF00140003FFFC35FFFC18181814FD
:206961000003FFFC3AFFFC15FDFDFFFE10002FFBF9FF0015FDFEFFFE10002FFBF8FF001552
:20698100FDF9FFFEF8FF2BFE04004CFBFDFFFDF8FFFEF8FF2BFE04004CFBFEFF001400032B
:2069A100FFFC35FFFC181818140003FFFC3AFFFC15FDFDFFFE10002FFBF9FF0015FDFEFFCF
:2069C100FE10002FFBF8FF0015FDF9FFFEF8FF2BFE04004CFBFDFFFDF8FFFEFAFF2BFE0400
:2069E100004CFBFEFF00140003FFFC35FFFC181818140003FFFC3AFFFC15FDFDFFFE100065
:206A01002FFBF9FF0015FDFEFFFE10002FFBF8FF0015FDF9FFFEF8FF2BFE04004CFBFDFFA6
:206A2100FDF8FFFEFCFF2BFE04004CFBFEFF00140003FFFC35FFFC181818140003FFFC3A21
:206A4100FFFC15FDFDFFFE10002FFBF9FF0015FDFEFFFE10002FFBF8FF0015FDF9FFFEF8BE
:206A6100FF2BFE04004CFBFDFFFDF8FFFEFEFF2BFE04004CFBFEFF00140003FFFC35FFFC04
:206A8100181818140003FFFC3AFFFC15FDFDFFFE10002FFBF9FF0015FDFEFFFE10002FFBE1
:206AA100F8FF0015FDF9FFFEF8FF2BFE04004CFBFDFFFDF8FFFE00002BFE04004CFBFEFF0C
:206AC10000140003FFFC35FFFC181818140003FFFC3AFFFC15FDFDFFFE10002FFBF9FF00A6
:206AE10015FDFEFFFE10002FFBF8FF0015FDF9FFFEF8FF2BFE04004CFBFDFFFDF8FFFE02F4
:206B0100002BFE04004CFBFEFF00140003FFFC35FFFC181818140003FFFC3AFFFC15FDFD23
:206B2100FFFE10002FFBF9FF0015FDFEFFFE10002FFBF8FF0015FDF9FFFEF8FF2BFE0400BB
:206B41004CFBFDFFFDF8FFFE04002BFE04004CFBFEFF00140003FFFC35FFFC1818181400EC
:206B610003FFFC3AFFFC15FDFDFFFE10002FFBF9FF0015FDFEFFFE10002FFBF8FF0015FD53
:206B8100F9FFFEF8FF2BFE04004CFBFDFFFDF8FFFE06002BFE04004CFBFEFF00140003FF18
:206BA100FC35FFFC181818140003FFFC3AFFFC15FDFDFFFDFEFFFE4000FE01000080FFFC59
:0D6BC100020204140003FFFC33FFFC00007F
:020000040003F7
:204E05001206140003FFFC840000FFFC3F0404FFFC140030FFFB0DFFFB004296041400036A
:204E2500FFFC840005FFFC3F0404FFFC140003FFFC3AFFFC15FDFDFFFE10002FFBFBFF0025
:204E450015FDFEFFFE10002FFBFAFF0015FDFBFFFE00002BFE04004CFBFDFFFDFAFFFEF1AE
:204E6500FF2BFE04004CFBFEFF00140003FFFC35FFFC1818140003FFFC3AFFFC15FDFDFFF6
:204E8500FE10002FFBFBFF0015FDFEFFFE10002FFBFAFF0015FDFBFFFE00002BFE04004C18
:204EA500FBFDFFFDFAFFFEF8FF2BFE04004CFBFEFF00140003FFFC35FFFC181818181400E4
:204EC50003FFFC3AFFFC15FDFDFFFE10002FFBFBFF0015FDFEFFFE10002FFBFAFF0015FD08
:204EE500FBFFFE00002BFE04004CFBFDFFFDFAFFFEFCFF2BFE04004CFBFEFF00140003FFCF
:204F0500FC35FFFC140008FFFB0DFFFB00429604140003FFFC3AFFFC15FDFDFFFE10002FD5
:204F2500FBFBFF0015FDFEFFFE10002FFBFAFF0015FDFBFFFE00002BFE04004CFBFDFFFDC0
:204F4500FAFFFEFFFF2BFE04004CFBFEFF00140003FFFC35FFFC140008FFFB0DFFFB004245
:204F65009604140003FFFC3AFFFC15FDFDFFFE10002FFBFBFF0015FDFEFFFE10002FFBFACA
:204F8500FF0015FDFBFFFE00002BFE04004CFBFDFFFDFAFFFE01002BFE04004CFBFEFF002D
:204FA500140003FFFC35FFFC140008FFFB0DFFFB00429604140003FFFC3AFFFC15FDFDFF5C
:204FC500FE10002FFBFBFF0015FDFEFFFE10002FFBFAFF0015FDFBFFFE00002BFE04004CD7
:204FE500FBFDFFFDFAFFFE04002BFE04004CFBFEFF00140003FFFC35FFFC18181818140096
:2050050003FFFC3AFFFC15FDFDFFFE10002FFBFBFF0015FDFEFFFE10002FFBFAFF0015FDC6
:20502500FBFFFE00002BFE04004CFBFDFFFDFAFFFE08002BFE04004CFBFEFF00140003FF80
:20504500FC35FFFC1818140003FFFC3AFFFC15FDFDFFFE10002FFBFBFF0015FDFEFFFE104B
:20506500002FFBFAFF0015FDFBFFFE00002BFE04004CFBFDFFFDFAFFFE0F002BFE04004C12
:11508500FBFEFF00140003FFFC35FFFC18094E07006A
:020000040004F6
:201850001205140002FFFC3AFFFC15FDFDFFFE80002FFBFBFF0015FDFBFFFE07004CFE0010
:20187000004DFBFDFFFE8000FE00004DFBFEFF00140000FFFF140002FFFC30FFFC1400F001
:20189000FFFB0DFFFB00429604140002FFFC3AFFFC15FDFDFFFE80002FFBFBFF0015FDFB58
:2018B000FFFE07004CFE00004DFBFDFFFE0000FE00004DFBFEFF00140000FFFF140002FF1E
:2018D000FC30FFFC140002FFFC33FFFC18095852001205140002FFFC3AFFFC15FDFDFFFE5E
:2018F00080002FFBFBFF0015FDFBFFFE07004CFE00004DFBFDFFFE8000FE00004DFBFEFFD4
:2019100000140000FFFF140002FFFC30FFFC1400F0FFFB0DFFFB00429604140002FFFC3A3D
:20193000FFFC15FDFDFFFE80002FFBFBFF0015FDFBFFFE07004CFE00004DFBFDFFFE00004F
:20195000FE00004DFBFEFF00140000FFFF140002FFFC30FFFC140002FFFC33FFFC1809582E
:02197000E30092
:020000040003F7
:2089FE001206190000FFFC1A004A110000FFFC01094C09140001FFFC3F0800FFFC140003F5
:208A1E00FFFC31FFFC660802770A061400010009140001FFFC3D01FFFC15FD0600FF012B70
:208A3E00FB060000140001FFFC3AFFFC15FDFDFFFE10002FFBFBFF0015FDFEFFFE10002F46
:208A5E00FBFAFF0015FDFBFFFE00002BFE04004CFBFDFFFDFAFFFEF6FF2BFE04004CFBFE2F
:208A7E00FF00140001FFFC35FFFC1818140001FFFC3AFFFC15FDFDFFFE10002FFBFBFF00E4
:208A9E0015FDFEFFFE10002FFBFAFF0015FDFBFFFE00002BFE04004CFBFDFFFDFAFFFEFB0F
:208ABE00FF2BFE04004CFBFEFF00140001FFFC35FFFC181818140001FFFC3AFFFC15FDFD4C
:208ADE00FFFE10002FFBFBFF0015FDFEFFFE10002FFBFAFF0015FDFBFFFE00002BFE0400D0
:208AFE004CFBFDFFFDFAFFFEFDFF2BFE04004CFBFEFF00140001FFFC35FFFC181818181400
:208B1E000001FFFC3AFFFC15FDFDFFFE10002FFBFBFF0015FDFEFFFE10002FFBFAFF001571
:208B3E00FDFBFFFE00002BFE04004CFBFDFFFDFAFFFE00002BFE04004CFBFEFF0014000138
:208B5E00FFFC35FFFC14000EFFFB0DFFFB00429604140001FFFC3AFFFC15FDFDFFFE10006C
:208B7E002FFBFBFF0015FDFEFFFE10002FFBFAFF0015FDFBFFFE00002BFE04004CFBFDFFF9
:208B9E00FDFAFFFE03002BFE04004CFBFEFF00140001FFFC35FFFC181818140001FFFC3A7D
:208BBE00FFFC15FDFDFFFE10002FFBFBFF0015FDFEFFFE10002FFBFAFF0015FDFBFFFE0012
:208BDE00002BFE04004CFBFDFFFDFAFFFE05002BFE04004CFBFEFF00140001FFFC35FFFC5D
:0C8BFE001818140001FFFC33FFFC0000FD
:020000040004F6
:201972001205140003FFFC3AFFFC15FDFDFFFE80002FFBFBFF0015FDFBFFFE07004CFE00EC
:20199200004DFBFDFFFE8000FE00004DFBFEFF00140000FFFF140003FFFC30FFFC1400F0DD
:2019B200FFFB0DFFFB00429604140003FFFC3AFFFC15FDFDFFFE80002FFBFBFF0015FDFB34
:2019D200FFFE07004CFE00004DFBFDFFFE0000FE00004DFBFEFF00140000FFFF140003FFFA
:1119F200FC30FFFC140003FFFC33FFFC18095974008F
:020000040003F7
:20D1B70012041A0052A00000000D0115FD0D00FE010001001A0152690000FFFF0615FD0D10
:20D1D70000FE020001001A0151E90000FFFF0609521D15FD0300FE040004001A01521800C6
:20D1F70000FFFF0615FD0300FE050004001A0152100000FFFF060952151400050003095290
:20D217001D140005000315FD0D00FE030001001A01524C0000FFFF0615FD0300FE060004C3
:20D23700001A0152440000FFFF06095249140006000309526615FD0300FE050004001A0169
:20D2570052610000FFFF06095266140006000309529D15FD0300FE030004001A015298000B
:20D2770000FFFF0615FD0300FE040004001A0152900000FFFF060952951400040003095211
:20D297009D14000400030952D415FD0300FE020004001A0152CF0000FFFF0615FD0300FE24
:20D2B700030004001A0152C70000FFFF060952CC14000300030952D4140003000315FD0379
:1AD2D70000FBFDFF00140004FFFC75FFFC140004FFFC74FFFC180951B90016
:208C0A001206190000FFFC1A004C1D0000FFFC01094E15140002FFFC3F0800FFFC140003C9
:208C2A00FFFC31FFFC660802770A061400010007140002FFFC3D01FFFC15FD0600FF012B63
:208C4A00FB060000140002FFFC3AFFFC15FDFDFFFE10002FFBFBFF0015FDFEFFFE10002F37
:208C6A00FBFAFF0015FDFBFFFE00002BFE04004CFBFDFFFDFAFFFEF6FF2BFE04004CFBFE21
:208C8A00FF00140002FFFC35FFFC1818140002FFFC3AFFFC15FDFDFFFE10002FFBFBFF00D4
:208CAA0015FDFEFFFE10002FFBFAFF0015FDFBFFFE00002BFE04004CFBFDFFFDFAFFFEFB01
:208CCA00FF2BFE04004CFBFEFF00140002FFFC35FFFC181818140002FFFC3AFFFC15FDFD3C
:208CEA00FFFE10002FFBFBFF0015FDFEFFFE10002FFBFAFF0015FDFBFFFE00002BFE0400C2
:208D0A004CFBFDFFFDFAFFFEFDFF2BFE04004CFBFEFF00140002FFFC35FFFC1818181814F0
:208D2A000002FFFC3AFFFC15FDFDFFFE10002FFBFBFF0015FDFEFFFE10002FFBFAFF001562
:208D4A00FDFBFFFE00002BFE04004CFBFDFFFDFAFFFE00002BFE04004CFBFEFF0014000229
:208D6A00FFFC35FFFC14000EFFFB0DFFFB00429604140002FFFC3AFFFC15FDFDFFFE10005D
:208D8A002FFBFBFF0015FDFEFFFE10002FFBFAFF0015FDFBFFFE00002BFE04004CFBFDFFEB
:208DAA00FDFAFFFE03002BFE04004CFBFEFF00140002FFFC35FFFC181818140002FFFC3A6D
:208DCA00FFFC15FDFDFFFE10002FFBFBFF0015FDFEFFFE10002FFBFAFF0015FDFBFFFE0004
:208DEA00002BFE04004CFBFDFFFDFAFFFE05002BFE04004CFBFEFF00140002FFFC35FFFC4E
:0C8E0A001818140002FFFC33FFFC0000ED
:020000040004F6
:201A03001205140003FFFC3AFFFC15FDFDFFFE80002FFBFBFF0015FDFBFFFE07004CFE005A
:201A2300004DFBFDFFFE8000FE00004DFBFEFF00140000FFFF140003FFFC30FFFC1400F04B
:201A4300FFFB0DFFFB00429604140003FFFC3AFFFC15FDFDFFFE80002FFBFBFF0015FDFBA2
:201A6300FFFE07004CFE00004DFBFDFFFE0000FE00004DFBFEFF00140000FFFF140003FF68
:111A8300FC30FFFC140003FFFC33FFFC18095A05006B
:020000040003F7
:208E16001206190000FFFC1A004E290000FFFC01095013140004FFFC3F0800FFFC66040256
:208E360078AB0615FD0300FF012BFB030000140001FFFC8EFFFC140004FFFC3AFFFC15FDC2
:208E5600FDFFFE10002FFBFBFF0015FDFEFFFE10002FFBFAFF0015FDFBFFFE00002BFE0457
:208E7600004CFBFDFFFDFAFFFEF8FF2BFE04004CFBFEFF00140004FFFC35FFFC18181400B6
:208E960004FFFC3AFFFC15FDFDFFFE10002FFBFBFF0015FDFEFFFE10002FFBFAFF0015FDF6
:208EB600FBFFFE00002BFE04004CFBFDFFFDFAFFFEFCFF2BFE04004CFBFEFF00140004FFBD
:208ED600FC35FFFC181818140004FFFC3AFFFC15FDFDFFFE10002FFBFBFF0015FDFEFFFE73
:208EF60010002FFBFAFF0015FDFBFFFE00002BFE04004CFBFDFFFDFAFFFEFFFF2BFE040090
:208F16004CFBFEFF00140004FFFC35FFFC18181818140004FFFC3AFFFC15FDFDFFFE1000F0
:208F36002FFBFBFF0015FDFEFFFE10002FFBFAFF0015FDFBFFFE00002BFE04004CFBFDFF3D
:208F5600FDFAFFFE00002BFE04004CFBFEFF00140004FFFC35FFFC140008FFFB0DFFFB0036
:208F7600429604140004FFFC3AFFFC15FDFDFFFE10002FFBFBFF0015FDFEFFFE10002FFB30
:208F9600FAFF0015FDFBFFFE00002BFE04004CFBFDFFFDFAFFFE01002BFE04004CFBFEFFE2
:208FB60000140004FFFC35FFFC181818140004FFFC3AFFFC15FDFDFFFE10002FFBFBFF0088
:208FD60015FDFEFFFE10002FFBFAFF0015FDFBFFFE00002BFE04004CFBFDFFFDFAFFFE02CB
:208FF600002BFE04004CFBFEFF00140004FFFC35FFFC1818140004FFFC33FFFC000012051F
:20901600190000FFFC1A0050270002FFFC010951DC140006FFFC3F0800FFFC140006FFFCF5
:209036003F0202FFFC66040A7A3106140004FFFC31FFFC15FE0000FBFDFF00140004FFFC5B
:2090560075FFFC140004FFFC840002FFFC3F0404FFFC15FE0008FBFDFFFE0007FBFEFF00A5
:20907600140004FFFC35FFFC14001EFFFB0DFFFB0042960466040A7A3106140003FFFC3120
:20909600FFFC15FE0000FBFDFF00140003FFFC75FFFC140003FFFC840002FFFC3F0404FF5A
:2090B600FC15FE000AFBFDFFFE0007FBFEFF00140003FFFC35FFFC14001EFFFB0DFFFB0018
:2090D60042960466040A7A3106140005FFFC31FFFC15FE0000FBFDFF00140005FFFC75FFA7
:2090F600FC140005FFFC840002FFFC3F0404FFFC15FE000CFBFDFFFE0007FBFEFF00140060
:2091160005FFFC35FFFC14001EFFFB0DFFFB0042960466040A7A3106140007FFFC31FFFC93
:2091360015FE0000FBFDFF00140007FFFC75FFFC140007FFFC840002FFFC3F0404FFFC159B
:20915600FE000EFBFDFFFE0007FBFEFF00140007FFFC35FFFC140078FFFB0DFFFB0042964E
:2091760004140004FFFC33FFFC14001EFFFB0DFFFB00429604140003FFFC33FFFC14001E13
:20919600FFFB0DFFFB00429604140005FFFC33FFFC14001EFFFB0DFFFB0042960414000770
:2091B600FFFC33FFFC14001EFFFB0DFFFB00429604140006FFFC3F0200FFFC140006FFFCFB
:0791D6003F0808FFFC000048
:20D2F10012041A0053DA0000000D0115FD0D00FE010001001A0153A30000FFFF0615FD0D5F
:20D3110000FE020001001A0153230000FFFF0609535715FD0300FE040004001A01535200D8
:20D3310000FFFF0615FD0300FE050004001A01534A0000FFFF0609534F14000500030953DD
:20D3510057140005000315FD0D00FE030001001A0153860000FFFF0615FD0300FE06000413
:20D37100001A01537E0000FFFF0609538314000600030953A015FD0300FE050004001A017D
:20D39100539B0000FFFF060953A014000600030953D715FD0300FE030004001A0153D200E4
:20D3B10000FFFF0615FD0300FE040004001A0153CA0000FFFF060953CF140004000309535F
:20D3D100D7140004000309540E15FD0300FE020004001A0154090000FFFF0615FD0300FE37
:20D3F100030004001A0154010000FFFF06095406140003000309540E140003000315FD038A
:20D4110000FBFDFF00140001FFFC75FFFC140001FFFC74FFFC180952F3001208190000FF6D
:20D43100FC1A00543E0002FFFC010955791A00544A000000570609557815FD5800FE050006
:20D4510002001A0155210000FFFF06140000005766040A7D9D06140002FFFC3AFFFC15FDCD
:20D47100FDFFFE80002FFBF9FF0015FDFEFFFE80002FFBF8FF0015FDF9FFFE01002BFE0718
:20D49100004CFBFDFFFDF8FFFE00002BFE07004CFBFEFF00140002FFFC35FFFC14000CFF72
:20D4B100F90DFFF900429604140002FFFC3AFFFC15FDFDFFFE80002FFBF9FF0015FDFEFF7E
:20D4D100FE80002FFBF8FF0015FDF9FFFE00002BFE07004CFBFDFFFDF8FFFE04002BFE07FB
:20D4F100004CFBFEFF00140002FFFC35FFFC6608087EFE06140006FFF9140002FFFA15FE6A
:20D511000200FBFBFF000DFFF90049F30B09557815FD5800FF012BFB58000066040A7D9D6B
:20D5310006140002FFFC3AFFFC15FDFDFFFE80002FFBF9FF0015FDFEFFFE80002FFBF8FF32
:20D551000015FDF9FFFE01002BFE07004CFBFDFFFDF8FFFE00002BFE07004CFBFEFF0014C4
:20D571000002FFFC35FFFC000012041A0056630000000D0115FD0D00FE010001001A0156E6
:20D591002C0000FFFF0615FD0D00FE020001001A0155AC0000FFFF060955E015FD0300FEB9
:20D5B100040004001A0155DB0000FFFF0615FD0300FE050004001A0155D30000FFFF060997
:20D5D10055D814000500030955E0140005000315FD0D00FE030001001A01560F0000FFFFF8
:20D5F1000615FD0300FE060004001A0156070000FFFF0609560C140006000309562915FD59
:20D611000300FE050004001A0156240000FFFF06095629140006000309566015FD0300FEDF
:20D63100030004001A01565B0000FFFF0615FD0300FE040004001A0156530000FFFF060916
:20D6510056581400040003095660140004000309569715FD0300FE020004001A0156920004
:20D6710000FFFF0615FD0300FE030004001A01568A0000FFFF0609568F1400030003095615
:20D6910097140003000315FD0300FBFDFF00140001FFFC75FFFC140001FFFC74FFFC18099C
:03D6B100557C00A5
:020000040004F6
:20410F00120415FE0000FE00004DFBFDFFFE0000FE00004DFBFEFF00140001FFFF140002BB
:0A412F00FFFC30FFFC1809411100ED
:020000040003F7
:20D6B4001208190000FFFC1A0056C70002FFFC010958021A0056D300000059060958011577
:20D6D400FD5A00FE030002001A0157AA0000FFFF06140000005966040A7D9D06140002FFA6
:20D6F400FC3AFFFC15FDFDFFFE80002FFBF9FF0015FDFEFFFE80002FFBF8FF0015FDF9FF7F
:20D71400FE01002BFE07004CFBFDFFFDF8FFFE00002BFE07004CFBFEFF00140002FFFC35D7
:20D73400FFFC14000CFFF90DFFF900429604140002FFFC3AFFFC15FDFDFFFE80002FFBF9EC
:20D75400FF0015FDFEFFFE80002FFBF8FF0015FDF9FFFE00002BFE07004CFBFDFFFDF8FF99
:20D77400FE0C002BFE07004CFBFEFF00140002FFFC35FFFC6608087EFE06140006FFF914B8
:20D794000002FFFA15FE0200FBFBFF000DFFF90049F30B09580115FD5A00FF012BFB5A00D6
:20D7B4000066040A7D9D06140002FFFC3AFFFC15FDFDFFFE80002FFBF9FF0015FDFEFFFEC0
:20D7D40080002FFBF8FF0015FDF9FFFE01002BFE07004CFBFDFFFDF8FFFE00002BFE0700F6
:0FD7F4004CFBFEFF00140002FFFC35FFFC0000A1
:2091DD001207190000FFFC1A0051F00000FFFC010953D61A0051FC00000011060953D566A7
:2091FD00040A7A31061400000011140000FFFC3AFFFC140004FFF93AFFF915FDFEFFFDFBE1
:20921D00FF02001A0153D50000FFFF0115FD1000FE010001001A0153920000FFFF0615FDB6
:20923D001000FE030001001A01534F0000FFFF0615FD1000FE050001001A01530C0000FF9F
:20925D00FF0615FD1000FE070001001A0152C90000FFFF0615FD1000FE090001001A0152F3
:20927D00860000FFFF060952C615FD1000FF012BFB100000140003FFFC840002FFFC3F04F8
:20929D0004FFFC15FE0000FBFDFF00140003FFFC75FFFC15FE001FFBFDFFFE0005FBFEFF02
:2092BD0000140003FFFC35FFFC09530915FD1000FF012BFB100000140003FFFC840002FFFB
:2092DD00FC3F0404FFFC15FE0000FBFDFF00140003FFFC75FFFC15FE0019FBFDFFFE000680
:2092FD00FBFEFF00140003FFFC35FFFC09534C15FD1000FF012BFB100000140003FFFC8481
:20931D000002FFFC3F0404FFFC15FE0000FBFDFF00140003FFFC75FFFC15FE0018FBFDFF43
:20933D00FE0008FBFEFF00140003FFFC35FFFC09538F15FD1000FF012BFB10000014000376
:20935D00FFFC840002FFFC3F0404FFFC15FE0000FBFDFF00140003FFFC75FFFC15FE00167D
:20937D00FBFDFFFE0007FBFEFF00140003FFFC35FFFC0953D215FD1000FF012BFB10000014
:20939D00140003FFFC840002FFFC3F0404FFFC15FE0000FBFDFF00140003FFFC75FFFC153A
:1A93BD00FE0016FBFDFFFE0005FBFEFF00140003FFFC35FFFC0953D500001D
:205096001207190000FFFC1A0050A90000FFFC0109530B1A0050B5000000110109530A665A
:2050B600040A7A31061400010011140000FFFC3AFFFC140003FFF93AFFF915FDFEFFFDFB69
:2050D600FF02001A01530A0000FFFF011A0052BF000000100115FD1000FE020001001A01C8
:2050F60052740000FFFF0615FD1000FE040001001A0152290000FFFF0615FD1000FE0600EB
:2051160001001A0151DE0000FFFF0615FD1000FE080001001A0151930000FFFF0615FD10DC
:2051360000FE0A0001001A0151480000FFFF0609519015FD1000FF012BFB1000001400043E
:20515600FFFC31FFFC140004FFFC840002FFFC3F0404FFFC15FE0000FBFDFF00140004FF1B
:20517600FC75FFFC15FE0028FBFDFFFE0005FBFEFF00140004FFFC35FFFC0951DB15FD10E6
:2051960000FF012BFB100000140004FFFC31FFFC140004FFFC840002FFFC3F0404FFFC1599
:2051B600FE0000FBFDFF00140004FFFC75FFFC15FE001DFBFDFFFE0004FBFEFF0014000428
:2051D600FFFC35FFFC09522615FD1000FF012BFB100000140004FFFC31FFFC140004FFFC63
:2051F600840002FFFC3F0404FFFC15FE0000FBFDFF00140004FFFC75FFFC15FE001BFBFD23
:20521600FFFE0008FBFEFF00140004FFFC35FFFC09527115FD1000FF012BFB100000140000
:2052360004FFFC31FFFC140004FFFC840002FFFC3F0404FFFC15FE0000FBFDFF0014000435
:20525600FFFC75FFFC15FE0018FBFDFFFE0004FBFEFF00140004FFFC35FFFC0952BC15FD45
:205276001000FF012BFB100000140004FFFC31FFFC140004FFFC840002FFFC3F0404FFFCBD
:2052960015FE0000FBFDFF00140004FFFC75FFFC15FE0013FBFDFFFE0005FBFEFF0014003F
:2052B60004FFFC35FFFC09530715FD1000FF012BFB100000140004FFFC31FFFC140004FF98
:2052D600FC840002FFFC3F0404FFFC15FE0000FBFDFF00140004FFFC75FFFC15FE0013FB4B
:1652F600FDFFFE0007FBFEFF00140004FFFC35FFFC09530A000000
:20D803001208190000FFFC1A0058160002FFFC010959511A0058220000005B0609595015E2
:20D82300FD5C00FE010002001A0158F90000FFFF06140000005B66040A7D9D06140005FF00
:20D84300FC3AFFFC15FDFDFFFE80002FFBF9FF0015FDFEFFFE80002FFBF8FF0015FDF9FF2E
:20D86300FE01002BFE07004CFBFDFFFDF8FFFE00002BFE07004CFBFEFF00140005FFFC3584
:20D88300FFFC14000CFFF90DFFF900429604140005FFFC3AFFFC15FDFDFFFE80002FFBF999
:20D8A300FF0015FDFEFFFE80002FFBF8FF0015FDF9FFFE00002BFE07004CFBFDFFFDF8FF49
:20D8C300FE0D002BFE07004CFBFEFF00140005FFFC35FFFC6608087EFE06140006FFF91464
:20D8E3000002FFFA15FE0200FBFBFF000DFFF90049F30B09595015FD5C00FF012BFB5C0032
:20D903000066040A7D9D06140005FFFC3AFFFC15FDFDFFFE80002FFBF9FF0015FDFEFFFE6C
:20D9230080002FFBF8FF0015FDF9FFFE01002BFE07004CFBFDFFFDF8FFFE00002BFE0700A5
:0FD943004CFBFEFF00140005FFFC35FFFC00004D
:020000040004F6
:20413900120415FE0000FE00004DFBFDFFFE0000FE00004DFBFEFF00140001FFFF14000291
:20415900FFFC30FFFC1809413B00120415FD0500FE030025001A01417A0000FFFF01094111
:204179008E15FD0500FE03002FFBFDFF00140003FFFC75FFFC140003FFFC74FFFC180941F5
:204199006500120415FE0009FE00004DFBFDFFFE8000FE00004DFBFEFF00140001FFFF1445
:2041B9000003FFFC30FFFC140006FFFC33FFFC1809419D00120415FD0500FE030025001A0E
:2041D9000141E40000FFFF010941F815FD0500FE03002FFBFDFF00140003FFFC75FFFC148B
:0C41F9000003FFFC74FFFC180941CF001C
:020000040003F7
:20D9520012041A005A3B0000000D0115FD0D00FE010001001A015A040000FFFF0615FD0D27
:20D9720000FE020001001A0159840000FFFF060959B815FD0300FE040004001A0159B3003C
:20D9920000FFFF0615FD0300FE050004001A0159AB0000FFFF060959B014000500030959A2
:20D9B200B8140005000315FD0D00FE030001001A0159E70000FFFF0615FD0300FE060004E4
:20D9D200001A0159DF0000FFFF060959E41400060003095A0115FD0300FE050004001A01E0
:20D9F20059FC0000FFFF06095A011400060003095A3815FD0300FE030004001A015A3300DE
:20DA120000FFFF0615FD0300FE040004001A015A2B0000FFFF06095A301400040003095A20
:20DA3200381400040003095A6F15FD0300FE020004001A015A6A0000FFFF0615FD0300FEA0
:20DA5200030004001A015A620000FFFF06095A671400030003095A6F140003000315FD03ED
:20DA720000FBFDFF00140007FFFC75FFFC140007FFFC74FFFC180959540012041A005B75C4
:20DA92000000000D0115FD0D00FE010001001A015B3E0000FFFF0615FD0D00FE020001006F
:20DAB2001A015ABE0000FFFF06095AF215FD0300FE040004001A015AED0000FFFF0615FD35
:20DAD2000300FE050004001A015AE50000FFFF06095AEA1400050003095AF21400050003F2
:20DAF20015FD0D00FE030001001A015B210000FFFF0615FD0300FE060004001A015B1900AC
:20DB120000FFFF06095B1E1400060003095B3B15FD0300FE050004001A015B360000FFFFEB
:20DB320006095B3B1400060003095B7215FD0300FE030004001A015B6D0000FFFF0615FD28
:20DB52000300FE040004001A015B650000FFFF06095B6A1400040003095B721400040003F1
:20DB7200095BA915FD0300FE020004001A015BA40000FFFF0615FD0300FE030004001A011A
:20DB92005B9C0000FFFF06095BA11400030003095BA9140003000315FD0300FBFDFF001412
:14DBB2000001FFFC75FFFC140001FFFC74FFFC18095A8E006B
:2093D7001206190000FFFC1A0053EA0000FFFC010955E2140002FFFC3F0800FFFC1400034D
:2093F700FFFC31FFFC660802770A061400010007140002FFFC3D01FFFC15FD0600FF012B8F
:20941700FB060000140002FFFC3AFFFC15FDFDFFFE10002FFBFBFF0015FDFEFFFE10002F62
:20943700FBFAFF0015FDFBFFFE00002BFE04004CFBFDFFFDFAFFFEF6FF2BFE04004CFBFE4C
:20945700FF00140002FFFC35FFFC1818140002FFFC3AFFFC15FDFDFFFE10002FFBFBFF00FF
:2094770015FDFEFFFE10002FFBFAFF0015FDFBFFFE00002BFE04004CFBFDFFFDFAFFFEFB2C
:20949700FF2BFE04004CFBFEFF00140002FFFC35FFFC181818140002FFFC3AFFFC15FDFD67
:2094B700FFFE10002FFBFBFF0015FDFEFFFE10002FFBFAFF0015FDFBFFFE00002BFE0400ED
:2094D7004CFBFDFFFDFAFFFEFDFF2BFE04004CFBFEFF00140002FFFC35FFFC18181818141C
:2094F7000002FFFC3AFFFC15FDFDFFFE10002FFBFBFF0015FDFEFFFE10002FFBFAFF00158E
:20951700FDFBFFFE00002BFE04004CFBFDFFFDFAFFFE00002BFE04004CFBFEFF0014000254
:20953700FFFC35FFFC14000EFFFB0DFFFB00429604140002FFFC3AFFFC15FDFDFFFE100088
:209557002FFBFBFF0015FDFEFFFE10002FFBFAFF0015FDFBFFFE00002BFE04004CFBFDFF16
:20957700FDFAFFFE03002BFE04004CFBFEFF00140002FFFC35FFFC181818140002FFFC3A98
:20959700FFFC15FDFDFFFE10002FFBFBFF0015FDFEFFFE10002FFBFAFF0015FDFBFFFE002F
:2095B700002BFE04004CFBFDFFFDFAFFFE05002BFE04004CFBFEFF00140002FFFC35FFFC79
:0C95D7001818140002FFFC33FFFC000019
:020000040004F6
:201A94001205140003FFFC3AFFFC15FDFDFFFE80002FFBFBFF0015FDFBFFFE07004CFE00C9
:201AB400004DFBFDFFFE8000FE00004DFBFEFF00140000FFFF140003FFFC30FFFC1400F0BA
:201AD400FFFB0DFFFB00429604140003FFFC3AFFFC15FDFDFFFE80002FFBFBFF0015FDFB11
:201AF400FFFE07004CFE00004DFBFDFFFE0000FE00004DFBFEFF00140000FFFF140003FFD7
:111B1400FC30FFFC140003FFFC33FFFC18095A960048
:020000040003F7
:20DBC60012041A005CAF0000000D0115FD0D00FE010001001A015C780000FFFF0615FD0DC5
:20DBE60000FE020001001A015BF80000FFFF06095C2C15FD0300FE040004001A015C270062
:20DC060000FFFF0615FD0300FE050004001A015C1F0000FFFF06095C241400050003095C3A
:20DC26002C140005000315FD0D00FE030001001A015C5B0000FFFF0615FD0300FE06000482
:20DC4600001A015C530000FFFF06095C581400060003095C7515FD0300FE050004001A0105
:20DC66005C700000FFFF06095C751400060003095CAC15FD0300FE030004001A015CA7008E
:20DC860000FFFF0615FD0300FE040004001A015C9F0000FFFF06095CA41400040003095CBC
:20DCA600AC1400040003095CE315FD0300FE020004001A015CDE0000FFFF0615FD0300FECA
:20DCC600030004001A015CD60000FFFF06095CDB1400030003095CE3140003000315FD0315
:1ADCE60000FBFDFF00140001FFFC75FFFC140001FFFC74FFFC18095BC800EA
:020000040004F6
:201B25001204190000FFFC1A005B380002FFFC01095BC566040A7D9D0615FD6100FF012D6E
:201B4500FB61000015FD6100FE010002001A015B5E0000FFFF06095BC4140004FFFC74FF2A
:201B6500FC15FF00F86997C60015FF00F8699BC60015FF00F8699CC60015FF00F8699DC60D
:201B85000015FF00F8699EC60015FF00F869A5C600140004FFFC3AFFFC15FDFDFFFDFEFF37
:201BA500FE4000FE01000080FFFC020204140004FFFC3F0800FFFC140004FFFC33FFFC00CA
:201BC500001208181818181A005BD80000006201095C9515FE0800FBF8FF00140000FFFCC0
:201BE5003AFFFC140004FFF93AFFF915FDFAFFFE070052FDFDFFFE0700522DFDFAFFFE078F
:201C05000052FDFDFFFE0700522D2AFDFBFFFE070052FDFEFFFE0700522DFDFBFFFE0700FE
:201C250052FDFEFFFE0700522D2A2BFDF8FFFDF8FF2A02001A015C950000FFFF011814002F
:201C450004FFFC3F0200FFFC1400010062140004FFFC840002FFFC3F0404FFFC66080A7C03
:201C6500BF06140006FFF9140002FFFA15FE0200FBFBFF000DFFF90049F30B140004FFFC10
:201C85003F0808FFFC140004FFFC74FFFC095C9518095BC8001205140002FFFC3AFFFC15C3
:201CA500FDFDFFFE80002FFBFBFF0015FDFBFFFE07004CFE00004DFBFDFFFE8000FE000069
:201CC5004DFBFEFF00140000FFFF140002FFFC30FFFC1400F0FFFB0DFFFB00429604140077
:201CE50002FFFC3AFFFC15FDFDFFFE80002FFBFBFF0015FDFBFFFE07004CFE00004DFBFD5D
:201D0500FFFE0000FE00004DFBFEFF00140000FFFF140002FFFC30FFFC140002FFFC33FFED
:201D2500FC18095C9C001204190000FFFC1A005D3E0002FFFC01095DCB66040A7D9D0615D2
:201D4500FD6300FF012DFB63000015FD6300FE010002001A015D640000FFFF06095DCA14F9
:201D65000005FFFC74FFFC15FF00F86997C60015FF00F8699BC60015FF00F8699CC600155B
:201D8500FF00F8699DC60015FF00F8699EC60015FF00F869A5C600140005FFFC3AFFFC1564
:201DA500FDFDFFFDFEFFFE4000FE01000080FFFC020204140005FFFC3F0800FFFC140005FC
:201DC500FFFC33FFFC00001208181818181A005DDE0000006401095E9B15FE0800FBF8FF92
:201DE50000140000FFFC3AFFFC140005FFF93AFFF915FDFAFFFE070052FDFDFFFE070052A5
:201E05002DFDFAFFFE070052FDFDFFFE0700522D2AFDFBFFFE070052FDFEFFFE0700522DD0
:201E2500FDFBFFFE070052FDFEFFFE0700522D2A2BFDF8FFFDF8FF2A02001A015E9B000054
:201E4500FFFF0118140005FFFC3F0200FFFC1400010064140005FFFC840002FFFC3F0404C1
:201E6500FFFC66080A7CBF06140006FFF9140002FFFA15FE0200FBFBFF000DFFF90049F33D
:201E85000B140005FFFC3F0808FFFC140005FFFC74FFFC095E9B18095DCE001204190000D4
:201EA500FFFC1A005EB30002FFFC01095F4066040A7D9D0615FD6500FF012DFB65000015A4
:201EC500FD6500FE010002001A015ED90000FFFF06095F3F140006FFFC74FFFC15FF00F80D
:201EE5006997C60015FF00F8699BC60015FF00F8699CC60015FF00F8699DC60015FF00F886
:201F0500699EC60015FF00F869A5C600140006FFFC3AFFFC15FDFDFFFDFEFFFE4000FE0180
:201F2500000080FFFC020204140006FFFC3F0800FFFC140006FFFC33FFFC00001208181835
:201F450018181A005F53000000660109601015FE0800FBF8FF00140000FFFC3AFFFC14003B
:201F650006FFF93AFFF915FDFAFFFE070052FDFDFFFE0700522DFDFAFFFE070052FDFDFF07
:201F8500FE0700522D2AFDFBFFFE070052FDFEFFFE0700522DFDFBFFFE070052FDFEFFFE7C
:201FA5000700522D2A2BFDF8FFFDF8FF2A02001A0160100000FFFF0118140006FFFC3F0235
:201FC50000FFFC1400010066140006FFFC840002FFFC3F0404FFFC66080A7CBF06140006DB
:201FE500FFF9140002FFFA15FE0200FBFBFF000DFFF90049F30B140006FFFC3F0808FFFC20
:20200500140006FFFC74FFFC09601018095F43001204190000FFFC1A0060280002FFFC0131
:202025000960B566040A7D9D0615FD6700FF012DFB67000015FD6700FE010002001A0160EC
:202045004E0000FFFF060960B4140007FFFC74FFFC15FF00F86997C60015FF00F8699BC6DF
:202065000015FF00F8699CC60015FF00F8699DC60015FF00F8699EC60015FF00F869A5C6F3
:2020850000140007FFFC3AFFFC15FDFDFFFDFEFFFE4000FE01000080FFFC0202041400070D
:2020A500FFFC3F0800FFFC140007FFFC33FFFC00001208181818181A0060C8000000680175
:2020C50009618515FE0800FBF8FF00140000FFFC3AFFFC140007FFF93AFFF915FDFAFFFE6D
:2020E500070052FDFDFFFE0700522DFDFAFFFE070052FDFDFFFE0700522D2AFDFBFFFE0715
:202105000052FDFEFFFE0700522DFDFBFFFE070052FDFEFFFE0700522D2A2BFDF8FFFDF8E0
:20212500FF2A02001A0161850000FFFF0118140007FFFC3F0200FFFC14000100681400076D
:20214500FFFC840002FFFC3F0404FFFC66080A7CBF06140006FFF9140002FFFA15FE0200CD
:20216500FBFBFF000DFFF90049F30B140007FFFC3F0808FFFC140007FFFC74FFFC09618545
:05218500180960B8001C
:020000040003F7
:20DD000012041A005DE90000000D0115FD0D00FE010001001A015DB20000FFFF0615FD0D13
:20DD200000FE020001001A015D320000FFFF06095D6615FD0300FE040004001A015D610074
:20DD400000FFFF0615FD0300FE050004001A015D590000FFFF06095D5E1400050003095D88
:20DD600066140005000315FD0D00FE030001001A015D950000FFFF0615FD0300FE060004D2
:20DD8000001A015D8D0000FFFF06095D921400060003095DAF15FD0300FE050004001A0119
:20DDA0005DAA0000FFFF06095DAF1400060003095DE615FD0300FE030004001A015DE10067
:20DDC00000FFFF0615FD0300FE040004001A015DD90000FFFF06095DDE1400040003095D0A
:20DDE000E61400040003095E1D15FD0300FE020004001A015E180000FFFF0615FD0300FEDD
:20DE0000030004001A015E100000FFFF06095E151400030003095E1D140003000315FD0325
:1ADE200000FBFDFF00140001FFFC75FFFC140001FFFC74FFFC18095D020072
:020000040004F6
:20218A001204190000FFFC1A00619D0002FFFC0109622A66040A7D9D0615FD6900FF012D24
:2021AA00FB69000015FD6900FE010002001A0161C30000FFFF06096229140008FFFC74FFD4
:2021CA00FC15FF00F86997C60015FF00F8699BC60015FF00F8699CC60015FF00F8699DC6A2
:2021EA000015FF00F8699EC60015FF00F869A5C600140008FFFC3AFFFC15FDFDFFFDFEFFC8
:20220A00FE4000FE01000080FFFC020204140008FFFC3F0800FFFC140008FFFC33FFFC0056
:20222A00001208181818181A00623D0000006A010962FA15FE0800FBF8FF00140000FFFC75
:20224A003AFFFC140008FFF93AFFF915FDFAFFFE070052FDFDFFFE0700522DFDFAFFFE071F
:20226A000052FDFDFFFE0700522D2AFDFBFFFE070052FDFEFFFE0700522DFDFBFFFE070093
:20228A0052FDFEFFFE0700522D2A2BFDF8FFFDF8FF2A02001A0162FA0000FFFF0118140059
:2022AA0008FFFC3F0200FFFC140001006A140008FFFC840002FFFC3F0404FFFC66080A7C88
:2022CA00BF06140006FFF9140002FFFA15FE0200FBFBFF000DFFF90049F30B140008FFFCA1
:2022EA003F0808FFFC140008FFFC74FFFC0962FA1809622D001204190000FFFC1A00631236
:20230A000002FFFC0109639F66040A7D9D0615FD6B00FF012DFB6B000015FD6B00FE01008A
:20232A0002001A0163380000FFFF0609639E140009FFFC74FFFC15FF00F86997C60015FF60
:20234A0000F8699BC60015FF00F8699CC60015FF00F8699DC60015FF00F8699EC60015FF15
:20236A0000F869A5C600140009FFFC3AFFFC15FDFDFFFDFEFFFE4000FE01000080FFFC0278
:20238A000204140009FFFC3F0800FFFC140009FFFC33FFFC00001208181818181A0063B2E4
:2023AA000000006C0109646F15FE0800FBF8FF00140000FFFC3AFFFC140009FFF93AFFF932
:2023CA0015FDFAFFFE070052FDFDFFFE0700522DFDFAFFFE070052FDFDFFFE0700522D2A20
:2023EA00FDFBFFFE070052FDFEFFFE0700522DFDFBFFFE070052FDFEFFFE0700522D2A2BE6
:20240A00FDF8FFFDF8FF2A02001A01646F0000FFFF0118140009FFFC3F0200FFFC14000130
:20242A00006C140009FFFC840002FFFC3F0404FFFC66080A7CBF06140006FFF9140002FF6B
:20244A00FA15FE0200FBFBFF000DFFF90049F30B140009FFFC3F0808FFFC140009FFFC7434
:20246A00FFFC09646F180963A2001204190000FFFC1A0064870002FFFC0109651466040A32
:20248A007D9D0615FD6D00FF012DFB6D000015FD6D00FE010002001A0164AD0000FFFF064E
:2024AA0009651314000AFFFC74FFFC15FF00F86997C60015FF00F8699BC60015FF00F869EC
:2024CA009CC60015FF00F8699DC60015FF00F8699EC60015FF00F869A5C60014000AFFFCE6
:2024EA003AFFFC15FDFDFFFDFEFFFE4000FE01000080FFFC02020414000AFFFC3F0800FF76
:20250A00FC14000AFFFC33FFFC00001208181818181A0065270000006E010965E415FE0872
:20252A0000FBF8FF00140000FFFC3AFFFC14000AFFF93AFFF915FDFAFFFE070052FDFDFFB8
:20254A00FE0700522DFDFAFFFE070052FDFDFFFE0700522D2AFDFBFFFE070052FDFEFFFEB3
:20256A000700522DFDFBFFFE070052FDFEFFFE0700522D2A2BFDF8FFFDF8FF2A02001A017B
:20258A0065E40000FFFF011814000AFFFC3F0200FFFC140001006E14000AFFFC840002FF5B
:2025AA00FC3F0404FFFC66080A7CBF06140006FFF9140002FFFA15FE0200FBFBFF000DFFE3
:2025CA00F90049F30B14000AFFFC3F0808FFFC14000AFFFC74FFFC0965E4180965170000D7
:2025EA0001020304050607FFFFFFFFF8F8E0E0C0C0C3C38585B8B8EFC1FFC1FFE33F3F1F9A
:20260A001F1F1F9F9F81819999898989898585C0C0E0E0F8F8FFFF81818181818183830772
:20262A00077F7F7F7FFFFFFFFFFFFFF8F8E0E0C0C0C3C38585B8B8EFC1FFC1FFE33F3F1F74
:20264A001F1F1F9F9F81819999898989898585C0C0E0E0F8F8FFFF8181818181818181033A
:0F266A000307071F1FFFFF013FE9650000F16530
:020000040003F7
:2095E300000000000000000000000000000000000000000000000000000000000000000068
:20960300000000000000000000000000000000000000000000000000000000000000000047
:20962300000000000000000000000000000000000000000000000000000000000000000027
:20964300000000000000000000000000000000000000000000000000000000000000000007
:209663000000000000000000000000000000000000000000000000000000000000000000E7
:209683000000000000000000000000000000000000000000000000000000000000000000C7
:2096A3000000000000000000000000000000000000000000000000000000000000000000A7
:2096C300000000000000000000000000000000000000000000000000000000000000000087
:2096E300000000000000000000000000000000000000000000000000000000000000000067
:20970300000000000000000000000000000000000000000000000000000000000000000046
:20972300000000000000000000000000000000000000000000000000000000000000000026
:20974300000000000000000000000000000000000000000000000000000000000000000006
:209763000000000000000000000000000000000000000000000000000000000000000000E6
:209783000000000000000000000000000000000000000000000000000000000000000000C6
:2097A3000000000000000000000000000000000000000000000000000000000000000000A6
:2097C300000000000000000000000000000000000000000000000000000000000000000086
:2097E300000000000000000000000000000001020000000000000000000000000000000063
:2098030000000304000000000000000000000000000000000000000000000000000000003E
:20982300000000000000000000000000000000000000000000000000000000000000000025
:20984300000000000000000000000000000000000000000000000000000000000000000005
:209863000000000000000000000000000000000000000000000000000000000000000000E5
:209883000000000000000000000000000000000000000000000000000000000000000000C5
:1098A30000000000000000000000000000000000B5
:020000040004F6
:202679000500FFFFFFFFFFFFFFFFFFFFFFFFFFFFFFFFFFFFFDFCFFFCFFFFFFFFFFFFFEFE64
:20269900FCFCFFFFDFCFFFCFFFFFFFFFFFFF3F3F1F1FFCFCFDFDFCE4FEFEFFFEF9F9FBF948
:1226B900FCFC9F9F878787870F0FFF1F7F1F1F1FFFFFA7
:0E42050014121079660000000E4B570EE355A0
:020000040003F7
:20530C00000000000000000000000000000000000000000000000000000000000000000081
:20532C00000000000000000000000000000000000000000000000000000000000000000061
:20534C00000000000000000000000000000000000000000000000000000000000000000041
:20536C00000000000000000000000000000000000000000000000000000000000000000021
:20538C00000000000000000000000000000000000000000000000000000000000000000001
:2053AC000000000000000000000000000000000000000000000000000000000000000000E1
:2053CC000000000000000000000000000000000000000000000000000000000000000000C1
:2053EC000000000000000000000000000000000000000000000000000000000000000000A1
:20540C00000000000000000000000000000000000000000000000000000000000000000080
:20542C00000000000000000000000000000000000000000000000000000000000000000060
:20544C00000000000000000000000000000000000000000000000000000000000000000040
:20546C00000000000000000000000000000000000000000000000000000000000000000020
:20548C00000000000000000000000000000000000000000000000000000000000000000000
:2054AC000000000000000000000000000000000000000000000000000000000000000000E0
:2054CC000000000000000000000000000000000000000000000000000000000000000000C0
:2054EC000000000000000000000000000000000000000000000000000000000000000000A0
:20550C0000000000000000000000000000000000000000000000000000000000000000007F
:20552C0000000000000000000000000000000000000000000000000000000000000000005F
:20554C0000000000000000000000000000000000000000000000000000000000000000003F
:20556C0000000000000000000000000000000000000000000000000000000000000000001F
:20558C000000000000000000000000000000000000000000000000000000000000000000FF
:2055AC000000000000000000000000000000000000000000000000000000000000000000DF
:2055CC000000000000000000000000000000000000000000000000000000000000000000BF
:2055EC0000000000000000000000000000000000000000000000000000000000000000009F
:20560C0000000000000000000000000000000000000000000000000000000000000000007E
:20562C0000000000000000000000000000000000000000000000000000000000000000005E
:20564C0000000000000000000000000000000000000000000000000000000000000000003E
:20566C0000000000000000000000000000000000000000000000000000000000000000001E
:20568C000000000000000000000000000000000000000000000000000000000000000000FE
:2056AC000000000000000000000000000000000000000000000000000000000000000000DE
:2056CC000000000000000000000000000000000000000000000000000000000000000000BE
:2056EC0000000000000000000000000000000000000000000000000000000000000000009E
:20570C0000000000000000000000000000000000000000000000000000000000000000007D
:20572C0000000000000000000000000000000000000000000000000000000000000000005D
:20574C0000000000000000000000000000000000000000000000000000000000000000003D
:20576C0000000000000000000000000000000000000000000000000000000000000000001D
:20578C000000000000000000000000000000000000000000000000000000000000000000FD
:2057AC000000000000000000000000000000000000000000000000000000000000000000DD
:2057CC000000000000000000000000000000000000000000000000000000000000000000BD
:2057EC0000000000000000000000000000000000000000000000000000000000000000009D
:20580C0000000000000000000000000000000000000000000000000000000000000000007C
:20582C0000000000000000000000000000000000000000000000000000000000000000005C
:20584C00000000000000000000000000000000000102010201020102010201020102010224
:20586C000102010200000000000000000000000000000000000000000304030403040304FA
:20588C000304030403040304030403040000000000000000000000000000000000000000D2
:020000040004F6
:2026CB00050000000000000000000000000000000000FFFFFF00FF00FF00FF00FF00FF00F2
:2026EB00F111FFFFFF00FF00FF00FF00FF00FF00FF00FF1F1F1FF0FFF0FF00FF00FF00FF9F
:12270B0000FFFF00FF011F11F1F1FFFF0FFF00FF00FFA2
:0E421300281210CB660000000DDC550D0C5378
:020000040002F8
:206BCE000000000000000000000000000000000000000000000000000000000000000000A7
:206BEE00000000000000000000000000000000000000000000000000000000000000000087
:206C0E00000000000000000000000000000000000000000000000000000000000000000066
:206C2E00000000000000000000000000000000000000000000000000000000000000000046
:206C4E00000000000000000000000000000000000000000000000000000000000000000026
:206C6E00000000000000000000000000000000000101000000000000000000000000000004
:206C8E000000000000000000000001010000000000000000000000000000000000000000E4
:206CAE000000000000000000000000000000000000000000000000000000000000000000C6
:206CCE000100000000000000000000000000000000000000000000000000010100000000A3
:206CEE00000000000000000000000000000000000000000000000000000000000000000086
:206D0E00000000000000000000000000000000000000000000000000000000000000000065
:206D2E00000000000000000000000000000000000000000000000000000000000000000045
:206D4E00000000000000000000000101000000000000000000000000000000000000000023
:206D6E00000000000000000000000000000000000000000000000000000000000000000005
:206D8E000000000000000000000000000000000000000000000000000000010000000000E4
:206DAE000000000000000000000000000000000000000000000000000000000000000000C5
:206DCE000000000000000000000000000000000000000000000000000000000000000000A5
:206DEE00000000000000000000000000010100000000000000000000000000000000000083
:206E0E00000000000000000000000000000000000000000000000000000000000000000064
:206E2E00000000000000000000000000000000000000000000000000000000000100000043
:206E4E00000000000000000000000000000001000000000000000000000000000000000023
:206E6E00000000000000000000000000000000000000000000000000000000000000000004
:206E8E000000000000000000000000000000000000000000000000000000000000000101E2
:206EAE000000000000000000000000000000000000000000000000000000000000000000C4
:206ECE000000000000000000000000000000000000000000000000000000000000000000A4
:206EEE00000000000000000000000000000000000000000000000000000000000000000084
:206F0E00000000000000000000000000000000000000000000000000000000000000000063
:206F2E00000000000000010100000000000000000000000000000000000000000000000041
:206F4E00000000000000000000000000000000000000000000000000000000000000000023
:206F6E00000000000000000000000000000000000000000000000101000000000000000001
:206F8E000000000001000000000000000000000000000000000000000000000000000000E2
:206FAE000000000000000000000000000000000000000000000000000000000000000000C3
:206FCE000000010000000000000000000000000000000000010100000000000000000000A0
:206FEE00000000000000000000000000000000000000000000000000000000000000000083
:20700E00000000000000000000000000000000000000010100000000000000000000000060
:20702E0000000000000000000000000000000000000000000000010101000000000000003F
:20704E00000000000000000000000000000000000000000000000000000000000000000022
:20706E00000000000000000000000000000000000000000000000000000000000000000002
:20708E000000000000000101010100000000000000000000000000000000000000000000DE
:2070AE000000000000000000000000000000000000000000000000000000000000000000C2
:2070CE000000000000000000000000000000000000000000000000000000000000000000A2
:2070EE00000000000000000000000000000000000000000000000000000000000000000082
:20710E00000000000000000000000000000000000000000000000000000000000000000061
:20712E00000000000000000000000000000000000000000000000000000000000000000041
:20714E00000000000000000000000000000000000000000000000000000000000000000021
:208A71000001000100010001000100010001000100010002030303030303030304010001BC
:208A910000020303030303030303030303030303030303030303040100020303030303036E
:208AB10003030303030304010001000100010001050605060506070807080708070807081E
:208AD1000708090A03030303030303030B060506090A0303030303030303030303030303F2
:208AF1000303030303030B06050C0303030303030303030303030D0E0506050605060506C6
:208B110000010F1000020303030303030303030311120303030303030303030304010002BC
:208B3100130303030303030303031415030303030303030303030401000203030303030396
:208B51000303030303030303040100010F100F1005061617090A030303030303030303033F
:208B71001803030303030303030303030B06050C13030303030303030303191A030303031C
:208B91000303030303030B06050C03030303030303030303030303030D0E1B1C16171617BA
:208BB100000100020303030303030303030303030303030303030303030303030401000252
:208BD10013030303030303031D1E1F2021220303030303030303040100020303030303036E
:208BF100030303030303030303031112040100011B1C090A030303030303030303030303AF
:208C11000303030303030303030303030B06050C13030303030303032324252627280303EE
:208C31000303030303030B06050C0303030303030303030303030303030318030D0E05067E
:208C51000303030303030303030303030303030303030303030303030303030304010002A8
:208C7100130303030303030304010001000203030303030303030401000203030303030382
:208C9100030303030303030303030303111204010303030303030303030303030303030347
:208CB1000303030303030303030303030B06050C13030303030303030D0E0506050C0303F8
:208CD1000303030303030B06050C03030303030303030303030303030303030318030B06ED
:208CF1000303030303030303030303030303290303030303030303030303030304010F10C5
:208D11002122030303030303032A0401000203030303030303030401000203030303030388
:208D31000303030303030303030303030303040103030303030303030303030303032B2C72
:208D51000303030303030303030303030B0616172728030303030303032A0B06050C0303EA
:208D71000303030303030B06050C03030303030303030303030303030303030303030B0661
:208D9100030303030303030303031D1E1F201F201F2021220303030303030303040100014B
:208DB1000002030303030303032A0401000203030303030303030401000203030303030329
:208DD100030303030303141503030303030304010303030303030303030323242526252635
:208DF1002526272803030303030303030D0E1B1C090A030303030303032A0B06050C0303E4
:208E11000303030303030D0E090A030303030303030303030303191A0303030303030B0687
:208E310003030303290303031D1E000100010F100F10000203030303030303030303030342
:208E51000303030303030303032A040100020303030303030303030303030303030303037F
:208E7100030329031D1E21220303030303030401030303032B2C0303232405060506161727
:208E91001617050C0303030303030303030303030303030303030303032A0B06050C0303F2
:208EB1000303030303030303030303030303030303032B2C232427280303030303030B065B
:208ED1001F201F201F201F20000100010F100F1000010002030314152903030303030303D5
:208EF10003030303030303031D1E00010002030303030303030303030303030303030303D5
:208F11001D1E1F200001000203030303030304012526252625262526050605061617161710
:208F31000506050C0303191A2B2C030303030303030303030303030323240506050C0303E1
:208F510003030303030303030303030303030303232425260506050C0303030303030B06FF
:208F710000010001000100010001000100010001000100011F201F201F201F201F201F205C
:208F91001F201F201F201F2000010F100002030303031D1E1F201F201F202122030303034F
:208FB100040100010001000203030303030304010506050605060506050605060506050628
:208FD10005060506252625262526252625262526252625262526252605061617050C2D2DD9
:208FF1002D2D232425262526252627282D2D2D2D0B0605060506050C0303030303030B0680
:20CB22002E00F08FF00FF80FF81F3FF88FF00EF103FF3CE360FF03FF03FF07F8C7F8C1FF72
:20CB42007C8321FF61FF01FF06F90CF3C0FFC3FF7B87FFFFFFFFFFFFFFFFFFFFFFFFFFFFE1
:20CB6200FFFFF0CF708F788F789FFFF8FFF0CEF183FF00FF00FF00FF19E739C73CCF0CFF9F
:20CB820010FFFC03F807F00F0EFF1EFF1CFF00FF0EF100FF00FF00FF19E739C73FCF6FFFCB
:20CBA200E6FFFC03F807F00F0EFF1EFF3CFFF4FF71FF00FF00FF00FF19E739C73CCFCCFFF6
:20CBC200DCFFFF07F70FE11F01FF01FF63FF7FFFFFFF80FF80FF81FFF1FFE0FFC0FFC0FFC3
:20CBE200C0FFFF07F70FE11F01FF01FF03FF07FF03FF80FF80FFF1FFE1FFC0FFC6FFFFFF0E
:20CC0200FFFFFC03F807F00F0EFF1EFF1CFFFCFFFFFF00FF00FF00FF0CFF00FFE0FFC0FF34
:20CC220000FF00FF03FF03FF04FF00FF01FF03FF00FFE1FFE0FFF0FFF1F1E1F3E3E3C3C739
:20CC420003CF83FFC7FFFFFF8DDF85CFC1E7E1F1F1FFFFFF7F3F1F0F0703FF03FF0FFF3F4E
:20CC6200FFFFFEFFFCFEF8FCF0F8E0F0C0E080C080C07FFF7F7F3FBF1FDF4FEF67F7D3FB0F
:20CC8200CBFF00FF00FF00FF00FF03FF00FF38FF70FF08FF70FFF0FFE0FF00FF00FF00FFE4
:20CCA20000FF0181008680C781CF83EFC7E7C7FFFFFF80F0C0E6C0E2C0E2E0E2F0F2F0F210
:20CCC200F0F2C3F3070FC7FFC7FFC7FFCFFFCFFFCFFF00FF00FF00FF19E739C73FCF7FFF5F
:20CCE200FFFFFC03F807F00F0EFF1EFF3CFFFCFFFFFFFFFFE5E2E7C0FB84FF8FFCFFF89FCE
:20CD0200609FFFFFC6098C001C80DB24FF3C7EFF3CCFF1FF48315920A641BE43DFE63FFE8F
:20CD220031FF8FFF06093C007C80DB24FF3CFE7FFCCFF0FF48315821A740BF42DFE77EFF5E
:20CD420070FFFFFF07C7C703FF21FF6117F91CFF07F940BF80FF81FFE7F9C3FF80FF87FF7C
:20CD62008EFF38CF18FF9EFFBDFE01FE0EF11EE11EE13DE37CC33BC7C7FF86FF00FF0EFFFA
:20CD82001CFFB8CF18FF1EFF3FF80FF00FF103FF07FF60FFC03FC13F1FE33CC338C719FE08
:20CDA20018FF26F9C2FDF9C7F9877987718F837F03FFFFFFC7FFC7E783EF81CF80C7008637
:20CDC2000181FFFFFEFCF8F0E0C0FFC0FFF0FFFCFFFF03CFC3C7E3E3E1F3F1F1F0FFE0FF02
:20CDE200E1FFF1FFE1F1C1E785CF8DDFFFFFC7FF83FFFFFFFFFFFFE7EFE7EFC3CFC3CF8195
:02CE02008F811E
:020000040004F6
:0E42210050120B224B0000000A714A09CE6BAE
:020000040003F7
:2098B300000000000000000000000000000000000000000000000000000000000000000095
:2098D300000000000000000000000000000000000000000000000000000000000000000075
:2098F300000000000000000000000000000000000000000000000000000000000000000055
:20991300000000000000000000000000000000000000000000000000000000000000000034
:20993300000000000000000000000000000000000000000000000000000000000000000014
:209953000000000000000000000000000000000000000000000000000000000000000000F4
:209973000000000000000000000000000000000000000000000000000000000000000000D4
:209993000000000000000000000000000000000000000000000000000000000000000000B4
:2099B300000000000000000000000000000000000000000000000000000000000000000094
:2099D300000000000000000000000000000000000000000000000000000000000000000074
:2099F300000000000000000000000000000000000000000000000000000000000000000054
:209A1300000000000000000000000000000000000000000000000000000000000000000033
:209A3300000000000000000000000000000000000000000000000000000000000000000013
:209A53000000000000000000000000000000000000000000000000000000000000000000F3
:209A73000000000000000000000000000000000000000000000000000000000000000000D3
:209A93000000000000000000000000000000000000000000000000000000000000000000B3
:209AB300000000000000000000000000000000000000000000000000000000000000000093
:209AD300000000000000000000000000000000000000000000000000000000000000000073
:209AF300000000000000000000000000000000000000000000000000000000000000000053
:209B1300000000000000000000000000000000000000000000000000000000000000000032
:209B3300000000000000000000000000000000000000000000000000000000000000000012
:209B53000000000000000000000000000000000000000000000000000000000000000000F2
:109B730000000000000000000000000000010203DC
:020000040002F8
:20901100040000000000000000000000000000000000FF00FF00FF00FF00FF00FF00FF0042
:20903100FF0000FF00FF00FF00FF00FF00FF00FF00FFFFFFFFFFFFFFFFFFFFFFFFFFFFFF36
:02905100FFFF1F
:020000040004F6
:0E422F0014120A11500000000E1B5A0EB35854
:020000040000FA
:20BBC70000000000000000000000000000000000000000000000000000000000000000005E
:20BBE70000000000000000000000000000000000000000000000000000000000000000003E
:20BC070000000000000000000000000000000000000000000000000000000000000000001D
:20BC27000000000000000000000000000000000000000000000000000000000000000000FD
:20BC47000000000000000000000000000000000000000000000000000000000000000000DD
:20BC67000000000000000000000000000000000000000000000000000000000000000000BD
:20BC870000000000000000000000000000000000000000000000000000000000000000009D
:20BCA70000000000000000000000000000000000000000000000000000000000000000007D
:20BCC70000000000000000000000000000000000000000000000000000000000000000005D
:20BCE70000000000000000000000000000000000000000000000000000000000000000003D
:20BD070000000000000000000000000000000000000000000000000000000000000000001C
:20BD27000000000000000000000000000000000000000000000000000000000000000000FC
:20BD47000000000000000000000000000000000000000000000000000000000000000000DC
:20BD67000000000000000000000000000000000000000000000000000000000000000000BC
:20BD870000000000000000000000000000000000000000000000000000000000000000009C
:20BDA70000000000000000000000000000000000000000000000000000000000000000007C
:20BDC70000000000000000000000000000000000000000000000000000000000000000005C
:20BDE70000000000000000000000000000000000000000000000000000000000000000003C
:20BE070000000000000000000000000000000000000000000000000000000000000000001B
:20BE27000000000000000000000000000000000000000000000000000000000000000000FB
:20BE47000000000000000000000000000000000000000000000000000000000000000000DB
:20BE67000000000000000000000000000000000000000000000000000000000000000000BB
:20BE870000000000000000000000000000000000000000000000000000000000000000009B
:20BEA70000000000000000000000000000000000000000000000000000000000000000007B
:20BEC70000000000000000000000000000000000000000000000000000000000000000005B
:20BEE70000000000000000000000000000000000000000000000000000000000000000003B
:20BF070000000000000000000000000000000000000000000000000000000000000000001A
:20BF27000000000000000000000000000000000000000000000000000000000000000000FA
:20BF47000000000000000000000000000000000000000000000000000000000000000000DA
:20BF67000000000000000000000000000000000000000000000000000000000000000000BA
:20BF870000000000000000000000000000000000000000000000000000000000000000009A
:20BFA70000000000000000000000000000000000000000000000000000000000000000007A
:20BFC70000000000000000000000000000000000000000000000000000000000000000005A
:18BFE70000000000000000000000000000000000000000000000000042
:020000040002F8
:20CE040000000000000000000000000000000000000000000000000000000000000000000E
:20CE24000000000000000000000000000000000000000000000000000000000000000000EE
:20CE44000000000000000000000000000000000000000000000000000000000000000000CE
:20CE64000000000000000000000000000000000000000000000000000000000000000000AE
:20CE840000000000000000000000000000000000000000000000000000000000000000008E
:20CEA40000000000000000000000000000000000000000000000000000000000000000006E
:20CEC40000000000000000000000000000000000000000000000000000000000000000004E
:20CEE40000000000000000000000000000000000000000000000000000000000000000002E
:20CF040000000000000000000000000000000000000000000000000000000000000000000D
:20CF24000000000001020000000000000000000000000000000000000000000000000000EA
:20CF44000000000000000000000000000000000000000000000000000000000000000000CD
:20CF640003040000000000000000000000000000000000000000000000000506070800008C
:20CF84000000000000000000000000000000000000000000000000000000090A090A090A54
:20CFA400000000000000000000000000000000000000000000000B0C0D0E0000000000003B
:20CFC400000000000000000000000000000000000000000000000F100F100F1000000000F0
:20CFE40000000000000000000000000000001112131213121312131213140000000000004F
:20D0040000001112131213121312131213121312131213121312131213121312000000002D
:20D024000000000000000000000015161716171617161716171800000000000000001516B3
:20D044001716171617161716171617161716171617161716171617160000000000000000B0
:20D06400000000000000191A1B1A1B1A1B1A1B1A1B1C0000000000000000191A1B1A1B1AD1
:20D084001B1A1B1A1B1A1B1A1B1A1B1A1B1A1B1A1B1A1B1A0000000000000000000000007A
:20D0A40000001D1E1F1E1F1E1F1E1F1E1F2000000000000000001D1E1F1E1F1E1F1E1F1ECF
:20D0C4001F1E1F1E1F1E1F1E1F1E1F1E1F1E1F1E0000000000000000000011121312191AE9
:20D0E4001B1A1B1A1B1A1B1A1B1C0000000000000000191A1B1A1B1A1B1A1B1A1B1A1B1AB0
:20D104001B1A1B1A1B1A1B1A1B1A1B1A00000000000000000000151617161F1E1F1E1F1EBE
:20D124001F1E1F1E1F2000000000000000001D1E1F1E1F1E1F1E1F1E1F1E1F1E1F1E1F1E0F
:20D144001F1E1F1E1F1E1F1E00000000000000000000191A1B1A1B1A1B1A1B1A1B1A1B1A66
:20D164001B1C0000000000000000191A1B1A1B1A1B1A1B1A1B1A1B1A1B1A1B1A1B1A1B1A2F
:20D184001B1A1B1A000000000000000000001D1E1F1E1F1E1F1E1F1E1F1E1F1E1F202121F7
:20D1A4002121212121211D1E1F1E1F1E1F1E1F1E1F1E1F1E1F1E1F1E1F1E1F1E1F1E1F1E8E
:20D1C40013121312131213121312191A1B1A1B1A1B1A1B1A1B1A1B1A1B1C090A090A090AB1
:20D1E400090A191A1B1A1B1A1B1A1B1A1B1A1B1A1B1A1B1A1B1A1B1A1B1A1B1A171617160F
:20D204001716171617161F1E1F1E1F1E1F1E1F1E1F1E1F1E1F200F100F100F100F101D1EE2
:18D224001F1E1F1E1F1E1F1E1F1E1F1E1F1E1F1E1F1E1F1E1F1E1F1E16
:020000040003F7
:2058AC002200000000000000000000000000000000000000000000000707181F3C233F20B7
:2058CC001F1E000000000000C0C030F07888FC04FE02030307070B0F090F111F111F111F09
:2058EC00111F8EF2C6FAA4BC1818000038387C446C7C000000000000000000000101010180
:20590C00070600000000030307040F089F90FF70FF003030FEDEFF01FF00FF00FF01FF026E
:20592C00FF00000000008080C040E020F090F888F808FFFF808090BFA8BF90BF80BF80BFDB
:20594C0080BFFFFF010309FF15FF09FF01FF01FF01FF0F081F101F103F237F427F603F2000
:20596C001F10FF00FF00FF00FF00FF80FF00FF00FF00FF00FF00FF00FF00FF02FF01FF0375
:20598C00FF00FC04FE06FE02FC04FC04F808FC04FC0C80BF80BF80BF90BFA8BF90BF80FFAF
:2059AC00FFFF01FF01FF01FF09FF15FF09FF01FFFFFF0F0F3F307F407F40FF80FF80FF8033
:2059CC00FF80FFFFFF00FF00FF00FF00FF00FF00FF01FFFFFF00FF00FF00FF00FF00FF004C
:2059EC00FF80F0F0FC0CFE02FE02FF01FF01FF01FF01FFC0FFE0FFF8DFFFC7FFC0FFC0FF7D
:205A0C00C0FFFF03FE07FC1FF8FFE0FF00FF00FF00FFFFC07FE03FF81FFF07FF00FF00FF4F
:205A2C0000FFFF03FF07FF1FFBFFE3FF03FF03FF03FFC0FFC0FFDEFFFFFFFFFFFFFFFFFF00
:205A4C00FFFF00FF00FF00FF80FFE1FFFFFFFFFFFFFF00FF00FF1EFF7FFFFFFFFFFFFFFF53
:205A6C00FFFF03FF03FF03FF83FFE3FFFFFFFFFFFFFFF1FFC0FFC0FFC0FFC0FFC0FFC0FF4E
:205A8C00C0FFFFFF7FFF1FFF00FF00FF00FF00FF00FFF1FFC0FF00FF00FF00FF00FF00FFFC
:205AAC0000FFFFFF7FFF1FFF03FF03FF03FF03FF03FF181818183C242C246E424E42CF8197
:025ACC008F81C8
:020000040004F6
:0E423D003C120DAC580000000B044E02C77B73
:020000040002F8
:20D23C00420000000000040410107030101004008000020203014140D0D0F0F0F0F0E060FB
:20D25C000000FFFFBFBFDFDFFDFD8703010103010703FFFFFFFFFFFFFFFF7F7FBFBFBFBFF2
:20D27C007F7FFFFFFFF1E7C0C3C0C380E786FF9FFFDFE7C0C3C0C340E766FF3FFF3FFF2E2D
:20D29C00FF71FF7FFF7FFF3FFF3FFF3FFF7FFF7FFFFFFBFBF7F6EEECECECECECECECF6F621
:20D2BC00CFCFFF00F8000000000012000000000080001F080F0407000700070007000700CE
:20D2DC000F000700FF1EFF08FF08FF04FE04FE04FC04F000FF00FF00C1000000000000003B
:20D2FC000000E0C0FF0FF0F0DFDF6F6F77371B1B05053D1DE7E77F7FFFFFFFFFFFFFFFFFDC
:20D31C00FFFFFFFFFF1FFF07FF03FF01FF00FF00FF84FFCEFFF1FF7FFF3FFF3FFF9FFF9F5B
:20D33C00FF5FFF7FFFFFFFFFFFFFFFFFFFFFFFFFFFFFFFFFFFFFFFFFFFFFFFFFFFFFC3C389
:20D35C007F7EFFFFFDFDF6F6FCFCE8E83030C1C0FF03787080800000030010006040E000AA
:20D37C00F8003E0C01000000FC7801010000000003001F00FFE007070000000060407E208B
:20D39C008704FC08F810C0800000000000000000FF000000000000000000000007017C080F
:20D3BC00F80003030301010000000000FCF8030205007F7FBFBFDFDFDFDF67677D5D7F43EE
:20D3DC00FF45FFFFFFFFFFFFFFFFFFFFFFFF7F7FBFBFFFF3FFE3FFC3FFC7FFFFFFFFFFFF27
:20D3FC00BFBFFF82FFC1FFE0FFF9FFFEFFFEFFFDFFFDFF7FF858E0A0C04080808E8E1111FD
:20D41C003838FFFF3F3F0F0F070703030303010181817F7FC0C0FFFFFFFFFFFFFFFFFFFF54
:20D43C00FFFFFFFF0101FFFFFFFFFFFFFFFFFFFFFFFFFFC0FFFF8080FFFFFFFFFFFFFFFF29
:20D45C00FFFFF000FFFF0000FFFFFFFFFFFFFFFFFFFF0B0AFFC73B3BFFFFFFFFFFFFFFFF85
:20D47C00FFFFFF00FFFFFFFFFFFFFFFFFFFFFFFFFFFFFF18FFFFFFFFFFFFFFFFFFFFFFFF96
:20D49C00FFFFE300FFFFE1E1FFFFFFFFFFFFFFFFFFFFFFE71D1DFFFFFFFFFFFFFFFFFFFFC3
:20D4BC00FFFF7F7FFFFFFFFFFFFFFFFFFFFFFFFFFFFFBFB89F908F88070601010000020292
:20D4DC000101FF7DFF3DFF1DFF1FFFDF3F3F0000A0A02C2C3C3C7C7C3C3CBCBC9898404038
:20D4FC00303087871818202000000000000000000000FFFF7F7F3F3F3F3F3F3F3F3F7F7F40
:20D51C00FFFFFFFFFFFFE0E0EFEFEFEFEFEFE8E8EFEFFFFFFFFF7F7FBFBFB0B06F6FEFEF59
:20D53C00EFEFFFFFFFFFFFFFFDFDBBBB1C1C7F7F7E7EFFFFFFFFFFFFF9F9F7F73B3BDCDC4D
:20D55C003F3FFFFFFFFFFFFFFFFFFFFFFFFFFFFF7F7FFFFFFBFBFBFBFBFBFBFBC0C0FBFBF5
:20D57C00FBFBFFFFFFFFFFFFFFFFFBFB1515E5E5F2F2FFFFFFFFFFFFE1E19F9FBFBFBFBFDD
:20D59C00BFBFFFFFDFDFDFDFDFDFDFDF0303DFDFDFDF010180808484C7C7FFFFFFFFFFFFE7
:20D5BC00FFFFE0E0E0E0E0E0E0E0F0F0F0F0F8F8FCFC0E0E0F0F1F1F1F1F1F1F0707272759
:20D5DC0017170303FFFF03032727CFCFFFFFFFFFFFFFEFEFEFEFEFEFFFFFFFFFFFFFFFFF7F
:20D5FC00FFFFEFEFEFEFFFFFFFFFFFFFFFFFFFFFFFFF7F7F8787FFFFFFFFFFFFFFFFFFFF5F
:20D61C00FFFFFBFBFFFFFFFFFFFFFFFFFFFFFFFFFFFFDFDFFFFFFFFFFFFFFFFFFFFFFFFF56
:20D63C00FFFFFEFEFFFFFFFFFFFFFFFFFFFFFFFFFFFF1F1FFFFFFFFFFFFFFFFFFFFFFFFFB0
:02D65C00FFFFCE
:020000040003F7
:209B83000000000000000000000000000000000000000000000000000000000000000000C2
:209BA3000000000000000000000000000000000000000000000000000000000000000000A2
:209BC300000000000000000000000000000000000000000000000000000000000000000082
:209BE300000000000000000000000000000000000000000000000000000000000000000062
:209C0300000000000000000000000000000000000000000000000000000000000000000041
:209C2300000000000000000000000000000000000000000000000000000000000000000021
:209C4300000000000000000000000000000000000000000000000000000000000000000001
:209C63000000000000000000000000000000000000000000000000080808080000000008B9
:209C8300080800000000000808080808080800000000080808000000000808080808080829
:209CA3000808080000080808080000000008080808080808080808000008080808080000F1
:209CC3000008080808080808080800000008080808000000000808080000080008080000E9
:089CE300000008080000000069
:20DE3A0000010203030303030303030303040303030305060708030309030A030303000850
:20DE5A00030B03030C030D0E030F10111213140315161718191A1B1C1D031E1F2021222354
:20DE7A00240325262728292A2B2C1B2D2D2E030303032F303132331634352B3637383903EE
:20DE9A0003030303031E1F0303033A3B1D03033C033D3E3F030303030340364142434445AE
:20DEBA0046470348494A4B4C4D4E4F03035051520353545556575859030303035A5B5C03E6
:20DEDA000350035D03035E505F606162030303636465660303500303030367680303030367
:20DEFA00030303696A6B6C6D036E030303036F70717203030303030303737475030303032C
:20DF1A000303767778790303030303037A03037B0303037C7D7E7F000102030303030304E1
:20DF3A00050603030303030708090A0B0C0D030303030E0F10030303031112131415161796
:20DF5A0018191A03031B1C1D1E030303031F2021222324252627280303292A2B2C2D030392
:20DF7A00032E2F303132333435360303033738393A030303033B3C3D1E033E03283F030348
:08DF9A000303404103030303EC
:020000040001F9
:20C75A008000FFFFFFFFFFFFFFFFFFFFFFFFFFFFFCFCFFFFFFFFFFFFFFFFF8F8E7E71F1F61
:20C77A00FFFFFFFFFFFFFFFFFFFF7F7FFFFFFFFFFFFFFFFFFFFFFFFFFFFFFFFFFFFFFFFFBF
:20C79A00FFFFFFFFFFFFFFFFFFFFEFEFEFEFEFEFEFEFFFFFFFFFFFFFFFFFE0E0DFDFBFBF1D
:20C7BA00BFBFFFFFFFFFFFFFFFFF3F3FCFCFF7F7FBFBFBFBF7F7EFEFDFDFDFDFEFEFF1F1EB
:20C7DA00FEFEFFFFFFFFFFFFFFFFFFFFFFFFFFFF3F3FFFFFFFFFFFFFFFFFFFFFFFFFFFFFE1
:20C7FA00C0C0FFFFFFFFFFFFFFFFFFFFE1E19F9F7F7FEFEFF7F7F7F7F7F7F7F7F7F7F7F739
:20C81A00F7F7FFFFFFFFFFFFFFFFFFFFFFFFFFFFCFCFBFBFC1C1E7E7DFDFBFBFBFBFBFBF7A
:20C83A00C7C7BDBDFEFEFEFEFEFEFEFEFEFEFEFEF0F0C0C0FFFFFFFFFFFFFFFFFFFFFFFF9A
:20C85A00FFFF7F7F8383FCFCFDFDFDFDFBFBF7F7EFEFFFFFFCFCF0F0EFEFEFEFDFDFDFDF00
:20C87A00EFEF3F3FFFFF0000FFFFFFFFFFFFFFFFFFFF7F7FBFBF7F7FFFFFFFFFFFFFFFFFDC
:20C89A00FFFF7F7F7F7F7F7F7F7F7F7F7F7F7F7FBFBFFFFFEFEFEFEFEEEEF5F5F5F5F3F3C0
:20C8BA00F3F3FFFFF0F00F0FFFFFFFFFFFFFFFFFFFFFFBFBFBFBF7F7F0F0F7F7F7F7F7F702
:20C8DA00F7F7CFCFF7F7FBFB0707FFFFFFFFFFFFFFFFFFFFFFFFFFFFFFFFFEFEFDFDFFFFDC
:20C8FA00FFFFFBFBFBFBFBFBF8F80505FDFDFDFDFEFEFFFFFFFFC0C03F3FFFFFFFFFFFFF60
:20C91A00FFFFFEFEE1E11F1FFFFFFFFFFFFFFFFFFFFF3F3FFFFFFFFFFFFFFFFFFFFFFFFF9B
:20C93A00FFFFF8F8FFFFFFFFFFFFFFFFFFFFFFFFFFFF0F0FFFFFFFFFFFFFFFFFFFFFFFFFEB
:20C95A00FFFFFFFFFFFFFFFFFFFFFFFFFEFEFFFFFFFFFFFFFFFFFEFEF9F9F7F70F0FFFFFDD
:20C97A00FFFFDFDF3F3FFFFFFFFFFFFFFFFFFFFFFFFFEFEFF7F7FBFBFDFDFDFDFEFEFFFFBF
:20C99A00FFFFFFFFFFFFFFFFFFFFFFFF0F0FFFFFFFFFBFBFDFDFEFEFF7F7FBFBFCFCFFFF7B
:20C9BA00FFFFFFFFFFFFFFFFFFFFFFFFFFFF0303FFFFF3F3F3F3F7F7F7F7F7F7F7F7F7F7F5
:20C9DA00F7F7FFFFFFFFFFFFFFFFFFFFFFFFFEFE8181FBFBFBFBFDFDFDFDFEFEFCFC030383
:20C9FA00FFFFFFFFFFFFFFFFFFFF78780707E1E1FFFFFFFFFFFFFFFFFEFE0101FFFFFFFF75
:20CA1A00FFFFFEFEFEFEFEFE0000FEFEFFFFFFFFFFFFFFFFFFFF0000FFFFFFFFFFFFFFFF20
:20CA3A00FFFFFFFFFFFF0707FFFFFFFFFFFFFFFFFFFFFFFFFFFFFFFFFFFFFFFFFFFFFFFFEC
:20CA5A00F0F0FFFFFFFFFFFFFFFFFFFFFFFFC0C03F3FFFFFFFFFFFFFFFFFFEFE81817F7FF6
:20CA7A00FFFFFFFFFFFFFFFFFCFC0303FFFFFFFFFFFFFFFFFFFFF8F80707FFFFFFFFFFFFB8
:20CA9A00FFFFC0C03F3FFFFFFFFFFFFFFFFFFEFEC1C17F7FFFFFFFFFFFFFFFFFE0E01F1F16
:20CABA00FFFFFFFFFFFFFFFF0000FFFFFFFFFFFFFFFFFFFFFFFF3F3FFFFFFFFFFFFFFFFFFA
:20CADA00FFFFFFFFFFFFFFFFFFFFFFFFFFFFFCFCFBFBFFFFFFFFFFFFFFFFFFFFFFFF010166
:20CAFA00FEFEFFFFF0F0FFFFFFFFFFFFFFFFFFFFFFFFF0F00F0FFFFFFFFFFFFFFFFFFFFF5A
:20CB1A00FFFFFFFFFFFFFFFFFFFFFFFFFFFFFFFFDFDFF7F7EFEFDFDFDFDFDFDFBFBFB7B75B
:20CB3A00BBBBFFFFFFFFFFFF6F6FFFFFFFFFFFFFDCDC7F7FBFBFBFBFBFBFBFBFDFDFDFDF69
:20CB5A00BFBFFFFFFFFFFFFFF8F8FBFBFBFBFBFBFBFBFFFFFFFFFFFFFFFF7F7F7F7F7F7F89
:20CB7A007F7FFFFFFFFFFFFFFFFFFFFF9F9FFFFF7F7FFFFFFFFFFFFFFFFFFFFFFFFFFEFE7D
:20CB9A00FCFCFFFFFFFFFFFFFFFFFFFFFFFF0707FBFBF7F7FFFFFFFFFFFFFFFFFFFFFFFFA9
:20CBBA00FFFFFFFFFFFFFFFFFFFFFFFFFFFFFFFFFBFBFFFFFFFFFFFFFFFFFFFFF8F8F3F3A9
:20CBDA00EFEFDFDFDFDFDFDFEFEFCFCFCFCFE8E88686FFFFFFFFFFFFFFFFFFFFFFFF67676B
:20CBFA001F1FDDDDDEDEEFEFF1F1FEFEFFFFFFFFFFFF2323FFFFFEFEF9F90707FFFFFFFF75
:20CC1A00FFFFBFBFBFBF7F7FFFFFFFFFFFFFFFFFFFFFFFFFFFFFFFFFFFFEFFFFFFFFFFFF1B
:20CC3A00FFFFFFFFFFFFFFFF000000008787CECAFBF3FFFFFFFFFFFF1F0F0F078787C747F4
:20CC5A007737FBFBFBFBFBFBFBFBFBFBFBFBFBFBFBFBFEFEFEFEFDFDFBFBE7E7DFDF3F3F6A
:20CC7A00FFFFFCFCFCFCFDFDFDFDFDFDFDFDFDFDFDFDFDFDFBFBFBFBFBFBFBFBFDFDF8F814
:20CC9A00FFFFFDFDFDFDFDFDFEFEFEFEFEFEFDFD1B1BFFFFFFFFF7F7F7F7FBFBFBFBFBFBB0
:20CCBA00FBFBC6C6BEBEBDBDB7B78F8FBFBFBFBFBFBFEFEFEFEFEFEFEFEFEFEFEFEFEFEFCA
:20CCDA00EFEFFEFEF9F9FFFFFFFFFFFFFFFFFFFFFFFF0F0FEFEFEFEFEFEFE7E7E7E7E7E758
:20CCFA00EBEBFFFFFFFFFFFFFFFFFFFEFFFFFFFFFFFFEBEBC7C78080FF00FF00FFFEFFFEF9
:20CD1A00FFFE47478F877F078F07070303038303E303FDFDFDFDFDFDFFFFFFFFFFFFFFFFDA
:20CD3A00FFFF8787FFFFFFFFFFFFFFFFFFFFFFFFFFFFBFBF9F9FE3E3FFFFFFFFFFFFFFFF61
:20CD5A00FFFFE7E7F3F3FCFCFEFEFFFFFFFFFFFFFFFFFFFFFFFF07077F7FFFFFFFFFFFFF19
:20CD7A00FFFFEBEBEFEFFFFFFFFFFFFFFFFFFFFFFFFFFFFFF0E0F0F0F8F8FCFCFFFFFEFE63
:20CD9A00FCFCFFFF010000007878ECA4B733B4B47878FFFCFFFFFF7F7F7F7F7F7F7F7F7F51
:20CDBA00FF7FF323E7E3FFFFFFFFFFFFFFFFFFFFFFFFFFFFFFFFFFFFFFFFF8F8FFFFFFFF23
:20CDDA00FFFFFBFBFBFBFBFBF3F30F0FFFFFFFFFFFFFF8F8FFF0FFE0FFFFFFFFFFFFFFFFA5
:20CDFA00FFFF0700F800F000F0E0F8E0FEE0FFC2FEFEFF7FFF7F7C383C3C3E3E3F3F3F3F49
:20CE1A007F3FFFFFFFFF000000001E1E3B29EDCCADADFFFFFFFF7F3F3F1F1F1F1F1FDFDF39
:20CE3A001F1FFBFBFBFBFFFFFFFFFFFFFFFFFFFFFFFFFFFFFFFFFDFDFBFBF7F6F6F6FBFBFF
:20CE5A00FDFDCFCF79708080000000000000000080803D3DFFC71F110F04070003000300A7
:20CE7A000300FFFF7F7FDFDFEFEFEF6FEF6FEF6FEF6FFFFFFEFEFFFCFFF8FFFFFFFFFFFF9F
:20CE9A00FFFF1E1E0100FE00FC00FCF8FEF8FFF8FFF03F1FFF1F3F1F1F0F0F0F0F0F8F0F91
:20CEBA00CF8FFDFDFEFEFEFEFFFFFFFFFFFFFEFEFBFBC080C0C0E0C0606060607060786094
:20CEDA00E0800300030007040F051F0B3E167F3F3F1FEF6FEFEFDFDFBFBF7F7FFFFFFFFFA7
:20CEFA00FFFFFFFFFFFFFFFFFFFFFFFFFFFFFFFFFFF19F8FFFFFFFFFFFFFFFFFFFFFFFFF16
:20CF1A00FFFFFFFFFFFFFFFFFFFFFFFFFFFFFFFFFDFDFFFFFFFFFFFFFFFFF9F9EFEF7F6066
:20CF3A00FF80FFFFFFFFFFFFC0C0FFFFFF00FC08FC08ECECB8B070606060E0C0F040000039
:02CF5A000100D4
:020000040004F6
:0E424B001412075A470B3C520F3A5E0E835B6B
:020000040002F8
:20D65E000000000000000000000000000000000000000000000000000000000000000000AC
:20D67E0000000000000000000000000000000000000000000000000000000000000000008C
:20D69E0000000000000000000000000000000000000000000000000000000000000000006C
:20D6BE0000000000000000000000000000000000000000000000000000000000000000004C
:20D6DE0000000000000000000000000000000000000000000000000000000000000000002C
:20D6FE0000000000000000000000000000000000000000000000000000000000000000000C
:20D71E000000000000000000000000000000000000000000000000000000000000000000EB
:20D73E000000000000000000000000000000000000000000000000000000000000000000CB
:20D75E000000000000000000000000000000000000000000000000000000000000000000AB
:20D77E0000000000000000000000000000000000000000000000000000000000000000008B
:20D79E0000000000000000000000000000000000000000000000000000000000000000006B
:20D7BE0000000000000000000000000000000000000000000000000000000000000000004B
:20D7DE0000000000000000000000000000000000000000000000000000000000000000002B
:20D7FE0000000000000000000000000000000000000000000000000000000000000000000B
:20D81E000000000000000000000000000000000000000000000000000000000000000000EA
:20D83E000000000000000000000000000000000000000000000000000000000000000000CA
:20D85E000000000000000000000000000000000000000000000000000000000000000000AA
:20D87E0000000000000000000000000000000000000000000000000000000000000000008A
:20D89E0000000000000000000000000000000000000000000000000000000000000000006A
:20D8BE0000000000000000000000000000000000000000000000000000000000000000004A
:20D8DE0000000000000000000000000000000000000000000000000000000000000000002A
:20D8FE0000000000000000000000000000000000000000000000000000000000000000000A
:20D91E000000000000000000000000000000000000000000000000000000000000000000E9
:20D93E000000000000000000000000000000000000000000000000000000000000000000C9
:20D95E000000000000000000000000000000000000000000000000000000000000000000A9
:20D97E00000000000000000000000000000000000000000000000000000000000000000089
:20D99E00000000000000000000000000000000000000000000000000000000000000000069
:20D9BE00000000000000000000000000000000000000000000000000000000000000000049
:20D9DE00000000000000000000000000000000000000000000000000000000000000000029
:20D9FE00000000000000000000000000000000000000000000000000000000000000000009
:20DA1E000000000000000000000000000000000000000000000000000000000000000000E8
:20DA3E000000000000000000000000000000000000000000000000000000000000000000C8
:20DA5E000000000000000000000000000000000000000000000000000000000000000000A8
:20DA7E00000000000000000000000000000000000000000000000000000000000000000088
:20DA9E00000000000000000000000000000000000000000000000000000000000000000068
:20DABE0001020000000000000000000000000000030400000000000000000000000000003E
:20DADE0000000000000000000000000000000000000000000000000000000000050600001D
:20DAFE00000000000000000000000000070800000000090A000000000000000000000000E6
:20DB1E000000000000000000000000000000000000000000000000000102000000000000E4
:20DB3E0000000000000000000304000000000B0C00000000000000000000000000000000A9
:20DB5E0000000000000000000000000000000000000000000506000000000000000000009C
:20DB7E0000000000070800000000090A0000000000000D0E0D0E0D0E0F10000000000000F5
:20DB9E000000000000000000000011120D0E0D0E0102000000001314151600000000131492
:20DBBE001514151400000B0C000000000000000000000000171800000000000000000000AF
:20DBDE00000000000000191A000000000506000000001B001C1D000000001B001C001C0042
:20DBFE000000090A00000000000000000000000000000F10000000000000000000000000D5
:20DC1E0011120000000000000102000000001E1C001F000000001E1C001C001C00000B0CDE
:20DC3E0000000000000000000000000000001718000000000000000000000000191A000064
:20DC5E00000000000506000000001B001C1D000000001B001C001C000000000000000000F4
:20DC7E000000000000000000000000000D0E0D0E0D0E0D0E0D0E0D0E0000000000000000E4
:20DC9E000000000000001E1C001F000000001E1C001C001C0000000000000000000000009B
:20DCBE00000000000000000000000000000000000000000000000000000000000000000046
:20DCDE0000001B001C1D00000000202122212300151415160000000000001314151415145E
:20DCFE002400000000000000000000000000000000000000000000000000000000001E1CA8
:20DD1E00001F00000000000000251E1C1C001C1D0000000000001B001C001C001C2400007F
:20DD3E0000000000000000000000000000000000000000000000000000001B001C1D000071
:20DD5E000000000000251B00001C001F2627262726271E1C001C001C001C24000000000091
:20DD7E0000000000000000000000000000000000131415141514281C001F000000000000A9
:20DD9E0000251E1C1C001C1D292A292A292A1B001C001C001C001C24000000000000000009
:20DDBE000000000000000000000000001B001C001C001C001C1D00000000000000251B005D
:20DDDE00001C001F0000000000001E1C001C001C001C001C1514151415141514151415144A
:20DDFE001514151415141514281C001C001C001C001F0000000013141514281C1C001C1DC1
:20DE1E000000000000001B001C001C001C001C001C001C001C001C001C001C001C001C0079
:20DE3E001C001C001C001C001C001C001C1D2B2B2B2B1B001C001C00001C001F00000000A9
:20DE5E0000001E1C001C001C001C001C001C001C001C001C001C001C001C001C001C001CE2
:20DE7E00001C001C001C001C002C15141514281C001C001C1C001C1D0000000000001B00AA
:20DE9E001C001C001C001C001C001C001C001C001C001C001C001C001C001C001C001C00A4
:10DEBE001C001C001C001C001C001C001C001C0074
:020000040003F7
:200C73002D00000000000000000000000000000000007F7F80808080808080808080808036
:200C93008080FEFEFF01FF01FF01FF01FF01FF01FF010000000000000000000000007F00C6
:200CB3007F00000000004000600070007800FC00FE00FF80FF80FF80FF80FF80FF80FF80A7
:200CD3007F7F0101010101010101010101010101FEFE7F007F0000000000000000000000FB
:200CF3000000FE00FC0078007000600040000000000000000000020006000E001E003F00EC
:200D13007F00000000000000000000000000FE00FE007F003F001E000E0006000200000053
:200D33000000FE00FE000000000000000000000000007F7F8080FF807F7F00000000000029
:200D53000000FEFEFF010101FEFE00000000000000006060D090684834241A120D09060412
:200D730002020000000000000000000000008080C04000000000000000000000000001015A
:200D9300020206060D091A1234246848D090A020C0407F7FE0E0C0C0C0C0C0C0C0C0C0C088
:200DB300C0C0FFFFFF00FF00FF00FF00FF00FF00FF00FFFF000000000000000000000000AB
:200DD3000000FEFEFF07FF03FF03FF03FF03FF03FF030101000000000000000000000000F0
:200DF30000006020B09058482C2416120B090505020205040B0916122C245848B090E0A0F1
:200E1300404080800000000000000000000000000000FFC0FFC0FFC0FFC0FFC0FFC0FFC006
:200E3300FFC0FF00FF00FF00FF00FF00FF00FF00FF000303030303030303030303030303BE
:200E53000303C0C0C0C0C0C0C0C0C0C0C0C0C0C0C0C0FF03FF03FF03FF03FF03FF03FF036B
:200E7300FF03FFC0FFC0FFC0FFC0FFC0FFC0FFE07F7F000000000000000000000000000006
:200E9300FFFFFF00FF00FF00FF00FF00FF00FF00FFFFFF00FF00FF00FF00FF00FF00FF0051
:200EB300FFC08080404020201010080804040202010103030E0C3830E0C0FFC03F300F0CF1
:200ED3000303000003000300030003000300030003000000C000C000C000C000C000C00064
:200EF300C000C0C0000000000000000000000000000003003F001F000F0007000300010024
:200F13000000C000FC00F800F000E000C00080000000181818183C242C246E424E42CF815A
:120F33008F81FF03FF00FF00FF00FF00FF00FF00FF00A1
:020000040004F6
:0E4259003C120C734C0000000B965A0B5E5684
:020000040002F8
:20DECE00000000000000000000000000000000000000000000000000000000000000000034
:20DEEE00000000000000000000000000000000000000000000000000000000000000000014
:20DF0E000000000000000000000000000000000000000000000000000000000000000000F3
:20DF2E000000000000000000000000000000000000000000000000000000000000000000D3
:20DF4E000000000000000000000000000000000000000000000000000000000000000000B3
:20DF6E00000000000000000000000000000000000000000000000000000000000000000093
:20DF8E00000000000000000000000000000000000000000000000000000000000000000073
:20DFAE00000000000000000000000000000000000000000000000000000000000000000053
:20DFCE00000000000000000000000000000000000000000000000000000000000000000033
:20DFEE00000000000000000000000000000000000000000000000000000000000000000013
:20E00E000000000000000000000000000000000000000000000000000000000000000000F2
:20E02E000000000000000000000000000000000000000000000000000000000000000000D2
:20E04E000000000000000000000000000000000000000000000000000000000000000000B2
:20E06E00000000000000000000000000000000000000000000000000000000000000000092
:20E08E00000000000000000000000000000000000000000000000000000000000000000072
:20E0AE00000000000000000000000000000000000000000000000000000000000000000052
:20E0CE00000000000000000000000000000000000000000000000000000000000000000032
:20E0EE00000000000000000000000000000000000000000000000000000000000000000012
:20E10E000000000000000000000000000000000000000000000000000000000000000000F1
:20E12E000000000000000000000000000000000000000000000000000000000000000000D1
:20E14E000000000000000000000000000000000000000000000000000000000000000000B1
:20E16E00000000000000000000000000000000000000000000000000000000000000000091
:20E18E00000000000000000000000000000000000000000000000000000000000000000071
:20E1AE00000000000000000000000000000000000000000000000000000000000000000051
:20E1CE00000000000000000000000000000000000000000000000000000000000000000031
:20E1EE00000000000000000000000000000000000000000000000000000000000000000011
:20E20E000000000000000000000000000000000000000000000000000000000000000000F0
:20E22E000000000000000000000000000000000000000000000000000000000000000000D0
:20E24E000000000000000000000000000000000000000000000000000000000000000000B0
:20E26E00000000000000000000000000000000000000000000000000000000000000000090
:20E28E00000000000000000000000000000000000000000000000000000000000000000070
:20E2AE00000000000000000000000000000000000000000000000000000000000000000050
:20E2CE00000000000000000000000000000000000000000000000000000000000000000030
:20E2EE00000000000000000000000000000000000000000000000000000000000000000010
:20E30E000000000000000000000000000000000000000000000000000000000000000000EF
:20E32E000000000000000000000000000000000000000000000000000000000000000000CF
:20E34E000000000000000000000000000000000000000000000000000000000000000000AF
:20E36E0000000000000000000000000000000000000000000000000000000000000000008F
:20E38E0000000000000000000000000000000000000000000000000000000000000000006F
:20E3AE0000000000000000000000000000000000000000000000000000000000000000004F
:20E3CE00010101010101010100000000000000000000000000000000000000000000000027
:20E3EE000000000000000000020302030204000000000000000000000000000506070607E0
:20E40E000607060708000000000000000000000000000903020302040000000000000000B5
:20E42E000A0B00000C000C000C0D00000000000000000000000000050E0F0E0F0E0F0E0F0F
:20E44E00080000000000000000000000000010000C000C0D0000000000000000111200004E
:20E46E00000C000C00130204000000000000000000000000141414141414141400000000BD
:20E48E0000000000000000000903000C000C001500000000000000000A0B00000C000C0008
:20E4AE000C000C0D0000000000000000000000000000000000000000000000000000000029
:20E4CE000000000010000C000C000C0D000000000000000011120000000C000C000C001393
:20E4EE000204000000000000000000000000000000000000000000000000000000000903FC
:20E50E00000C000C000C001500000000000000000A0B00000C000C000C000C000C0D000056
:20E52E00000000000000000000000000000000000000000000000000000010000C000C00A5
:20E54E000C000C0D000000000000000011120000000C000C000C000C00130204000000001C
:20E56E0000000000000000000000000000000000000000000903000C000C000C000C00153C
:20E58E000000000000000000000000000C000C000C000C000C000C0D000000000000000018
:20E5AE000000000000000000000000000000000010000C000C000C000C000C0D00000000F4
:20E5CE000000000000000000000C000C000C000C000C0013020302040000000000000000D3
:20E5EE00000000000000000009030203000C000C000C000C000C001500000000000009039F
:20E60E00020302030C000C000C000C000C000C000C000C0D00000000000000000000000075
:20E62E000000000010000C000C000C000C000C000C000C0D00000000000010000C000C0033
:20E64E00000C000C000C000C000C000C000C00150800000000000000000000000000000536
:20E66E00160C000C000C000C000C000C000C0015000000000000160C000C000C0C000C00BB
:20E68E000C000C000C000C000C000C0D0800000000000000000000000000000510000C00EE
:20E6AE000C000C000C000C000C000C0D00000000000010000C000C00000C000C000C000C9F
:20E6CE00000C000C000C001508000000000000000000000000000005170C000C000C000C9F
:20E6EE00000C000C000C0015000000000000160C000C000C0C000C000C000C000C000C0051
:20E70E000C000C0D080001010101010101010101010100050C000C000C000C000C000C0065
:10E72E000C000C0D00000000000010000C000C008E
:020000040001F9
:200F0300180000000000000000000000000000000000181818183C242C246E424E42CF8116
:200F23008F81FFFF0000000000000000000000000000FFFFFF00FF00FF00FF00FF00FF00A8
:200F4300FF00FEFEFF07FF03FF03FF03FF03FF03FF0303030E0C3830E0C0FFC03F300F0C10
:200F630003037F7F8080808080808080808080808080FEFEFF01FF01FF01FF01FF01FF016E
:200F8300FF01C0C070301C0C0703FF03FC0CF030C0C07F7FE0E0C0C0C0C0C0C0C0C0C0C014
:200FA300C0C00000000000000000000000007F007F00000000004000600070007800FC002C
:200FC300FE00FF00FF00FF00FF00FF00FF00FF00FF000303030303030303030303030303EE
:200FE3000303FF80FF80FF80FF80FF80FF80FF807F7F010101010101010101010101010163
:20100300FEFEFFC0FFC0FFC0FFC0FFC0FFC0FFC0FFC07F007F0000000000000000000000DB
:201023000000FE00FC00780070006000400000000000FF03FF00FF00FF00FF00FF00FF002F
:20104300FF008F81CF814E426E422C243C2418181818FF03FF03FF03FF03FF03FF03FF03D0
:20106300FF03C0C0C0C0C0C0C0C0C0C0C0C0C0C0C0C0C0C0000000000000000000000000EB
:0210830000006B
:020000040004F6
:0E4267003C1204034F0000000B06630BCE5EFA
:020000040001F9
:2010850001010101010101010101010101010101010101010101010101010101010101012B
:2010A50001010101010101010101010101010101010101010101010101010101010101010B
:2010C5000101010101010101010101010101010101010101010101010101010101010101EB
:2010E5000101010101010101010101010101010100000000000000000000010101010101D5
:201105000101010101010101010101010101010101010101010101010101010101010101AA
:2011250001010101010101010101010101010101010101010101010101010101010101018A
:2011450001010101010101010101010101010101010101010101010101010101010101016A
:2011650001010101010101010101010101010101010101010101010101010101010101014A
:20118500010101010101010101010101010101010000000000000000000001010101010134
:2011A50001010101010101010101010101010101010101010101010101010101010101010A
:2011C5000101010101010101010101010101010101010101010101010101010101010101EA
:2011E5000101010101010101010101010101010101010101010101010101010101010101CA
:201205000101010101010101010101010101010101010101010101010101010101010101A9
:20122500010101010101010101010101010101010000000000000000010101010101010191
:20124500010101010101010101010101010101010101010101010101010101010101010169
:20126500010101010101010101010101010101010101010101010101010101010101010149
:20128500010101010101010101010101010101010101010101010101010101010101010129
:2012A500010101010101010101010101010101010101010101010101010101010101010109
:2012C5000101010101010101010101010101010100000000000000000101010101010101F1
:2012E5000101010101010101010101010101010101010101010101010101010101010101C9
:201305000101010101010101010101010101010101010101010101010101010101010101A8
:20132500010101010101010101010101010101010101010101010101010101010101010188
:2013450000000000010101010101010101010101010101010101010101010101010101016C
:20136500010101010101010101010101010101010000000000000000010101010101010150
:20138500010101010101010101010101010101010101010101010101010101010101010128
:2013A500010101010101010101010101010101010101010101010101010101010101010108
:2013C5000101010101010101010101010101010101010101010101010101010101010101E8
:2013E5000000000001010101010101010101010101010101010101010101010101010101CC
:201405000101010101010101010101010101010100000000000000000101010101010101AF
:20142500010101010101010101010101010101010101010101010101010101010101010187
:20144500010101010101010101010101010101010101010101010101010101010101010167
:20146500010101010101010101010101010101010101010101010101010101010101010147
:2014850000000000010101010101010101010101010101010101010101010101010101012B
:2014A50001010101010101010101010101010101000000000000010101010101010101010D
:2014C5000101010101010101010101010101010101010101010101010101010101010101E7
:2014E5000101010101010101010101010101010101010101010101010101010101010101C7
:201505000101010101010101010101010101010101010101010101010101010101010101A6
:2015250000000000010101010101010101010101010101010101010101010101010101018A
:2015450001010101010101010101010101010101000000000000010101010101010101016C
:20156500010101010101010101010101010101010101010101010101010101010101010146
:20158500010101010101010101010101010101010101010101010101010101010101010126
:2015A500010101010101010101010001010101010101010101010101010101010101010107
:2015C5000000000001010101010101010101010101010101000000000000010101010101F0
:2015E5000101010101010101010101010101010101010000000001010101010101010101CA
:201605000101010101010101010101010101010101010101010101010101010101010101A5
:20162500010101010101010101010101010101010101010101010101010101010101010185
:20164500010101010101010101010101010101010101010101010101010101010101010165
:2016650000000000010101010101010101010101010101010000000000000101010101014F
:20168500010101010101010101010101010101010101000000000101010101010101010129
:2016A500010101010101010101010101010101010101010101010101010101010101010105
:2016C5000101010101010101010101010101010101010101010101010101010101010101E5
:2016E5000000000000000000000000000000010101010001010101010101010101010101D4
:201705000000000001010101010101010101010100000000000000000000010101010101B2
:20172500010101010001010101010101010101010101010101010101010101010101010185
:2017450001010101010101010101010101010101010101010101010101010000000000006A
:20176500010101010101010101010101010101010101010101010101010101010101010144
:20178500000000000000000000000000000001010101010101010101010101010101010132
:2017A500000000000101010101010101010101010000000000000000000001010101010112
:2017C5000101010101010101010101010101010101010101010101010101010101010101E4
:2017E5000101010101010101010101010101010101010101010101010101000000000000CA
:201805000101010101010101010101010101010101010101010101010101010101010101A3
:20182500000000000000000000000000000000000000000001010101010101010101010197
:20184500000000000000000000000000000000000000000000000000000000000000000083
:2018650000000000000000000000010101010101010101010101010101010101010101014D
:20188500010101010001000000000000000000000000010101010101010100000000000036
:2018A500010101010101010101010101010101010101010101010101010101010101010103
:2018C5000000000000000000000000000000000000000000010101010101010101010101F7
:2018E5000000000000000000000000000000000000000000000000000000000000000000E3
:201905000000000000000000000001010101010101010101010101010101010101010101AC
:20192500010101010101000000000000000000000000010101010101010100000000000094
:20194500000000000000000000000000000000000000000000000000000000000000000082
:2019650000000000000000000000000000000000000000000101010100000000010101015A
:20198500000000000000000000000000000000000000000000000000000000000000000042
:2019A50000000000000000000000010101010101010101010101010101010101010100000E
:2019C500000000000000000000000000000000000000000000000000000000000000000002
:2019E5000000000000000000000000000000000000000000000000000000000000000000E2
:201A05000000000000000000000000000000000000000000010101010000000001010101B9
:201A25000000000000000000000000000000000000000000000000000000000000000000A1
:201A450000000000000000000000010101010101010101010101010101010101010100006D
:201A6500000000000000000000000000000000000000000000000000000000000000000061
:201A8500000000000000000000000000000000000000000000000000000000000000000041
:201AA500000000000000000000000000000000000000000001010101010101010101010115
:201AC500000000000000000000000000000000000000000000000000000000000000000001
:201AE5000000000000000000000001010101010101010101010101010000000000000000D3
:201B05000000000000000000000000000000000000000000000000000000000000000000C0
:201B25000000000000000000000000000000000000000000000000000000000000000000A0
:201B4500000000000000000000000000000000000000000001010101010101010101010174
:201B6500000000000000000000000000000000000000000000000000000000000000000060
:201B8500000000000000000000000101010101010101010101010101000000000000000032
:201BA500000000000000000000000000000000000000000000000000000000000000000020
:201BC500000000000000000000000000000000000000000000000000000000000000000000
:201BE5000000000000000000000000000000000000000000000000000000000000000000E0
:201C05000000000000000000000000000000000000000000000000000000000000000000BF
:201C2500000000000000000000000000000000000102030203020302030400000000000086
:201C450000000000000000000000000000000000000000000000000000000000000000007F
:201C650000000000000000000000000000000000000000000000000000000000000000005F
:201C850000000000000000000000000000000000000000000000000000000000000000003F
:201CA50000000000000000000000000000000000000000000000000000000000000000001F
:201CC5000000000000000000000000000000000005060706070607060809000000000000BC
:201CE5000000000000000000000000000000000000000000000000000000000000000000DF
:201D05000000000000000000000000000000000000000000000000000000000000000000BE
:201D250000000000000000000000000000000000000000000000000000000000000000009E
:201D45000A0B0C0D0000000000000000000000000000000000000000000000000000000050
:201D65000000000000000000000000000000000001020E0F10110304000000000000000016
:201D850000000000000000000000000000000000000000000000000000000000000000003E
:201DA50000000000000000000000000000000000000000000000000000000000000000001E
:201DC5000000000000000000000000000000000000000000000000000000000000000000FE
:201DE500121314150000000000000000000000000000000000000000000000000000000090
:201E050000000000000000000000000000000000050616171819071A000000000000000033
:201E250000000000000000000000000000000000000000000000000000000000000000009D
:201E450000000000000000000000000000000000000000000000000000000000000000007D
:201E6500000000000000001B1C1D1E000000000000000000000000000000000000000000EB
:201E85001F0F102000000000000000000000000000000000000000000000000000000000DF
:201EA500000000000000000000000000000000000102010203040304000000000000000009
:201EC5000000000000000000000000000000000000000000000000000000000000000000FD
:201EE5000000000000000000000000000000000000000000000000000000000000000000DD
:201F05000000000000002122232425260000000000000000000000000000000000000000E7
:201F250016171819000000000000000000000000000000000000000000000000000000003E
:201F45000000000000000000000000000000000005062728082908090000000000000000E0
:201F650000000000000000000000000000000000000000000000000000000000000000005C
:201F850000000000000000000000000000000000000000000000000000000000000000003C
:201FA5000000000000002A2B2C2D2E2F000000000000000000000000000000000000000011
:201FC5000102030400000000000000000000000000000000000000000000000000000000F2
:201FE500001B1C1D1E000000000000000000000001023031030400000000000000000000FF
:202005000000000000000000000000000000000000000000000000000000000000000000BB
:2020250000000000000000000000000000000000000000000000000000000000000000009B
:202045000000000000000000323334000000000000000000000000000000000000000000E2
:202065000506071A000000000000000000000000000000000000000000000000000000002F
:202085002122232425260000000000000000000035283637071A000000000000000000007B
:2020A50000000000000000000000000000000000000000000000000000000000000000001B
:2020C5000000000000000000000000000000001B1C1D1E0000000000000000000000000089
:2020E50000003839000000003A3B3C000000000000000000000000000000000000000000B9
:202105000102030400000000000000000000000000000A0B1F0F100F10200000000000001E
:202125002A2B2C2D2E2F000000000000000000000000010203040000000000000000000085
:20214500001B1C1D1E000000000000000000000000000000000000000000000000000A0BF3
:20216500000000000000000000000000000021222324252600000000000000000000000085
:2021850000003D3E0000003F404142000000000000000000000000000000000000000000BD
:2021A5000506071A000000000000000000000000000012131617181718190000000000003C
:2021C5000000323334000000000000000000000000003528080900000000000000000000F3
:2021E5002122232425260000000000000000000000000000000000000000000000001213E0
:2022050000000000000000000000000000002A2B2C2D2E2F000000000000000000000000AE
:202225001F0F100F100F100F100F100F10200000383900000000000000000000000000002F
:202245000102030438390A0B0C0D0000000000001F0F100F010230310304383900000000A7
:2022650000003A3B3C000000000000000000000000000000000000000000000000000000A8
:202285002A2B2C2D2E2F0000383900000A0B0C0D000000000000000000001F0F100F100F23
:2022A500000000000000000000000000000000003233340000000000000000000000000080
:2022C500161718171817181718171817181900003D3E000000000000000000000000000035
:2022E5000506071A3D3E121314150000000000001617181705063637071A3D3E0000000074
:20230500003F404142000000000000000000000000000000000000000000000000000000B6
:2023250000003233340000003D3E00001213141500000000000000000000161718171817AB
:202345000C0D00000000000000000A0B0C0D00003A3B3C00000000000000000000000A0B6B
:20236500010203020E0F1011030230310343100F100F1020000000000000000000000000F8
:2023850001020343100F100F100F100F100F100F100F100F100F100F100F100F100F100F3D
:2023A500100F100F100F100F1020000000000000000000000000000000000000000000006C
:2023C50000003A3B3C001F0F100F100F100F100F10200000000038390000010203020302EF
:2023E5001415000000000000000012131415003F404142000000000000000000000012133A
:2024050005060706161718190706363707061817181718190000000000000000000000002B
:202425000506070618171817181718171817181718171817181718171817181718171817ED
:2024450018171817181718171819000000000000000000000000000000000000000000008A
:20246500003F40414200161718171817181718171819000000003D3E00000506070607069B
:20248500100F100F100F100F100F100F100F100F100F100F100F100F100F100F100F100F47
:2024A500100F100F44020343100F1011030203023031030400000000454645460000000085
:2024C500010203023031030203020E0F100F10110302030203020E0F1011030203020302CB
:2024E5000302030203023031030400000000000000000000000000000000000038391F0FC1
:20250500100F100F100F440230310302030203020E0F100F100F100F100F101103020302DF
:202525001817181718171817181718171817181718171817181718171817181718171817A6
:20254500181718170706070618171819070607063637071A000000004748474800000000D8
:2025650005060706363707060706161718171819070607060706161718190706070607067E
:202585000706070607063637071A0000000000000000000000000000000000003D3E1617D9
:2025A5001817181718170706363707060706070616171817181718171817181907060706B4
:2025C5000302030203023031030203020302030203020302030203020302030203020E0F32
:2025E500101103020302030203020304100F1011030203040000000000000000000000004E
:202605000102030203020E0F100F44020302030410110302030201020304030203020302D6
:202625000E0F100F1011030203040000000000000000000000000000454645464546010288
:20264500030203020302030203020E0F101103020102030230310302030203041011030279
:20266500070607060706363707060706070607060706070607060706070607060706161705
:2026850018190706070607060706071A181718190706071A00000000000000000000000021
:2026A5000506070607061617181707060706071A1819070607060506071A070607060706BB
:2026C5001617181718190706071A0000000000000000000000000000474847484748050682
:2026E5000706070607060706070616171819070605060706363707060706071A181907062B
:020000040002F8
:20E73E00490000000000000000000000000000000000E0DFE0DFFEDFFFFFFFFFFFFFFFFF1F
:20E75E00E1FF00FF00FF00FF80FFE1FFFFFFFFFFFFFF00FF00FF1EFF7FFFFFFFFFFFFFFFD2
:20E77E00E1FF07FB07FB07FB87FBE7FBFFFFFFFFFFFFE0DFFEDFE1FFE0DFE0DFE0DFE0DFBF
:20E79E00E0DF7FFF1EFF80FF61FF1EFF00FF00FF00FF80FF1EFF61FF80FF00FF00FF00FF90
:20E7BE0000FF80FF1EFF61FF80FF00FF00FF00FFFFFF7FFF1FFF87FB67FB1FFF07FB06FE22
:20E7DE00FCFC00000000000000000000000001010704000000000000000006061F139F91A8
:20E7FE00FFE700001C1C7F67FFC4FF40FF07FF09FF00000000000000C0C0F878F848F808B8
:20E81E00F8181FFF7FE07FC0FF80FF80FF80FF80F181FFFFFF00FF00FF00FF00FF00FF00A8
:20E83E00FF00FFFFFF00FF00FF00FF00FF00FF00F111F8FFFE07FE03FF01FF01FF01FF01C4
:20E85E00FF0107040F081F187F7C7F507F703F283F30FF44FFE0FF90FF80FF00FF00FF0085
:20E87E00FF00FF00FF00FF00FF00FF00FF00FF00FF00FC0CFC74FE9EFE12FE02FC0CFC1C3F
:20E89E00FE06FF8F8F8FF0FFF0FFE0DFE0DFE0DFE0DFFF00FF011F11F1F1FFFF0FFF00FFB4
:20E8BE0000FFFF1F1F1FF0FFF0FF00FF00FF00FF00FFFF01FF011F11F1F1FFFF0FFF07FBE5
:20E8DE0007FB7FFF1FFF87FB67FB1FFF07FB07FB07FB000000000000000003030F0C3F30E4
:20E8FE007E610000000007077F78FEC1FC037887B84700000000F0F0FE0E07F803FC01FE71
:20E91E0000FF0000000000000000C0C0F030FC0CFE061F1F7F607F40FF80FF80FF80FF8056
:20E93E00F181F8F8FE06FE02FF01FF01FF01FF01FF01000001010302070407040F080F0808
:20E95E000F08E39CDD22DE21DE21EE11F10EFF00FF007887F807E01FE41BFE01FF00FF0011
:20E97E00FF0000FF00FF00FF00FF01FE03FCFF00FF00FF01FF00FF00FF00FF00DF20AF5088
:20E99E00DC2300008080C040E020E020F01010F010F0E0DFFEDFE1FFE0DFE0DFE0DF60FF42
:20E9BE003FFF7FFF1EFF80FF61FF1EFF00FF00FFFFFF7FFF1FFF87FB67FB1FFF07FB06FFC3
:20E9DE00FCFF0E090C0B0C0B040703020101000000000FF007F803FC03FC03FC83FC67786E
:20E9FE000F0FFF00FF00FF00FE013DC23DC2FF7F1F1FFF00FF000FF0F708FB04FB04FFFC30
:20EA1E00F9F9F807F00FF00FF00FF807FF01FE06F0F010F010F010F020E040C08080000007
:20EA3E00000000FF00FF70F870F030300131C9FFF8FF00FF00FF00FF00FFC1F9C1F98F8F13
:20EA5E000F8F1F1A1F151F101F10141B141B141B100FF8A8F858F909FB0A0BFA09F908F885
:20EA7E004FBF0000F8F8FC04FE02FF01FFC1FF9F18F8E0DFFEDFE1FFE0DFE0DFE0DF607F74
:20EA9E003F3FC0FC0CFC61FF80FF00FF00FF00FF00FF0F8F9EFF80E701E70EFF00FF00FFA6
:20EABE0000FF000000000000000007071E192E31714E00000000000000008080E060F01096
:20EADE00F808342B302F203F203F223D201F625D725D0EF94FB00FF744BC44BC44BC6C9860
:20EAFE006E9A30D0E0608080000000000000000000007F403F200F0C0F0B0F091917111EE6
:20EB1E00111E8C7404FC04FCF8F800001C1C3E22B6BE0000000000000000010101010302A3
:20EB3E000704725D725DF699E699E4BBE07FC07F807F2EDA0EFA07F907FD07FF03FE01FEAA
:20EB5E0001FE000000000000000080808080C040E02003FF03FF03FF83FFE3FFFFFFFFFF32
:20EB7E00FFFFC0FFC0FFDEFFFFFFFFFFFFFFFFFFE1FFFFFF80C080A0809F809F809F809F6C
:20EB9E00809FFFFF0103010701FF09FF09FF09FF09FF809F809F809F809F8F9F80BF80FFA6
:12EBBE00FFFF09FF09FF09FF09FFF9FF01FF01FFFFFF31
:020000040004F6
:0E427500A0120B3E6700000004C55B048550DC
:020000040002F8
:20716E000000000000000000000000000101010101010101000000000000000000000000F9
:20718E000101010101010101000000000000000000000101010101010101010100000000CF
:2071AE000000000000000101010101010101010100000000000000000000010101010101B1
:2071CE00010101010000000000000000000001010101010101010101000000000000010191
:2071EE00010101010101010101010101000000000000010101010101010101010101010167
:20720E00000000000101010101010101010101010101010100000000010101010101010148
:20722E00010101010101010101010101010101010101010101010101010101010101010120
:20724E00010101010101010101010101010101010101010101010101010101010101010100
:20726E000101010101010101010101010101010101010101010101010101010101010101E0
:20728E000101010101010101000000000101010101010101010101010101010100000000C8
:2072AE000000000001010101010100000000000000000000000000000101010101010101B2
:2072CE00010100000000000000000000010101010101010101010000000000000000000094
:2072EE00010101010101010101010000000000000101010101010101010101010101000068
:20730E00000000000101010101010101010101010101000000000000010101010101010149
:20732E00010101010101010100000000010101010101010101010101010101010000000027
:20734E00010101010101010101010101000000000000000001010101010101010101010107
:20736E000000000000000000010101010101010100000000000000000000000001010101F3
:20738E000101010100000000000000000000000000000101010101010000000000000000D5
:2073AE000000000000000101010101010000000000000000000000000101010101010101B1
:2073CE0001010101010100000000000001010101010101010101010101010000000000008B
:2073EE00010101010101010101010101010101010000000001010101010101010101010163
:20740E00010101010000000000000101010101010101010101010101010101010000010146
:20742E0001010101010101010101010101010101010101010101010101010101010101011E
:20744E000101010101010101010101010101010101010101010101010101010101010101FE
:20746E000101010101010101010101010101010101010101010101010101010101010101DE
:20748E000000000000000101010101010101010101010101000000000000010101010101CA
:2074AE0001010101010101010101010101010101010101010101010101010101010101019E
:2074CE0001010101010101010101010101010101010101010101010101010101010101017E
:2074EE0001010101010101010101010101010101010101010101010101010101010101015E
:20750E00010101010101000001010101010101010101010101010101010100000101010141
:20752E0001010101010101010101010101010101010101010101010101010101010101011D
:20754E000101010101010101010101010101010101010101010101010101010101010101FD
:20756E000101010101010101010101010101010100000101010101010000010101010101E1
:20758E000101010100000101010101010000010101010101010101010000010101010101C3
:2075AE0001010101010101010101010100000101010101010101010101010101010101019F
:2075CE00000001010101010101010101010101010101010100000101010101010101010181
:2075EE00010101010101010100000101010101010101010101010101010101010000010161
:20760E0001010101010101010101010101010101000001010101010101010101010101013E
:20762E0001010101000001010101010101010101010101010101010101010101010101011E
:20764E00010101010101000000000000010101010101010101010101010100000000000008
:20766E000101010101010101000000000000000000000000010101010101010100000000EC
:20768E000000000000000000010101010101010101010000000000000000000001010101CE
:2076AE000101010101010000000000000000000001010101010101010101010101010101A6
:2076CE00000000000101010101010101010101010101010100000000000000000101010188
:2076EE00010101010101010101010101000000000101010101010101010101010101010160
:20770E0001010101010101010101010101010101010101010101010101010101010101013B
:20772E0001010101010101010101010101010101010101010101010101010101010101011B
:20774E000101010101010101010101010101010101010101010100000101010101010101FD
:20776E000101010101010101010100000101010101010101010101010101010101010101DD
:20778E000101010101010101010101010101010101010101010101010101010101010101BB
:2077AE0001010101010101010101010101010101000000000101010101010101010101019F
:2077CE00010101010000000001010101010101010101010101010101000000000101010183
:2077EE00010101010101010101010101000000000101010101010101010101010000000063
:20780E0000000000010101010101010101010101000000000000000000000000000000004E
:20782E0000000000000000000000000000000000000000000000000000000000000000003A
:20784E0000000000000000000000000000000000000000000000000000000000000000001A
:20786E000000000000000000000100010001000200010002030303030303030304050405C8
:20788E0004050607040506080303030303030303000100010002090A00020303030303036A
:2078AE00030303030405060B06070C0D040E030303030303030303030002090A0001000127
:2078CE0000020303030303030303030306070C0D0405060B0608030303030303030303030E
:2078EE0000010001000203030303030303030303030303030405040506080303030303031A
:20790E0003030303030303030001000203030303030303030303030303030303060B0608EF
:20792E000303030303030303030303030303030303030303030303030303030303030303D9
:20794E000303030303030303030303030303030303030303030303030303030303030303B9
:20796E00030303030303030303030F10030303030303030303030303030303030303111263
:20798E0003030303030303030303030303030F10131415140303030303030303030303031C
:2079AE000303111216171817151415190303030303031A1B1A1B13141C0100011817181DB8
:2079CE000303030303030303030316170405040500010002030303030303030303031E01FC
:2079EE00090A0001060B0608030303030303030303031F050C0D04050303030303030303CA
:207A0E000303030303031E010001201403030303030303030303030303031F05040516176E
:207A2E0003030303030303030303030303031E0120141C010303030303030303030303037A
:207A4E0003031F051617040503030303030303032122232413141C011E01000103030303A6
:207A6E000303030325262728161704051F0504050303030303030303131415141C01090A57
:207A8E001E01000103030303030303031617181704050C0D1F050405292A03030303030390
:207AAE001E010001000100011E0100012B2C0303030303032D0B060B060B04052E0B040568
:207ACE0003030303030303030303030303031E0100011E010303030303030303030303030B
:207AEE0003032D0B04052E0B0F1003030303030303030303030303031E0100011112030366
:207B0E000303030303030303030303032D0B060B292A03030303030303030303030303036D
:207B2E00030303032B2C030303030303030303030303030303030303030303030303030386
:207B4E000303030303030303030303030303030303030303030303030303030303030303B7
:207B6E00030303030303030303030303030303030303030303030303030303030303030397
:207B8E000303030303030303292A292A292A03030303030303030303030303032B2C2B2CEE
:207BAE002B2C03030303030303030303030303030303030303030303030303030303030306
:207BCE00030303030303030303030303030303030303030303030303030303030303030337
:207BEE000303030303030F10030303030303030303030303030303030303111203030303E1
:207C0E000303030303030303030303030303292A03030303030303030303030303030303A9
:207C2E0003032B2C0303030303030303030303030303030303030303030303030303030385
:207C4E00030303030303030303030303030303030F1003030303030303030303030303039D
:207C6E00030303031112030303030303030303030303030303030303151903030303030351
:207C8E00292A03030303030303030303181D0303030303032B2C03030303030303030303A9
:207CAE000002030303030303030303030303030303030303040E030303030303030303034E
:207CCE0003030303030303030002030303030303030303030303032F30313203040E030378
:207CEE00030303030303030303033334353637380002030303030303030303030303393A7E
:207D0E003B3C3D3E040E03030303030303030303030303033F404103000203030303030350
:207D2E000303030303030303424344030608030303030303030303030303034546474803FF
:207D4E00030303030303030303030303212213141514151403030303030303030303030311
:207D6E0025261617181718170303030303030303292A131415141C01090A201403030303F4
:207D8E00030303032B2C1617181704050C0D1617030303030303030303031E010001000188
:207DAE0000011E01030303030303030303032D0B060B060B04052E0B0F10030303030303AA
:207DCE0003030303030303031E010001111203030303030303030303030303032D0B060BC7
:207DEE00292A292A030303030303030303030303030303032B2C2B2C0303030303030303D9
:207E0E000303030303030303030303030303030303030303030303030303030303030303F4
:207E2E000303030303030303030303030303030303030303030303030303030303030303D4
:207E4E00030303030303030303030303030303030303030303030303030303030303292A67
:207E6E000303030303030303030303030303030303032B2C03030303030303030303030343
:207E8E000303030303030303030303030303030303030F100303030303030303030303035B
:207EAE000303030303031112030303030303032F303132030303030313141514030303033D
:207ECE0003033334353637380303030316171817030303030303393A3B3C3D3E03030F1049
:207EEE001E01090A03030303030303033F404103030311121F050C0D03032122232403036B
:207F0E0042434403131415141C012014030325262728034546474803161718170405161794
:207F2E001514151415141514151415141514491415141C0118171817181718171817181757
:207F4E0018171617181704050001090A000100010001000100011E01090A000104050C0D11
:107F6E00040504050405040504051F050C0D040590
:209053004A0000FF00FF1EFF7FFFFFFFFFFFFFFFE1FF00FF00FF00FF80FFE1FFFFFFFFFFE8
:20907300FFFF07FB07FB07FB87FBE7FBFFFFFFFFFFFF00000000000000000000000000007B
:20909300000080FF1EFF61FF80FF00FF00FF00FF00FF7FFF1EFF80FF61FF1EFF00FF00FFB1
:2090B30000FF80FF1EFF61FF80FF00FF00FF00FFFFFF7FFF1FFF87FB67FB1FFF07FB06FF83
:2090D300FCFF7FFF1FFF87FB67FB1FFF07FB06FEFCFC00FF00FF70F870F030300131C9FFC6
:2090F300F8FF00FF00FF00FF00FFC1F9C1F98F8F0F8F7FFF1EFF80FF61FF1EFF00FF00FFA5
:20911300FFFFC0FC0CFC61FF80FF00FF00FF00FF00FF0F8F9EFF80E701E70EFF00FF00FF0A
:2091330000FF7FFF1FFF87FB67FB1FFF07FB07FB07FB000000000000000007071E192E31D5
:20915300714E00000000000000008080E060F010F8087F403F200F0C0F0B0F091917111E33
:20917300111E8C7404FC04FCF8F800001C1C3E22B6BE1F1F7F607F40FF80FF80FF80FF80D9
:20919300F181FFFFFF00FF00FF00FF00FF00FF00FF00FFFFFF00FF00FF00FF00FF00FF005B
:2091B300F111FF8F8F8FF0FFF0FFE0DFE0DFE0DFE0DFFF00FF011F11F1F1FFFF0FFF00FFF8
:2091D30000FFFF1F1F1FF0FFF0FF00FF00FF00FF00FFF8F8FE06FE02FF01FF01FF01FF0153
:2091F300FF01FFFF8080A0BF80FFFFFF000000000000FFFF010305FF01FFFFFF000000007E
:209213000000C0FFC0FFDEFFFFFFFFFFFFFFFFFFE1FFFF01FF011F11F1F1FFFF0FFF07FBE8
:2092330007FBE0DFE0DFFEDFFFFFFFFFFFFFFFFFE1FFE0DFFEDFE1FFE0DFE0DFE0DFE0DF6E
:20925300E0DF1FFF7FE07FC0FF80FF80FF80FF80F181000000000000000000000000010110
:209273000704000000000000000006061F139F91FFE700001C1C7F67FFC4FF40FF07FF094E
:20929300FF00000000000000C0C0F878F848F808F81807040F081F187F7C7F507F703F2803
:2092B3003F30FF44FFE0FF90FF80FF00FF00FF00FF00FF00FF00FF00FF00FF00FF00FF0007
:2092D300FF00FC0CFC74FE9EFE12FE02FC0CFC1CFE06FFFF80C080A0809F809F809F809F5A
:2092F300809FFFFF0103010701FF09FF09FF09FF09FF809F809F809F809F8F9F80BF80FFAA
:20931300FFFF09FF09FF09FF09FFF9FF01FF01FFFFFFE0DFFEDFE1FFE0DFE0DFE0DF607F8E
:209333003F3FE0DFFEDFE1FFE0DFE0DFE0DF60FF3FFF000000000000000003030F0C3F30B6
:209353007E610000000007077F78FEC1FC037887B84700000000F0F0FE0E07F803FC01FE71
:2093730000FF0000000000000000C0C0F030FC0CFE06000001010302070407040F080F08E4
:209393000F08E39CDD22DE21DE21EE11F10EFF00FF007887F807E01FE41BFE01FF00FF0032
:2093B300FF0000FF00FF00FF00FF01FE03FCFF00FF00FF01FF00FF00FF00FF00DF20AF50A9
:2093D300DC2300008080C040E020E020F01010F010F00E090C0B0C0B040703020101000024
:2093F30000000FF007F803FC03FC03FC83FC67780F0FFF00FF00FF00FE013DC23DC2FF7F6B
:209413001F1FFF00FF000FF0F708FB04FB04FFFCF9F9F807F00FF00FF00FF807FF01FE0615
:20943300F0F010F010F010F020E040C08080000000001F1A1F151F101F10141B141B141BE1
:20945300100FF8A8F858F909FB0A0BFA09F908F84FBF0000F8F8FC04FE02FF01FFC1FF9F80
:2094730018F8342B302F203F203F223D201F625D725D0EF94FB00FF744BC44BC44BC6C9811
:209493006E9A30D0E060808000000000000000000000000000000000000001010101030268
:2094B3000704725D725DF699E699E4BBE07FC07F807F2EDA0EFA07F907FD07FF03FE01FE8C
:2094D30001FE000000000000000080808080C040E020FFFFFF60FF40FF80FF80FF80FF80E2
:0294F300F18105
:020000040004F6
:0E428300145A0A5350000000097678096E7133
:020000040001F9
:204000000000000000000000000000000000000000000000000000000000000000000000A0
:20402000000000000000000000000000000000000000000000000000000000000000000080
:2040400000000000000000000000000000000000000000000000000001010000000000005E
:20406000000000000000000000000000000000000000000000000000000000000000000040
:20408000000000000000000000000000000000000000000000000000000000000000000020
:2040A000000000000000000000000000000000000000000000000000000000000000000000
:2040C0000000000000000000000000000000000000000000000000000000000000000000E0
:2040E0000000000001010000000000000000000000000000000000000000000000000000BE
:2041000000000000000000000000000000000000000000000000000000000000000000009F
:2041200000000000000000000000000000000000000000000000000000000000000000007F
:2041400000000000000000000000000000000000000000000000000000000000000000005F
:2041600000000000000000000000000000000000000000000000000000000000000000003F
:2041800000000000000000000000000000000000000000000000000000000000000000001F
:2041A0000000000000000000000000000000000000000000000000000000000000000000FF
:2041C0000000000000000000000000000000000000000000000000000000000000000000DF
:2041E0000000000000000000000000000000000000000000000000000000000000000000BF
:2042000000000000000000000000000000000000000000000000000000000000000000009E
:2042200000000000000000000000000000000000000000000000000000000000000000007E
:2042400000000000000000000000000000000000000000000000000000000000000000005E
:2042600000000000000000000000000000000000000000000000000000000000000000003E
:2042800000000000000000000000000000000000000000000000000000000000000000001E
:2042A0000000000000000000000000000000000000000000000000000000000000000000FE
:2042C0000000000000000000000000000000000000000000000000000000000000000000DE
:2042E0000000000000000000000000000000000000000000000000000000000000000000BE
:2043000000000000000000000000000000000000000000000000000000000000000000009D
:2043200000000000000000000000000000000000000000000000000000000000000000007D
:2043400000000000000000000000000000000000000000000000000000000000000000005D
:2043600000000000000000000000000000000000000000000000000000000000000000003D
:2043800000000000000000000000000000000000000000000000000000000000000000001D
:2043A0000000000000000000000000000000000000000101000001010101010100000000F5
:2043C0000000000000000000000000000000000000000000000000000000000000000000DD
:2043E0000000000000000000000000000000000000000000000000000000000000000000BD
:2044000000000000000000000000000000000000000000000000000000000000000000009C
:2044200000000000000000000000000000000000000000000000000000000000000001017A
:20444000000001010101010100000000000000000000000000000000000000000000000056
:2044600000000000000000000000000001010000000000000000000000000000000000003A
:2044800000000000000000000000000000000000000000000000000000000000000000001C
:2044A0000000000000000000000000000000000000000000000000000000000000000000FC
:2044C0000000000000000000000000000000000000000000000000000000000000000000DC
:2044E0000000000000000000000000000000000000000000000000000101000000000000BA
:2045000000000000000000000000000000000000000000000000000000000000000000009B
:2045200000000000000000000000000000000000000000000000000000000000000000007B
:2045400000000000000000000000000000000000000000000000000000000000000000005B
:2045600000000000000000000000000000000000000000000000000000000000000000003B
:2045800000000000000000000000000000000000000000000000000000000000000000001B
:2045A0000000000000000000000000000000000000000000000000000000000000000000FB
:2045C0000000000000000000000000000000000000000000000000000000000000000000DB
:2045E0000000000000000000000000000000000000000000000000000000000000000000BB
:2046000000000000000000000000000000000000000000000000000000000000000000009A
:2046200000000000000000000000000000000000000000000000000000000000000000007A
:2046400000000000000000000000000000000000000000000000000000000000000000005A
:2046600000000000000000000000000000000000000000000000000000000000000000003A
:20468000000000000000000000000000000000000000000000000000010100000000000018
:2046A0000000000000000000000000000101010101010000000000000000000000000000F4
:2046C0000000000000000000000000000000000000000000000000000000000000000000DA
:2046E0000000000000000000000000000000000000000000000000000000000000000000BA
:20470000000000000000000000000000000000000000000001010000010100000000000095
:20472000000000000101000000000000000000000000000000000000010101010101000071
:20474000000000000000000000000000000000000000000000000000000000000000000059
:20476000000000000000000000000000000000000000000000000000000000000000000039
:20478000000000000000000000000000000000000000000000000000000000000000000019
:2047A0000101000001010000000000000000000000000000000000000000000000000000F5
:2047C0000000000000000000000000000000000000000000000000000000000000000000D9
:2047E0000000010100000101010100000000000001010000000000000000000000000000B1
:20480000010101010000010100000000000000000000000000000000000000000000000092
:20482000000000000000000000000000000000000000000000000000000000000000000078
:20484000000000000000000000000000000000000000000000000000000000000000000058
:20486000000000000000000000000000000001010000010101010000000000000101000030
:20488000000000000000000000000000010101010000010100000000000000000000000012
:2048A0000000000000000000000000000000000000000000000000000000000000000000F8
:2048C0000000000000000000000000000000000000000000000000000000000000000000D8
:2048E0000000000000000000000000000000000000000000000000000000000000000000B8
:20490000000000000000000000000000000000000000000000000000000000000000000097
:20492000000000000000000000000000000000000000000000000000000000000000000077
:20494000000000000000000000000000000000000000000000000000000000000000000057
:20496000000000000000000000000000000000000000000000000000000000000000000037
:20498000000000000000000000000000000000000000000000000000000000000000000017
:2049A0000000000000000000000000000000000000000000000000000000000000000000F7
:1849C000000000000000000000000000000000000000000000000000DF
:209288000000000000000000000000000000000001020302030203040000000000000000B2
:2092A80000000000010203020302030203020302030203020302050603020302030201025E
:2092C800030203020302030403020302030203020506030203020304070800000000000031
:2092E80001020304000000000000000000000000000000000000000000000000000000005C
:2093080000000000010203020302050600000000000000000000000000000000090A0B0C03
:209328000B0C0D0E000000000000000000000000090A0D0A0D0A0B0C0B0C0B0C0B0C0B0C3F
:209348000B0C0F100B0C0B0C0B0C110C0B0C0B0C0B0C0B120B0C0B0C0B0C0B0C0F100B0C79
:209368000B0C0B121314000000000000090A0D0E000000000000000000000000000000005C
:2093880000000000000000000000000000000000090A0D0A0B0C0F10000000000000000065
:2093A80000000000000000000000010203040000000000000000000000000000000000009B
:2093C80000000102030203021516151603020302030203020302010203021718191A030498
:2093E800030203020302030203021718191A1B1C191D00000000000000000000000000007D
:20940800000000000000000000000000000000000000000000000000000000000000000044
:2094280001020302000000000000000000000000000000000000090A0D0E000000000000EE
:209448000000000000000000000000000000090A0D0A0D0A1E1F1E1F0D0A0D0A0D0A0D0AED
:209468000B0C200A0B0C212223240D250B0C0B0C0B0C0B0C0B0C212223242627232400003F
:209488000000000000000000000000000000000000000000000000000000000000000000C4
:2094A800000000000000000000000000090A0B0C0000000000000000000000002829000029
:2094C800000000000000000000000000000000000000000000000000000000000000000084
:2094E800000000000000000000000000010203020102010203040302030205060302030230
:20950800030201020304030203040000000000000000000000000000000000000000000028
:20952800000000000000000000000000000000000000000000000000000001020000000020
:2095480000000000000000002A2B00000000000000000000000000000000000000000000AE
:20956800000000000000000000000000000000000000000000000000090A0B0C200A110C72
:209588000B120B0C0B0C0F100B0C0B0C0B0C200A0D250B0C0B120000000000000000000084
:2095A8000000000000000000000000000000000000000000000000000000000000000000A3
:2095C800000000000000110C00000000000000000000000000000000000000000000000066
:2095E800000000000000000000000000000000000000000000000000000000000000000063
:209608000000000000000102030201020304030203020302030203020302030203020506FD
:20962800030400000000000000000000000000000000070800002C2D2E2F07080000000047
:209648000000000000000000000000000000000000000102000000000000000000000000FF
:209668000000000000000000000000000000000000000000000000000000000000000000E2
:20968800000000000000000000000000000000000000110C0B0C200A0D250B0C0D0A0D0AED
:2096A8000D0A0D0A0D0A0D0A0B0C0F100B12000000000000000000000000000000001314CC
:2096C800000030313233131400000000000000000000000000000000000000000000090A82
:2096E800000000000000000000000000070800000000000000000000000000000000000053
:2097080000000000000000000000000000000000000000000000000000000000000001023E
:209728000302030203020304000000000000000000000000010203020304000000000000FC
:20974800151615160000000000003418191D353635363418191D000000000000151615167B
:209768000000000000000000000000000000000000000000000000001314000000000000BA
:209788000000000000000000000000000000000000000000000000000000000000000000C1
:2097A80000000000000000000000090A0B0C0D0A0D0A0D0E0000000000000000000000002E
:2097C800090A0D0A0D0E0000000000001E1F1E1F00000000000021222324000000002122F5
:2097E80023240000000000001E1F1E1F0000000000000000000000000000000000000000A0
:209808000000341819181918191D151615163418191D000000000000000000000000000084
:20982800000015163418191819181918151615160000000000000000010215161516000067
:209848000000000000000000000000000000000000000000000000000102030400000000F6
:20986800000001020304000000000102030400000000000001020337151615160000000039
:20988800000000000000000000000000000021222322232223241E1F1E1F212223240000A8
:2098A80000000000000000000000000000001E1F21222322232223221E1F1E1F00000000D7
:2098C80000000000090A1E1F1E1F00000000000000000000000000000000000000000000F3
:2098E80000000000110C0B12000000000000090A0D0E00000000110C0B12000000000000BE
:20990800110C0B0C1E1F1E1F0000000000000000000000000000000007080102050603026F
:209928000304191819180102030400002C2D2E2F07080000151634181918191838020506C9
:209948000302030203020304000000000000000000000000000000000000000000000000E9
:209968000000000000000000000000000000000001020304000000000000000000000000D5
:2099880000000102030400000000000001020506030203042E2F000007080000000000002F
:2099A800000000001314110C0F100B0C0B1223222322110C0B120000303132331314000057
:2099C8001E1F2122232223220B0C0F100B0C0B0C0B0C0B12000000000000000000000000DD
:2099E80000000000000000000000000000000000000000000000000000000000110C0B1225
:209A08000000000000000000000000000000110C0B12000000000000110C0F100B0C0B1294
:209A280032330000131400001918191819181918191838021718191A0304030203020102ED
:209A480003371918191819181918191819181918191A03020302030203020506030203040F
:209A68000000070800002C2D2E2F0000000000002C2D341815161516191D000000000000E8
:209A88002C2D2E2F00000708010203040000000000000000000000000000010203040000E5
:209AA8000000000001021718191A03371918191819181918232223222322232223220B0CCB
:209AC800212223240B120B0C0B0C110C0B0C232223222322232223222322232223240B0C34
:209AE8000B0C0B0C0B0C0F100B0C0B12000013140000303132330000000000003031212235
:209B08001E1F1E1F23240000000000003031323300001314110C0B12000000000000000055
:209B2800000000000000110C0B12000000000000110C212223240B0C232223222322232211
:209B480003020302030205060302030201020337191A030203020102030203020302050642
:209B680003020302030203020304030203021718191A03021718191819181918191819182D
:209B88001918191819181918191838020302030203371918191819181918191819181918F3
:209BA8003802030400000000000015161516191819183802030400000000000039183802D8
:209BC8000304030203020302030203020B0C0B0C0B0C0F100B0C0B0C110C0B0C23240B0C39
:209BE8000B0C110C0B0C0B0C0B0C0F100B0C0B0C0B0C0B0C0B120B0C0B0C212223240B0C7D
:209C0800212223222322232223222322232223222322232223220B0C0B0C0B0C0B0C2322A6
:209C28002322232223222322232223220B0C0B123A3A3A3A3A3A1E1F1E1F232223220B0CD3
:189C48000B123A3A3A3A3A3A21220B0C0B120B0C0B0C0B0C0B0C0B0CA1
:020000040002F8
:20EBD0003B0000000000000000000000000000000000E0DFE0DFFEDFFFFFFFFFFFFFFFFF97
:20EBF000E1FF00FF00FF00FF80FFE1FFFFFFFFFFFFFF00FF00FF1EFF7FFFFFFFFFFFFFFF3C
:20EC1000E1FF07FB07FB07FB87FBE7FBFFFFFFFFFFFF00FF00FF70F870F030300131C9FF80
:20EC3000F8FF00FF00FF00FF00FFC1F9C1F98F8F0F8F000000000000000007071E192E31FD
:20EC5000714E00000000000000008080E060F010F808E0DFFEDFE1FFE0DFE0DFE0DF607F0D
:20EC70003F3F7FFF1EFF80FF61FF1EFF00FF00FFFFFF80FF1EFF61FF80FF00FF00FF00FFFB
:20EC900000FF7FFF1EFF80FF61FF1EFF00FF00FF00FF80FF1EFF61FF80FF00FF00FF00FF59
:20ECB000FFFF7FFF1FFF87FB67FB1FFF07FB06FEFCFCC0FC0CFC61FF80FF00FF00FF00FF0A
:20ECD00000FF0F8F9EFF80E701E70EFF00FF00FF00FFE0DFFEDFE1FFE0DFE0DFE0DFE0DF19
:20ECF000E0DF7FFF1FFF87FB67FB1FFF07FB07FB07FB7F403F200F0C0F0B0F091917111ED7
:20ED1000111E8C7404FC04FCF8F800001C1C3E22B6BEFFFF80C080A0809F809F809F809FDE
:20ED3000809FFFFF0103010701FF09FF09FF09FF09FF1FFF7FE07FC0FF80FF80FF80FF80C2
:20ED5000F181FFFFFF00FF00FF00FF00FF00FF00FF00FFFFFF00FF00FF00FF00FF00FF0042
:20ED7000F111F8FFFE07FE03FF01FF01FF01FF01FF0100FF00FF00FF01FF87FFFFFFFFFF05
:20ED9000FFFF03FF03FF7BFFFFFFFFFFFFFFFFFF87FFF8F8FE06FE02FF01FF01FF01FF0175
:20EDB000FF01809F809F809F809F8F9F80BF80FFFFFF09FF09FF09FF09FFF9FF01FF01FFC5
:20EDD000FFFFE0DFFEDFE1FFE0DFE0DFE0DF60FF3FFFFF8F8F8FF0FFF0FFE0DFE0DFE0DF08
:20EDF000E0DFFF00FF011F11F1F1FFFF0FFF00FF00FFFF1F1F1FF0FFF0FF00FF00FF00FFF2
:20EE100000FFFF01FF011F11F1F1FFFF0FFF07FB07FB7FFF1FFF87FB67FB1FFF07FB06FF1C
:20EE3000FCFFFEFF78FF01FF86FF78FF00FF00FF00FF01FF78FF86FF01FF00FF00FF00FF61
:20EE500000FF03030303060606060C0C0C0C19191919C0C0C0C0606060603030303098987B
:20EE700098983131313160606161C0C0C0C0FFFFFFFF8C8C8C8C0606868603030303FFFFBE
:20EE9000FFFF00000000000000000000000001010704000000000000000006061F139F91E9
:20EEB000FFE700001C1C7F67FFC4FF40FF07FF09FF00000000000000C0C0F878F848F808FF
:20EED000F81807040F081F187F7C7F507F703F283F30FF44FFE0FF90FF80FF00FF00FF00FD
:20EEF000FF00FF00FF00FF00FF00FF00FF00FF00FF00FC0CFC74FE9EFE12FE02FC0CFC1CC7
:20EF1000FE061F1F7F607F40FF80FF80FF80FF80F181FFFF8080A0BF80FFFFFF00000000B9
:20EF30000000FFFF010305FF01FFFFFF00000000000003FF03FF03FF83FFE3FFFFFFFFFF57
:20EF5000FFFFC0FFC0FFDEFFFFFFFFFFFFFFFFFFE1FFFFDFFFE0FFC0FF80FF80FF80FF80F8
:12EF7000F181181818183C242C246E424E42CF818F816D
:020000040004F6
:0E4291008C120BD06B00000006885205004016
:020000040001F9
:20270500010101010101010101010101010101010101010101010101010101010101010194
:20272500010101010101010101010101010101010101010101010101010101010101010174
:2027450001010101010100000000000000000000010101010101010101010101010101015E
:2027650001010101010101010101010101010000000000000000010101010101010101013C
:20278500010101010101010101010101010101010101010100000000000000000000000020
:2027A5000101010101010101010101010101010101010101010101010101010101010101F4
:2027C5000101010101010101010101010101010101010101010101010101010101010101D4
:2027E5000101010101010000000000000000000001010101010101010101010101010101BE
:2028050001010101010101010101010101010000000000000000010101010101010101019B
:2028250001010101010101010101010101010101010101010000000000000101010100007B
:20284500010101010101010101010101010101010101010101010101010101010101010153
:20286500010101010101010101010101010101010101010101010101000001010101010135
:2028850001010101010100000000000000000000010101010101010101010101010101011D
:2028A5000101010101010101010101010101000000000000000001010101010101010101FB
:2028C5000101010101010101010101010101010101010101010101010000000000000000DB
:2028E5000101010101010101010101010101010101010101010101010101010101010101B3
:20290500010101010101010101010101010101010101010101010101000001010101010194
:2029250001010101010100000000000000000000010101010101010101010101010101017C
:2029450001010101010101010101010101010000000000000000010101010101010101015A
:2029650001010101010101010101010101010101010101010101010100000000000000003A
:20298500010101010101010101010101010101010101010101010101010101010101010112
:2029A5000101010101010101010101010101010101010101010101010101010100000101F4
:2029C5000101010101010000000000000000000001010101010101010101000000000000E2
:2029E5000000000001010101010101010101010101010000000001010101010101010101BA
:202A0500010101010101010101010101010101010101010101010101000000000000000099
:202A2500010101010101010101010101010101010101010101010101010101010101010171
:202A4500010101010101010101010101010101010101010101010101010101010000010153
:202A650001010101010100000000000000000000010101010101010101010101010101013B
:202A8500010101000000010101010101010101010101000000000101010101010101010118
:202AA5000101010101010101010101010101010101010101010101010000000000000000F9
:202AC5000101010101010101010101010101010101010101010101010101010101010101D1
:202AE5000101010101010101010101010101010101010101010101010101010101010101B1
:202B05000000010101010000000000000000000001010101010101010101000000000101A0
:202B2500010101010100000001010101010101010101010101010101010101010101010173
:202B4500010101010101010101010101010101010101010101010101010101010000000054
:202B6500010101010101010101010101010101010101010101010101010101010101010130
:202B8500010101010101010101010101010101010101010101010101010101010101010110
:202BA500000001010101000000000000000000000101010101010101010100000000010100
:202BC5000101010101010100000001010101010101010101010101010101010101010101D3
:202BE5000101010101010101010101010101010101010101010101010101010100000000B4
:202C050001010101010101010101010101010101010101010101010101010101010101018F
:202C2500010101010101010101010101010101010101000000000000010101010101010175
:202C4500010101010101010100000000000001010101010101010101010100000000010159
:202C6500010101010101010101000000010101010101010101010101010101010101010132
:202C850001010101010101010101010101010101010101010101010101010101010101010F
:202CA5000101010101010101010101010101010101010101010101010101010101010101EF
:202CC5000101010101010101010101010101010101010101000101000000010101010101D3
:202CE5000101010101010101000000000000010101010101010101010101000000000101B9
:202D0500010101010101010101010100000001010101010101010101010101010101010191
:202D250001010101010101010101010101010101010101010101010101010101010101016E
:202D4500010101010101010100000000010101010101010101010101010100000000000058
:202D650000000000000001010101010100000000010101010101010101000000010101013B
:202D8500010101010101010100000000010101010101010101010101010100000000010116
:202DA5000101010101010101010101010100000001010101010101010101010101010101F1
:202DC5000101010101010101010101010101010101010101010101010101010101010101CE
:202DE5000101010101010101000000000101010101010101010101010000000100010101B6
:202E0500010101010001010101010101000000000101010101010101010101000000010195
:202E2500010101010101010100000000010101010101010101010101010100000000010175
:202E4500010101010101010101010101010101000000010101010101010101010101010150
:202E650001010101010101010101010101010101010101010101010101010101010101012D
:202E850001010101010101010000000001010000000000000000000000010101010101011C
:202EA5000101010101010101000000000000000001010101010101010101010101000000F8
:202EC5000101010101010101010101010101010101010101010101010101000000000101D1
:202EE5000101010101010101010101010101010101000000000000000000000000000101BA
:202F0500010101010000000001010101010101010101010101010101010101010101010190
:202F2500010101010101010100000000010101010001010101010101010101010101010171
:202F4500010101010101010100000000000000000101010101010101010101010101010055
:202F6500000001010101010101010101010101010101010101010101010100000000010132
:202F850001010101010101010101010101010101010101010101000101010101000101010E
:202FA5000101010100000000010101010101010101010101010101010101010101010101F0
:202FC5000000000000000000000000000101010101010101010101010101010101010101D8
:202FE5000101010101010101000000000000000001010101010101010101010101010101B4
:20300500010000000101010101010101010101010101010101010101010100000000010192
:2030250001010101010101010101010101010101010101010101010101010101010101016B
:20304500000000000000000001010101000000000000000000000000000000000000000067
:20306500000000000000000000000000010101010101010101010101010101010101010137
:20308500010101010101010100000000000000000101010101010101010101010101010113
:2030A5000101010000000101010101010101010101010101010101010101000000000101F2
:2030C5000101010101010101010101010101010101010101010101010101010101010101CB
:2030E5000000000000000000010101010000000000000000000000000000000000000000C7
:20310500000000000000000000000000010101010101010101010101010101010101010196
:20312500010101010101010100000000000000000101010101010101010101010101010172
:20314500010101010100000000000000000000000000000000000000000000000000000065
:2031650000000000010101010101010101010101010101010101010101010101010101012E
:20318500000000000000000001010101000000000000000000000000000000000000000026
:2031A5000000000000000000000000000101010101010101010101010101010101010101F6
:2031C5000101010101010101000000000000000001010101010101010101010101010101D2
:2031E5000101010101010101010100010101010101010001010101010101000000000000B2
:2032050000000000010101010101010101010101010101010101010101010101010101018D
:20322500000000000000000001010101000000000000000000000000000000000000000085
:2049D8000000000000000000000000000000000000000000000000000000000000000000BF
:2049F80000000000000000000000000000000000000000000000000000000000000000009F
:204A1800000000000000010203020302030203040000000000000000000000000000000065
:204A380000000000000000000000000000000102030401020304000000000000000000004A
:204A5800000000000000000000000000000000000000000001020302030203020302030222
:204A780000000000000000000000000000000000000000000000000000000000000000001E
:204A98000000000000000000000000000000000000000000000000000000000000000000FE
:204AB80000000000000005060706070607060708000000000000000000000000000000009D
:204AD80000000000000000000000000000000506070805060708000000000000000000008A
:204AF8000000000000000000000000000000000000000000090A0B0A070607060706070642
:204B180000000000000000000000000000000000000000000000000000000000000000007D
:204B380000000000000000000000000000000000000000000000000000000000000000005D
:204B580000000000000001020C0D0302030203040000000000000000000000000000000010
:204B780000000000000000000000000000000E0F0E0F0102030400000000000000000000D9
:204B9800000000000000000000000000000000000000000000000000010203020C0D0302D7
:204BB8000000000000000000000000000000000000000000000000000000000000000000DD
:204BD8000000000000000000000000000000000000000000000000000000000000000000BD
:204BF800000000000000050610110706070607080000000000000000000000000000000048
:204C1800000000000000000000000000000012131213050607080000000000000000000018
:204C3800000000000000000000000000000000000000000000000000050607061011070616
:204C580000000000000000000000000000000000000000000000000000000000000000003C
:204C780000000000000000000000000000000000000000000000000000000000000000001C
:204C9800000000000000010203020302030203040000000000000000000014151515151566
:204CB8001515161700000000000000000000000000000E0F0E0F000000000000000000004B
:204CD8000000000000000000000000000000000000000000000000000102030203020302AA
:204CF80000000000000000000000000000000000000000000000000000000000000000009C
:204D180000000000000000000000000000000000000000000000000000000000000000007B
:204D380000000000000005060706070607060708000000000000000000000000000000001A
:204D58000000001816170000000000000000000000001213121300000000000000000000AC
:204D7800000000000000000000000000000000000000000000000000090A0B0A07060706D9
:204D98000000000000000000000000000000000000000000000000000000000000000000FB
:204DB8000000000000000000000000000000000000000000000000000000000000000000DB
:204DD8000000000000000102030203020C0D0304000000000000000000000E0F0E0F000054
:204DF800000000000018161700000000000000000000000000000000000000000000000056
:204E1800000000000000000000000000000000000000000000000000000000000102030272
:204E380000000000000000000000000000000000000000000000000000000000000000005A
:204E580000000000000000000000000000000000000000000000000000000000000000003A
:204E7800000000000000090A0706070610110B19000000000000000000001213121300005E
:204E98000000000000000018161700000000000000000000000000000000000000000000B5
:204EB80000000000000000000000000000000000000000000000000000000000090A0B0AB2
:204ED80000000000000000001A1B1C1D00000000000000000000000000000000000000004C
:204EF8000000000000000000000000000000000000001E151F151617000000000000000006
:204F1800000000000000000001020302030400000000000000000000000001020304000060
:204F3800000000000000000000181617000000000000000000000000000000000000000014
:204F5800000000000000000000000000000000000000000000000000000000000000000039
:204F7800000000000000000020212223000000000000000000000000000000000000000093
:204F9800000000000000000000000000000000000000000024000018161700000000000090
:204FB8000000000000000000090A0B0A0B1900000000000000000000000005060708000073
:204FD800000000000000000000000018161700000000000000000000000000000000000074
:204FF800000000000000000000000000000000000000000000000000000000000000000099
:205018000000000000000000252627280000000000000000000000000000292A1F1515152D
:20503800151515151F2B0000000000000E0F0E0F000000000000000000181617000000003B
:2050580000000000000000000E0F0E0F000000000000000000000000000001020304002CC8
:205078002D2E2F000000000000000000001816170000000000000000000000000000000049
:205098000000000000000000000000000000000000000000000000000000000000000000F8
:2050B800000000000000000030313233000000000000000000000000292A34002400000067
:2050D800000000002400000000000000121312130000000000000000000000181617000005
:2050F8000000000000000000121312130000000000000000000000000000050607083536C9
:205118003738393A0000000000000000000000181617000000000000000000000000000050
:20513800000000000000000000000000000000000000000000000000000000000000000057
:205158000000000000003B3C0102030400001E151F1515151515151534000000000000009D
:2051780000000000000000000E0F0E0F01020304000000000000000000000000001816178E
:205198000000000000000000000000000000000000000000000000000000010203043D3E72
:2051B8003F4041420000000000000000000000000018151515151F15151515151F2B000097
:2051D800000000000E0F0E0F00000000000000001A1B1C1D00003B3C000000000000000098
:2051F8000000000000004344050607080000000024000000000000000000000000000000D2
:205218000000000000000000121312130506070800000000000000000000000000000018FA
:2052380016170000000000000000000000000000000000000000000000000506070800000F
:2052580045464700000000000000000000000000000000000000240000000000240000001C
:205278000000000012131213000000000000000020212223000043440000000000000000BF
:20529800272627262726272648020304000000000000000000000000000000000000000071
:2052B8000000000000000000010203020C0D030400000000000000000000000000000000AE
:2052D800001816170000000000000000000000000000000000000000000001020304000067
:2052F800494A4B0000000000000000000000000000000000000000000000000000000000B8
:205318000E0F0E0F0102030400000000252627262726272627262726272627262726272631
:205338003231323132313231070607080000000000000000000000000000000000000000AD
:205358000000000000000000050607061011070800000000000000000000000000000000ED
:20537800000000181617000000000000000000000000000000000000000005060708004C6A
:205398004D4E4F00000000000000000000000000000000000000000000000000000000000B
:2053B800121312130506070800000000303132313231323132313231323132313231323195
:2053D800030203020302030203020304000000000000000000000000000000000000000095
:2053F800000000000000000001020302030203040000000000000000000000000000000081
:20541800000000000018151515151F151515151515151F1515151515151501020350272601
:205438002726272800000000000000000000000000000000000000000000000000000000B8
:20545800010203040102030400000000010203020C0D0302030203020302030203020302DC
:205478000706070607060706070607080000000000000000000000000000000000000000C4
:205498000000000000000000050607060706070800000000000000000000000000000000C0
:2054B800000000000000000000002400000000000000240000000000000005060706323111
:2054D8003231323300000000000000000000000000000000000000000000000000000000EC
:2054F8000506070805060708000000000506070610110706070607060706070607060706CC
:020000040002F8
:20339300510000000000000000000000000000000000E0DFE0DFFEDFFFFFFFFFFFFFFFFF76
:2033B300E1FF00FF00FF00FF80FFE1FFFFFFFFFFFFFF00FF00FF1EFF7FFFFFFFFFFFFFFF31
:2033D300E1FF07FB07FB07FB87FBE7FBFFFFFFFFFFFFE0DFFEDFE1FFE0DFE0DFE0DFE0DF1E
:2033F300E0DF7FFF1EFF80FF61FF1EFF00FF00FF00FF80FF1EFF61FF80FF00FF00FF00FFEF
:2034130000FF7FFF1FFF87FB67FB1FFF07FB07FB07FBE0DFFEDFE1FFE0DFE0DFE0DF607F5E
:203433003F3F7FFF1EFF80FF61FF1EFF00FF00FFFFFF80FF1EFF61FF80FF00FF00FF00FFF0
:20345300FFFF00FF00FF70F870F030300131C9FFF8FF00FF00FF00FF00FFC1F9C1F98F8FB6
:203473000F8FFFFF80C080A0809F809F809F809F809FFFFF0103010701FF09FF09FF09FF80
:2034930009FFC0FC0CFC61FF80FF00FF00FF00FF00FF0F8F9EFF80E701E70EFF00FF00FFDD
:2034B30000FF809F809F809F809F8F9F80BF80FFFFFF09FF09FF09FF09FFF9FF01FF01FF7C
:2034D300FFFFFFFFA2FFC4FF88FFFFFF000000000000FFFF22FF44FF88FFFFFF000000000D
:2034F3000000C0C030F02CFC43FFC2FF343F0C0F03030000000000000000C0C030F02CFC92
:2035130043FFC2FF343F0C0F030300000000000000007FFF1FFF87FB67FB1FFF07FB06FE5D
:20353300FCFC00000000000000000000000001010704000000000000000006061F139F9105
:20355300FFE700001C1C7F67FFC4FF40FF07FF09FF00000000000000C0C0F878F848F80815
:20357300F8187F7FA2FFC4FF88FF7F7F000000000000FFFF22FF44FF88FFFFFF2A3E223E92
:20359300141C07040F081F187F7C7F507F703F283F30FF44FFE0FF90FF80FF00FF00FF00D3
:2035B300FF00FF00FF00FF00FF00FF00FF00FF00FF00FC0CFC74FE9EFE12FE02FC0CFC1CBD
:2035D300FE06080800000000000000000000000000001F1F7F607F40FF80FF80FF80FF80EC
:2035F300F181FFFFFF00FF00FF00FF00FF00FF00FF00FFFFFF00FF00FF00FF00FF00FF0057
:20361300F111F8F8FE06FE02FF01FF01FF01FF01FF01000000000000000003030C0F343F0D
:20363300C2FF03030C0F343FC2FF43FF2CFC30F0C0C0FEFE23FF45FF89FFFEFE0000000071
:203653000000000000000000000003030F0C3F307E610000000007077F78FEC1FC03788726
:20367300B84700000000F0F0FE0E07F803FC01FE00FF0000000000000000C0C0F030FC0CA8
:20369300FE06FF8F8F8FF0FFF0FFE0DFE0DFE0DFE0DFFF00FF011F11F1F1FFFF0FFF00FF71
:2036B30000FFFF1F1F1FF0FFF0FF00FF00FF00FF00FFFF01FF011F11F1F1FFFF0FFF07FBA2
:2036D30007FB43FF2CFC30F0C0C00000000000000000000001010302070407040F080F0880
:2036F3000F08E39CDD22DE21DE21EE11F10EFF00FF007887F807E01FE41BFE01FF00FF002F
:20371300FF0000FF00FF00FF00FF01FE03FCFF00FF00FF01FF00FF00FF00FF00DF20AF50A5
:20373300DC2300008080C040E020E020F01010F010F0000000000000000007071E192E31D3
:20375300714E00000000000000008080E060F010F8080E090C0B0C0B040703020101000000
:2037730000000FF007F803FC03FC03FC83FC67780F0FFF00FF00FF00FE013DC23DC2FF7F47
:203793001F1FFF00FF000FF0F708FB04FB04FFFCF9F9F807F00FF00FF00FF807FF01FE06F2
:2037B300F0F010F010F010F020E040C08080000000007F403F200F0C0F0B0F091917111E4C
:2037D300111E8C7404FC04FCF8F800001C1C3E22B6BE1F1A1F151F101F10141B141B141B53
:2037F300100FF8A8F858F909FB0A0BFA09F908F84FBF0000F8F8FC04FE02FF01FFC1FF9F3D
:2038130018F8C0FFC0FFDEFFFFFFFFFFFFFFFFFFE1FF342B302F203F203F223D201F625D79
:20383300725D0EF94FB00FF744BC44BC44BC6C986E9A30D0E060808000000000000000004E
:20385300000000000000000000000101010103020704725D725DF699E699E4BBE07FC07F58
:20387300807F2EDA0EFA07F907FD07FF03FE01FE01FE000000000000000080808080C0401D
:12389300E02003FF03FF03FF83FFE3FFFFFFFFFFFFFFBF
:020000040004F6
:0E429F00A01208937300000005D849040567BB
:020000040003F7
:20DFA20000000000000000000000000000000000000000000000000000000000000000005F
:20DFC20000000000000000000000000000000000000000000000000000000000000000003F
:20DFE20000000000000000000000000000000000000000000000000000000000000000001F
:20E002000000000000000000000000000000000000000000000000000000000000000000FE
:20E022000000000000000000000000000000000000000000000000000000000000000000DE
:20E042000000000000000000000000000000000000000000000000000000000000000000BE
:20E06200000000000000000000000000000000000000000001010101010100000000000098
:20E08200000000000000000001010101010100000000000000000101000000000101010172
:20E0A200010100000000000000000101000000000101010101010000000000000000000054
:20E0C200000000000101010101010000000000000000000000000000010101010101000032
:20E0E20000000000000000000000000000000000000000000000000000000000000000001E
:20E102000000000000000000000100010001000100010002030303030303030304050405CC
:20E12200040504050405060703030303030303030001080900010001000203030303030375
:20E142000303030304050A0B04050405040C0303030303030303030300010001000108093F
:20E162000002030303030303030303030405040504050A0B06070303030303030303030322
:20E18200000100010001000203030303030303030303030304050405060D06070303030316
:20E1A20003030303030303030001000203030303030303030303030303030303060D0607F2
:20E1C20003030303030303030303030303030303030303030303030303030303030E0F10B9
:20E1E20011030303030303030303030303030303121314151617030303030303030318191B
:20E20200030303031A1B1C1D1E1F0303030303030303202103030303030322232403030368
:20E22200252625262526252626270303030328292A0303032B2C2B2C2B2C2B2C2D2E030316
:20E24200032F3031320303030001000100010001003325262526252625262526040504052E
:10E262000405040504052B2C2B2C2B2C2B2C2B2CDE
:200F4500340000FF00FF1EFF7FFFFFFFFFFFFFFFE1FF00FF00FF00FF80FFE1FFFFFFFFFF8D
:200F6500FFFF07FB07FB07FB87FBE7FBFFFFFFFFFFFF00000000000000000000000000000A
:200F8500000080FF1EFF61FF80FF00FF00FF00FF00FF7FFF1EFF80FF61FF1EFF00FF00FF40
:200FA50000FF80FF1EFF61FF80FF00FF00FF00FFFFFF7FFF1FFF87FB67FB1FFF07FB06FE13
:200FC500FCFC00FF00FF70F870F030300131C9FFF8FF00FF00FF00FF00FFC1F9C1F98F8F6F
:200FE5000F8FC0FC0CFC61FF80FF00FF00FF00FF00FF0F8F9EFF80E701E70EFF00FF00FF1A
:2010050000FF7FFF1FFF87FB67FB1FFF07FB07FB07FB7FFF1EFF80FF61FF1EFF00FF00FF93
:20102500FFFF000000000000000003030F0C3F307E610000000007077F78FEC1FC0378877C
:20104500B84700000000F0F0FE0E07F803FC01FE00FF0000000000000000C0C0F030FC0CFC
:20106500FE06000001010302070407040F080F080F08E39CDD22DE21DE21EE11F10EFF008C
:20108500FF007887F807E01FE41BFE01FF00FF00FF0000FF00FF00FF00FF01FE03FCFF005B
:2010A500FF00FF01FF00FF00FF00FF00DF20AF50DC2300008080C040E020E020F01010F033
:2010C50010F0000000000000000007071E192E31714E00000000000000008080E060F01068
:2010E500F8080E090C0B0C0B040703020101000000000FF007F803FC03FC03FC83FC67783B
:201105000F0FFF00FF00FF00FE013DC23DC2FF7F1F1FFF00FF000FF0F708FB04FB04FFFC01
:20112500F9F9F807F00FF00FF00FF807FF01FE06F0F010F010F010F020E040C080800000D9
:2011450000007F403F200F0C0F0B0F091917111E111E8C7404FC04FCF8F800001C1C3E2209
:20116500B6BE1F1A1F151F101F10141B141B141B100FF8A8F858F909FB0A0BFA09F908F881
:201185004FBF0000F8F8FC04FE02FF01FFC1FF9F18F8FFFFFF00FF00FF00FF00FF00FF00E6
:2011A500F111FFFFFF00FF00FF00FF00FF00FF00FF00F8F8FE06FE02FF01FF01FF01FF013D
:2011C5008F81342B302F203F203F223D201F625D725D0EF94FB00FF744BC44BC44BC6C9842
:2011E5006E9A30D0E060808000000000000000000000FF1F1F1FF0FFF0FF00FF00FF00FF6B
:2012050000FFFF00FF011F11F1F1FFFF0FFF00FF00FFFF00FF80F8888F8FFFFFF0FF00FFA7
:2012250000FFFFF1F1F10FFF0FFF07FB07FB07FB07FB0000000000000000010101010302AB
:201245000704725D725DF699E699E4BBE07FC07F807F2EDA0EFA07F907FD07FF03FE01FE7C
:2012650001FE000000000000000080808080C040E02003FF03FF03FF83FFE3FFFFFFFFFF04
:02128500FFFF69
:020000040004F6
:0E42AD0014120C454F0000000F0A610FA25FB3
:020000040003F7
:20E2720000000000000000000000000000000000000000000000000000000000000000008C
:20E2920000000000000000000000000000000000000000000000000000000000000000006C
:20E2B20000000000000000000000000000000000000000000000000000000000000000004C
:20E2D20000000000000000000000000000000000000000000000000000000000000000002C
:20E2F20000000000000000000000000000000000000000000000000000000000000000000C
:20E312000000000000000000000000000000000000000000000000000000000000000000EB
:20E332000000000000000000000000000000000000000000000000000000000000000000CB
:20E352000000000000000000000000000000000000000000000000000000000000000000AB
:20E3720000000000000000000000000000000000000000000000000000000000000000008B
:20E3920000000000000000000000000000000000000000000000000000000000000000006B
:20E3B20000000000000000000000000000000000000000000000000000000000000000004B
:20E3D20000000000000000000000000000000000000000000000000000000000000000002B
:20E3F200000000000000000000000000000000000000000000000000000000000102030401
:20E412000000000000000000000000000000000005060708000000000000000000000000D0
:20E432000000090A0B0A0B0C00000000000000000000000000000D0E0F0E0F100000000034
:20E45200000011120000000000001314151415160000000000001718000000000000191AAA
:20E472001B1C1B1D000000000B0A0B0C0000000000000000131415141E1F1E1F0F0E0F10E9
:20E492000000000000000000191A201A212221221514151601020304000000000000000019
:20E4B200131413141B1C1B1D050607080000000000000000191A231C151424250B0A0B0C63
:20E4D2001112000000000000000013141B1C26270F0E0F1017180000000000000000231CB2
:20E4F20015141514151424250B0C000000000000000013141B1C1B1C1B1C26270F100000F7
:20E51200000000000000231C151415141514151424250B0A0B0C2829282913141B1C1B1C5A
:10E532001B1C1B1C26270F0E0F1000000000231CA3
:205ACE002A000000000000000000000000000000000000000000000000000000010101018A
:205AEE00070600000000030307040F089F90FF70FF003030FEDEFF01FF00FF00FF01FF028B
:205B0E00FF00000000008080C040E020F090F888F8080F081F101F103F237F427F603F20A2
:205B2E001F10FF00FF00FF00FF00FF80FF00FF00FF00FF00FF00FF00FF00FF02FF01FF03B1
:205B4E00FF00FC04FE06FE02FC04FC04F808FC04FC0C0F0F3F307F407F40FF80FF80FF80A4
:205B6E00FF80FFFFFF00FF00FF00FF00FF00FF00FF01FFFFFF00FF00FF00FF00FF00FF00A8
:205B8E00FF80F0F0FC0CFE02FE02FF01FF01FF01FF01FFC0FFE0FFF8DFFFC7FFC0FFC0FFD9
:205BAE00C0FFFF03FE07FC1FF8FFE0FF00FF00FF00FFFFC07FE03FF81FFF07FF00FF00FFAC
:205BCE0000FFFF03FF07FF1FFBFFE3FF03FF03FF03FF0000000000000707181F3C233F20AD
:205BEE001F1E000000000000C0C030F07888FC04FE02C0FFC0FFDEFFFFFFFFFFFFFFFFFF67
:205C0E00FFFF00FF00FF00FF80FFE1FFFFFFFFFFFFFF00FF00FF1EFF7FFFFFFFFFFFFFFF8F
:205C2E00FFFF03FF03FF03FF83FFE3FFFFFFFFFFFFFF030307070B0F090F111F111F111F1E
:205C4E00111F8EF2C6FAA4BC1818000038387C446C7CF1FFC0FFC0FFC0FFC0FFC0FF607F94
:205C6E003F3FFFFF7FFF1FFF00FF00FF00FF00FFFFFFF1FFC0FF00FF00FF00FF00FF00FF5A
:205C8E0000FFFFFF7FFF1FFF00FF00FF00FF00FF00FFFFFF7FFF1FFF03FF03FF03FF03FFC0
:205CAE0003FFFFFF808090BFA8BF90BF80BF80BF80BFFFFF010309FF15FF09FF01FF01FFEE
:205CCE0001FFF1FFC0FF00FF00FF00FF00FF00FFFFFF80BF80BF80BF90BFA8BF90BF80FFCD
:205CEE00FFFF01FF01FF01FF09FF15FF09FF01FFFFFFF1FFC0FFC0FFC0FFC0FFC0FFC0FF0C
:205D0E00C0FF00FF00FF00FF01FF87FFFFFFFFFFFFFF03FF03FF7BFFFFFFFFFFFFFFFFFFC3
:205D2E00FFFFFFFFFEFFF8FF00FF00FF00FF00FF00FF8FFF03FF00FF00FF00FF00FF00FFDF
:205D4E0000FFFFFF8080A0BF80FFFFFF000000000000FFFF010305FF01FFFFFF0000000058
:025D6E00000033
:020000040004F6
:0E42BB0014120DCE5A0000000FDA630F72626B
:020000040002F8
:2094F500000000000000000000000000000000000000000000000000000000000000000057
:20951500000000000000000000000000000000000000000000000000000000000000000036
:20953500000000000000000000000000000000000000000000000000000000000000000016
:209555000000000000000000000000000000000000000000000000000000000000000000F6
:209575000000000000000000000000000000000000000000000000000000000000000000D6
:209595000000000000000000000000000000000000000000000000000000000000000000B6
:2095B500000000000000000000000000000000000000000000000000000000000000000096
:2095D500000000000000000000000000000000000000000000000000000000000000000076
:2095F500000000000000000000000000000000000000000000000000000000000000000056
:20961500000000000000000000000000000000000000000000000000000000000000000035
:20963500000000000000000000000000000000000000000000000000000000000000000015
:209655000000000000000000000000000000000000000000000000000000000000000000F5
:209675000000000000000000000000000000000000000000000000000000000000000000D5
:209695000000000000000000000000000000000000000000000000000000000000000000B5
:2096B500000000000000000000000000000000000000000000000000000000000000000095
:2096D500000000000000000000000000000000000000000000000000000000000000000075
:2096F500000000000000000000000000000000000000000000000000000000000000000055
:20971500000000000000000000000000000000000000000000000000000000000000000034
:20973500000000000000000000000000000000000000000000000000000000000000000014
:209755000000000000000000000000000000000000000000000000000000000000000000F4
:209775000000000000000000000000000000000000000000000000000000000000000000D4
:209795000000000000000000000000000000000000000000000000000000000000000000B4
:2097B500000000000000000000000000000000000000000000000000000000000000000094
:2097D500000000000000000000000000000000000000000000000000000000000000000074
:2097F500000000000000000000000000000000000000000000000000000000000000000054
:20981500000000000000000000000000000000000000000000000000000000000000000033
:20983500000000000000000000000000000000000000000000000000000000000000000013
:209855000000000000000000000000000000000000000000000000000000000000000000F3
:209875000000000000000000000000000000000000000000000000000000000000000000D3
:209895000000000000000000000000000000000000000000000000000000000000000000B3
:2098B500000000000000000000000000000000000000000000000000000000000000000093
:2098D500000000000000000000000000000000000000000000000000000000000000000073
:2098F500000000000000000000000000000000000000000000000000000000000000000053
:20991500000000000000000000000000000000000000000000000000000000000000000032
:20993500000000000000000000000000000000000000000000000000000000000000000012
:209955000000000000000000000000000000000000000000000000000000000000000000F2
:209975000000000000000000000000000000000000000000000000000000000000000000D2
:209995000000000000000000000000000000000000000000000000000000000000000000B2
:2099B500000000000000000000000000000000000000000000000000000000000000000092
:2099D500000000000000000000000000000000000000000000000000000000000000000072
:2099F500000000000000000000000000000000000000000000000000000000000000000052
:209A1500000000000000000000000000000000000000000000000000000000000000000031
:209A3500000000000000000000000000000000000000000000000000000000000000000011
:209A55000000000000000000000000000000000000000000000000000000000000000000F1
:209A75000000000000000000000000000000000000000000000000000000000000000000D1
:209A95000000000000000000000000000000000000000000000000000000000000000000B1
:209AB500000000000000000000000000000000000000000000000000000000000000000091
:209AD500000000000000000000000000000000000000000000000000000000000000000071
:209AF500000000000000000000000000000000000000000000000000000000000000000051
:209B1500000000000000000000000000000000000000000000000000000000000000000030
:209B3500000000000000000000000000000000000000000000000000000000000000000010
:209B55000000000000000000000000000000000000000000000000000000000000000000F0
:209B75000000000000000000000000000000000000000000000000000000000000000000D0
:209B95000000000000000000000000000000000000000000000000000000000000000000B0
:209BB500000000000000000000000000000000000000000000000000000000000000000090
:209BD500000000000000000000000000000000000000000000000000000000000000000070
:209BF50000000000000000000000000000000000000000000102030203020304000000003C
:209C1500000001020302030203020304000000000000000000000000000000000000000016
:209C3500000000000000000000000506000000000000000000000000000000000000000004
:209C55000000000000000000000000000000000000000000000000000708090809080A0BA9
:209C75000000000000000C0D090809080A0D0A0B0000000000000000000000000000000068
:209C950000000000000000000000000000000E0F0000000000000000000000000000000092
:209CB500000000000000000000000000000000000000000000000000000000000102030287
:209CD50003040000000000000000000001020304000000000000000000000000000000005E
:209CF500000000000000000000000000000000000000050600000000000000000000000044
:209D150000000000000000000000000000000000000000000000000000000000000000002E
:209D3500070809080A0B000000000000000000000C0D0A0B000000000000000000000000AB
:209D5500000000000000000000000000000000000000000000000E0F0000000000000000D1
:209D7500000000000000000000000000000000000000000000000000101110111011101249
:209D95000000000001020304000000000000000000000000000000000000000000000000A4
:209DB500000000000000000000000000000000000000000000000000000000001314000067
:209DD50000000000000000000000000000000000050605060506151110111011161716178B
:209DF5001617161800000000070809190000000000000000000000000000000000000000C2
:209E150000000000000000000000000000000000000000000000000000000000000000002D
:209E350000000000000000000000000000000000000000000E0F0E0F0E0F1A17161716172B
:209E55000302030203020304000000000102030400000000000000000000000000000000CD
:209E75000000000000000000000000000000000000000000000000000000000000000000CD
:209E95000000000000000000000000000000000000000000000000000000000000000102AA
:209EB500030203020908090809080919000000000C0D0A0B00000000000000000000000000
:209ED50000000000000000000000000000000000000000000000000000000000000000006D
:209EF50000000000000000000000000000000000000000000000000000000000000000004D
:209F15000000070809080908030203020302030400000000000000000000000000000000E5
:209F350000000000000000000000000000000000000000000000000000000000000000000C
:209F55000000000000000000000000000000000000000000000000000000000000000000EC
:209F750000000000000001020302030209080908090809190000000000000000000000006A
:209F95000000000000000000000000000000000000000000000000000000000000000000AC
:209FB50000000000000000000000000000000000000000000000000000000000000000008C
:209FD500000000000000000000000C0D0908090803020302030203040000000000001B1CE4
:209FF5001D1E00000000000000000000000000000000000000000000000000000000000011
:20A0150000000000000000000000000000000000000000000000000000000000000000002B
:20A035000000000000000000000000000000000001020302090809080908091900000000AE
:20A0550000001F202122000000000000000000000000000000000000000000000000000069
:20A075000000000000000000000000000000000000000000000000000000000000000000CB
:20A09500000000000000000000000000000000000000000007080908030203020302030475
:20A0B5000000000015111011101110120000000023240000000000000000000000000000BA
:20A0D50000000000000000000000000000000000000000000000000000000000000000006B
:20A0F500000000000000000000000000000000000000000000000000010203020908090821
:20A1150009080919000000001A1716171617161800000000252600000000000000000000F3
:20A1350000000000000000000000000000000000000000000000000000000000000000000A
:20A15500000000000000000000000000000000000000000000000000000000000C0D0908C0
:20A1750003020302030203040000000001020302030203041011101110111012000000001B
:20A195000000000000000000000000000000000000000000000000000000000000000000AA
:20A1B50000000000000000000000000000000000000000000000000000000000000000008A
:20A1D50000000102090809080908091900000000070809080908090816171617161716181B
:20A1F50000000000000000000000000000000000000000000000000000000000000000004A
:20A21500000000000000000000000000000000000000000000000000000000000000000029
:20A235000000000000000708030203020302030405060506010203020302030203020302B2
:20A255000302030400000000000000000000000000000000000000000000000000000000DD
:20A275000000000000000000000000000000000000000000000000000000000000000000C9
:20A2950000000000000000000000010209080908090809190E0F0E0F0708090809080908D5
:20A2B50009080908090809192727272727272727272727272727272727272727272727278C
:20A2D500272727272727272727272727272727272727272727272727272727272727272789
:10A2F5002727272727272727272727272727070828
:020000040003F7
:205D7000280000000000000000000000000000000000C0FFC0FFDEFFFFFFFFFFFFFFFFFF98
:205D9000FFFF00FF00FF00FF80FFE1FFFFFFFFFFFFFF00FF00FF1EFF7FFFFFFFFFFFFFFF0C
:205DB000FFFF03FF03FF03FF83FFE3FFFFFFFFFFFFFFFFFF808090BFA8BF90BF80BF80BFF0
:205DD00080BFFFFF010309FF15FF09FF01FF01FF01FFF1FFC0FFC0FFC0FFC0FFC0FFC0FFE4
:205DF000C0FFFFFF7FFF1FFF00FF00FF00FF00FF00FFF1FFC0FF00FF00FF00FF00FF00FF95
:205E100000FFF1FFC0FF00FF00FF00FF00FF00FFFFFFFFFF7FFF1FFF03FF03FF03FF06FE27
:205E3000FCFCF1FFC0FFC0FFC0FFC0FFC0FF607F3F3FFFFF7FFF1FFF00FF00FF00FF00FFBC
:205E5000FFFF80BF80BF80BF90BFA8BF90BF80FFFFFF01FF01FF01FF09FF15FF09FF01FFD1
:205E7000FFFFFFFFFF00FF00FF00FF00FF00FF00FF80FFFFFF00FF00FF00FF00FF00FF00A5
:205E9000FF01F0F0FC0CFE02FE02FF01FF01FF01FF01FFFF8080A0BF80FFFFFF0000000030
:205EB0000000FFFF010305FF01FFFFFF0000000000000F0F3F307F407F40FF80FF80FF8046
:205ED000FF80FFC07FE03FF81FFF07FF00FF00FF00FFFF03FE07FC1FF8FFE0FF00FF00FFC7
:205EF00000FFFF03FF07FF1FFBFFE3FF03FF03FF03FFFFFF7FFF1FFF03FF03FF03FF03FFE9
:205F100003FFFFC0FFE0FFF8DFFFC7FFC0FFC0FFC0FF0000000000000000000001010101F5
:205F3000070600000000030307040F089F90FF70FF003030FEDEFF01FF00FF00FF01FF0244
:205F5000FF00000000008080C040E020F090F888F8080F081F101F103F237F427F603F205C
:205F70001F10FF00FF00FF00FF00FF80FF00FF00FF00FF00FF00FF00FF00FF02FF01FF036B
:205F9000FF00FC04FE06FE02FC04FC04F808FC04FC0C0000000000000707181F3C233F20E3
:205FB0001F1E000000000000C0C030F07888FC04FE02030307070B0F090F111F111F111F1E
:205FD000111F8EF2C6FAA4BC1818000038387C446C7C181818183C242C246E424E42CF81F9
:025FF0008F819F
:020000040004F6
:1E42C90064120D705D0000000AFD5B0AF55400003E3EC1C1CE8ECC84C484F8F80000F0
:020000040001F9
:2055180000001F1F3F203F233F263F203F213F203F213F21233C1D1E020301010000000090
:205538000000F8F8FC04FCC4FC64FC64FCC4FC04FC84FC84C43CB87840C0808000000000F3
:20324500000000000000000000000000000000000000000000000000000000000000000069
:20326500000102030405060708090A0B0C0D0E0F101112131415161718191A1B1C1D1E1F59
:20328500202122232425262728292A2B2C2D2E2F303132333435363738393A3B3C3D3E3F39
:2032A500404142434445464748494A4B4C4D4E4F505152535455565758595A5B5C5D5E5F19
:2032C500605F0C61626364653E666768695F6A5F5F6B6C6D026E6F7071726773745F6A75CA
:2032E5005F767778797A7B7C7D7E7F80815F82838485868788898A8B8C8D848E5F5F5F8F29
:20330500909192939495969798999A9B9C9D9E9FA0A1A2A3A4A5A658A7A8A9AAABACADAE0F
:20332500AFB0B1B2B3B4B5B6B7B8B9BA9C9D9E9FBBBCBDBEBFC0C1C2C3C4C5C6C7C8C9CA74
:203345000000000000000000000000000000000000004040404040404040000040400000E8
:2033650000006C6C242448480000000000000000000024247E7E242424247E7E2424000080
:203385001010383854545050383814145454383800000000242408081010242400000000E0
:2033A500000030304848505020205454484834340000181808081010000000000000000038
:2033C5000000080810101010101010100808000000001010080808080808080810100000C8
:2033E5000000000010105454383854541010000000000000101010107C7C10101010000050
:20340500000000000000000060602020404000000000000000007C7C00000000000000002F
:2034250000000000000000000000000040400000000002020404080810102020404000000B
:2034450000003C3C626252524A4A46463C3C00000000181828280808080808083C3C0000C7
:2034650000003C3C424202023C3C40407E7E000000007C7C02020C0C020202027E7E00003B
:2034850000004040404048487E7E08080808000000007E7E40407C7C020202027C7C000007
:2034A50000003C3C40407C7C424242423C3C000000007E7E0202040408081010202000001F
:2034C50000003C3C42423C3C424242423C3C000000003C3C424242423E3E02023C3C00007B
:2034E500000018181818000000001818181800000000181818180000181818180808101017
:20350500000000000C0C3030404030300C0C00000000000000007C7C00007C7C0000000046
:203525000000000060601818040418186060000000003030484808083030000020200000FE
:2035450000001C1C22224D4D555555552E2E000000003C3C424242427E7E4242424200001C
:2035650000007C7C42427C7C424242427C7C000000003C3C42424040404042423C3C0000DA
:2035850000007C7C42424242424242427C7C000000007E7E40407C7C404040407E7E0000B6
:2035A50000007E7E404040407C7C40404040000000003C3C424240404E4E42423E3E0000FA
:2035C50000004242424242427E7E42424242000000007C7C10101010101010107C7C0000E6
:2035E50000007C7C10101010101010106060000000004444484850507070484844440000DE
:203605000000404040404040404040407E7E00000000424266665A5A424242424242000099
:2036250000004242626252524A4A46464242000000003C3C42424242424242423C3C0000F5
:2036450000007C7C424242427C7C40404040000000003C3C424242424A4A44443A3A00005D
:2036650000007C7C424242427C7C42424242000000003E3E40403C3C020242423C3C0000D1
:2036850000007C7C1010101010101010101000000000424242424242424242423C3C000081
:2036A5000000444444444444282828281010000000004242424242425A5A6666424200001D
:2036C500000042422424181818182424424200000000444428281010101010101010000095
:2036E50000007C7C04040808101020207C7C0000000018181010101010101010181800007D
:20370500000040402020101008080404020200000000181808080808080808081818000008
:20372500000010102828000000000000000000000000000000000000000000003C3C00009C
:2037450000002020101000000000000000000000000000003C3C444444444C4C343400007C
:2037650000004040787844444444444478780000000000003C3C4040404040403C3C0000DC
:20378500000004043C3C4444444444443C3C000000000000383844447C7C40403C3C0000AC
:2037A50000003838404040407878404040400000000000003838444444443C3C04047878B4
:2037C5000000404078784444444444444444000000001010000010101010101010100000B4
:2037E500000008080000080808080808080830300000404044444848707048484444000084
:2038050000001010101010101010101010100000000000006C6C54544444444444440000CB
:203825000000000058586464444444444444000000000000383844444444444438380000FB
:2038450000000000787844444444444478784040000000003C3C4444444444443C3C0404DB
:2038650000000000585864644040404040400000000000003C3C40403838040478780000EB
:2038850000004040404078784040404038380000000000004444444444444C4C343400002B
:2038A500000000004444444428282828101000000000000044444444444454546C6C00001B
:2038C50000000000444428281010282844440000000000004444444444442828101060604B
:2038E500000000007C7C0808101020207C7C00000000080810101010202010101010080883
:2039050010101010101010101010101010101010000010100808080804040808080810101A
:20392500000000000000000032324C4C000000005555AAAA5555AAAA5555AAAA5555AAAA8E
:2039450000003838404070707070404038380000000000000C0C101038381010606000003A
:2039650000000000000000006C6C24244848000000000000000000000000000054540000EA
:20398500000000002020707020202020000000000000000020207070202070702020000002
:2039A500000000004848101020204A4A00000000282810103C3C40403838040478780000AE
:2039C5000000000008081010202010100808000000003E3E48484E4E484848483E3E0000FE
:2039E500282810107C7C0808101020207C7C000000000606040402020000000000000000DA
:203A0500000060602020404000000000000000000000363624241212000000000000000049
:203A250000000000000018183C3C3C3C1818000000000000000000003838000000000000C1
:203A450000000000000000007C7C00000000000000000000141428280000000000000000F1
:203A6500000000007A7A2E2E2A2A00000000000000000000202010100808101020200000CD
:203A85000000000000003C3C4A4A4C4C3E3E00000000282800004444282810101010101079
:203AA50000004040000040404040404040400000000010103C3C5050505050503C3C101071
:203AC5000000383844444040F0F040407C7C000000000000444438382828383844440000D1
:203AE5004444282810107C7C10107C7C1010000010101010101000000000101010101010D9
:203B05001C1C20207878444438380808707000000000242400000000000000000000000008
:203B25003C3C42429999A1A1A1A1999942423C3C3838484858586868000000000000000020
:203B45000000000014142828505028281414000000000000000000003C3C04040000000050
:203B65003C3C4242B9B9A5A5B9B9A5A542423C3C00000000000078780000000000000000E0
:203B8500000030304848484830300000000000000000000010103838101000003838000020
:203BA500303048481010202078780000000000007070080838380808707000000000000070
:203BC500040408080000000000000000000000000000404048484848484874744040000030
:203BE50000003A3A7A7A7A7A3A3A0A0A0A0A00000000000000001818181800000000000068
:203C0500000000000000000000000808040408080000606020202020707000000000000057
:203C250000000000282814140A0A141428280000000010100000303040404848303000008B
:203C45002020101000003C3C42427E7E424200000404080800003C3C42427E7E42420000EF
:203C65001818242400003C3C42427E7E424200001414282800003C3C42427E7E4242000057
:203C85000000242400003C3C42427E7E424200001818181800003C3C42427E7E424200007F
:203CA50000001E1E181828283E3E48484E4E000000003C3C42424040404042423C3C080893
:203CC5002020101000007E7E40407C7C40407E7E0404080800007E7E40407C7C40407E7E87
:203CE5001414282800007E7E40407C7C40407E7E0000242400007E7E40407C7C40407E7E1F
:203D05002020101000001010101010101010101008081010000010101010101010101010CE
:203D250010102828000010101010101010101010000028280000101010101010101010107E
:203D450000007C7C42424242F2F242427C7C0000141428280000626252524A4A46460000FE
:203D65002020101000003C3C424242423C3C00000404080800003C3C424242423C3C0000D6
:203D85001818242400003C3C424242423C3C00001414282800003C3C424242423C3C00003E
:203DA5000000242400003C3C424242423C3C000000003E3E46464A4A525262627C7C0000C2
:203DC5002020101042424242424242423C3C00000404080842424242424242423C3C000056
:203DE5001818242400004242424242423C3C00000000242400004242424242423C3C0000F6
:203E050004040808444428281010101010100000000040407070484848487070404000006D
:203E2500000078784444484844444444585800002020101000003C3C44444C4C3434000055
:203E45000404080800003C3C44444C4C343400001818242400003C3C44444C4C34340000CD
:203E65001414282800003C3C44444C4C343400000000242400003C3C44444C4C343400007D
:203E85001818181800003C3C44444C4C343400000000000000003C3C4A4A5C5C2E2E00009D
:203EA500000000003C3C4040404040403C3C0808202010100000383844447C7C40403C3C35
:203EC500040408080000383844447C7C40403C3C181824240000383844447C7C40403C3C7D
:203EE500000024240000383844447C7C40403C3C00000A0A04043A3A44444444383800007D
:203F050014142828000058586464444444440000202010100000383844444444383800004C
:203F25000808101000003838444444443838000010102828000038384444444438380000FC
:203F45001414282800003838444444443838000000002828000038384444444438380000B4
:203F650000000000101000007C7C000010100000000000003C3C4C4C545464647878000094
:203F8500202010100000444444444C4C34340000080810100000444444444C4C343400006C
:203FA500101028280000444444444C4C34340000000028280000444444444C4C343400001C
:203FC5000808101000004444444428281010606000004040606050505050606040400000AC
:183FE5000000282800004444444428281010606001FF457200004573C5
:020000040004F6
:20271D003F007F3FC040DF5FF050D050F050F050FF00FFFF0000FFFF000000000000000086
:20273D00FC00FEFC0302FBFA0F0A0B0A0F0A0F0AF050F050F050F050F050F050F050F0502C
:20275D00000000000000000000000000000000000F0A0F0A0F0A0F0A0F0A0F0A0F0A0F0A94
:20277D00D070F050D070F050DF7FC07F7F3F3F000000000000000000FFFF00FFFFFFFF00A8
:10279D000B0E0F0A0B0E0F0AFBFE03FEFEFCFC00D8
:020000040000FA
:040560004032D770DE
:020000040001F9
:20555800E51AE51AE51AE51AE51AE51AE51AE51AE51AE51AE51AE51AE51AE51AE51AE51A43
:205578000C1870005A00002470005A00001D70005A00001870005A00002470005A00001D63
:2055980070005A00001870005A00002470005A00001D70005A00001870005A0000247000FC
:2055B8005A00001D70005A00001870005A00002470005A00001D70005A00001870005A00F9
:2055D800002570005A00001E70005A00001970005A00002570005A00001E70005A00001909
:2055F80070005A00002570005A00001E70005A00001970005A00002270005A00001B700098
:205618005A00001670005A00002270005A00001B70005A00001670005A00002270005A009B
:20563800005A00005A00005A0000187C085A0000247C085A00001D7C085A0000187C085A5B
:205658000000247C085A00001D7C085A0000187C085A0000247C085A00001D7C085A000042
:20567800187C085A0000247C085A00001D7C085A0000187C085A0000247C085A00001D7C8E
:20569800085A0000187C085A0000257C085A00001E7C085A0000197C085A0000257C085AA1
:2056B80000001E7C085A0000197C085A0000257C085A00001E7C085A0000197C085A0000E9
:2056D800227C085A00001B7C085A0000167C085A0000227C085A00001B7C085A0000167C3A
:2056F800080CA0005A000011A0005A00000CA0005A000011A0005A00000CA0005A00001151
:20571800A0005A00000CA0005A000011A0005A00000CA0005A000011A0005A00000CA000A9
:205738005A000011A0005A00000CA0005A000011A0005A00000CA0005A000011A0005A00CA
:20575800000CA0005A000012A0005A00000CA0005A000012A0005A00000CA0005A000012F5
:20577800A0005A00000CA0005A000012A0005A00000AA0005A00000FA0005A00000AA0004E
:205798005A00000FA0005A00000AA0005A00000FA0005A00000AA0005A00000FA0005A0074
:2057B800002610005A00003C10005A00003110005A00003C10005A00002710005A00003C8D
:2057D80010005A00003110005A00003C10005A00002710005A00003C10005A00003110008E
:2057F8005A00003C10003C10002710005A00003C10005A00003110005A00003C10005A0027
:20581800002710005A00003C10005A00003110005A00003C10005A00002710005A00003C2B
:2058380010005A00003110005A00003C10005A00002710005A00003C10005A00003110002D
:205858005A00003C10005A00002710005A00003C10005A00003110005A00002610002610F2
:20587800005A0000227C085A0000187C085A0000247C085A00001D7C085A0000187C085ACD
:205898000000247C085A00001D7C085A0000187C085A0000247C085A00001D7C085A000000
:2058B800187C085A0000247C085A00001D7C085A0000187C085A0000247C085A00001D7C4C
:2058D800085A0000187C085A0000257C085A00001E7C085A0000197C085A0000257C085A5F
:2058F80000001E7C085A0000197C085A0000257C085A00001E7C085A0000197C085A0000A7
:20591800227C085A00001B7C085A0000167C085A0000227C085A00001B7C085A0000167CF7
:20593800082610005A00003C10005A00003110005A00003C10005A00002710005A00003C03
:2059580010005A00003110005A00003C10005A00002710005A00003C10005A00003110000C
:205978005A00003C10003C10002710005A00003C10005A00003110005A00003C10005A00A5
:20599800002710005A00003C10005A00003110005A00003C10005A00002710005A00003CAA
:2059B80010005A00003110005A00003C10005A00003110005A00002710005A0000271000C1
:2059D8005A00003110005A00002710005A00002710005A00003110005A00002710005A006C
:2059F80000242C0C5A00005A0A025A00005A0A025A00005A0A025A00005A0A025A00005A7F
:205A180000005A00005A00005A00005A00005A0000252C0C5A00005A0A025A00005A0A02CF
:205A38005A0000242C0C5A00005A0A025A00005A0A025A00001F2C0C5A00005A00005A0059
:205A580000222C0C5A00005A0A025A00005A0A025A00005A0A025A00005A0A025A00005A20
:205A780000005A00005A00005A00005A00005A0000242C0C5A00005A0A025A00005A0A0270
:205A98005A0000222C0C5A00005A0A025A00005A0A025A00001F2C0C5A00005A00005A00FB
:205AB80000187C085A0000247C085A00001D7C085A0000187C085A0000247C085A00001DC6
:205AD8007C085A0000187C085A0000247C085A00001D7C085A0000187C085A0000247C083F
:205AF8005A00001D7C085A0000187C085A0000247C085A00001D7C085A0000187C085A0050
:205B180000257C085A00001E7C085A0000197C085A0000257C085A00001E7C085A0000195F
:205B38007C085A0000257C085A00001E7C085A0000197C085A0000227C085A00001B7C08DA
:205B58005A0000167C085A0000227C085A00001B7C085A0000167C085A0000227C085A00F2
:205B7800000CA0005A000011A0005A00000CA0005A000011A0005A00000CA0005A000011D4
:205B9800A0005A00000CA0005A000011A0005A00000CA0005A000011A0005A00000CA00025
:205BB8005A000011A0005A00000CA0005A000011A0005A00000CA0005A000011A0005A0046
:205BD800000AA0005A00000FA0005A00000AA0005A00000FA0005A00000AA0005A00000F80
:205BF800A0005A00000AA0005A00000FA0005A00000AA0005A00000FA0005A00000AA000CF
:205C18005A00000FA0005A00000AA0005A00000FA0005A00000AA0005A00000FA0005A00EF
:205C380000202C0C5A00005A0A025A00005A0A025A00005A0A025A00005A0A025A00005A40
:205C580000005A00005A00005A00005A00005A00001F2C0C5A00005A0A025A00005A0A0293
:205C78005A00001D2C0C5A00005A0A025A00005A0A025A00001B2C0C5A00005A00005A0022
:205C9800001E2C0C5A00005A0A025A00005A0A025A00005A0A025A00005A0A025A00005AE2
:205CB8000A025A00005A0A025A00005A0A025A00005A0A025A00005A00005A00005A000018
:205CD8005A00005A00005A00005A00005A00005A00005A00005A00005A00005A00005A00CE
:205CF8000079557955F959395CF959395C39567958B95AB95AB95AB95AF956F956795B798B
:205D18005B795B795BB9573959B9573959B95739590000F00000800040F00000800080F0F2
:205D380000008000C0F00000800000F10000800040F10000800080F100008000C0F10000D7
:205D5800800080F00000800080F00000800080F00000800080F00000800080F000008000FB
:205D780080F00000800080F000008000200000008000200100008000200200008000200325
:205D98000000800020040000800020050000800020060000800020070000800020080000AD
:205DB8008000200900008000200A00008000200B00008000200C00008000200D00008000F4
:205DD800200E000080A10000000000F00000000000F00000000000F00000000000F000009C
:205DF800000000F00000000000F00000000000F00000000000F00000000000F000000000DB
:205E180000F00000000000F00000000000F00000000000F00000000000F0000000000000BA
:205E380000FFFFFFFFFFFFFFFFFFFFFFFFFFFF00000000FFFFFFFFFFFFFFFFFFFFFFFF0064
:205E580000000000000000FFFFFFFFFFFFFFFF000000000000000000000000FFFFFFFF0036
:205E78000112233445566778899AABBCCDDEEFFEDCBA9876543210123456789ABCDEFF7A09
:205E9800CDDB75211368BDDC974101479CDDB80F0F0F0F0F0F0F0F0F0F0F0F0F0F0F0FFE59
:205EB800FCFAF8F6F4F2F0F2F4F6F8FAFCFEFFFEDDCCBBAA9988778ABDF124578ABDEE8439
:205ED8001161ED57475AADCEA31779DD200347CE60A01ABEC87B96537214EB4B603E927E22
:205EF800BCE0DA9A2EBCE2676AB318081C2690186AC0EB0345A242E92A4784BB018A9A968B
:205F1800CC7C1710818B715A4345B42E1039EA264CC3C9B97A696CE8135673AC1E6BD305AF
:205F38007855F95C055D115D1D5D295D835DDD5D5855375EE51AE51AE51AE51AE51AE51A01
:205F5800E51AE51AE51AE51AE51AE51AE51AE51AE51AE51A1C5A0E005A00005A00005A00A1
:205F7800005A00005A00005A00005A00005A00005A00005A00005A00005A00005A00005A2B
:205F980000005A00005A00005A00005A00005A00005A00005A00005A00005A00005A000065
:205FB8005A00005A00005A00005A00005A00005A00005A00005A00005A00005A00005A00EB
:205FD800005A00005A00005A00005A00005A00005A00005A00005A00005A00005A00005ACB
:205FF80000005A00005A00005A00005A00005A00005A00005A00005A00005A00005A000005
:206018005A00005A00005A00005A00005A00005A00005A00000CB0005A00005A00005A0028
:206038000011B0005A000013B0005A00005A00005A00000FB0005A00000CB0005A00005AD3
:2060580000005A00005A00005A00005A00005A00000AB0005A00005A00005A00005A000044
:206078005A00005A00005A00005A00005A00005A00005A00000CB0005A00005A00005A00C8
:206098000011B0005A000013B0005A00005A00005A00000FB0005A00000CB0005A00005A73
:2060B80000005A00005A00005A00005A00005A00000FB0005A00005A00005A00005A0000DF
:2060D8005A00005A00005A00000AB0005A00005A00005A00002A10005A00003F10005A0095
:2060F800003610005A00002A10005A00003F10005A00003610005A00002A10005A00003F38
:2061180010005A00003610005A00003F10005A00002A10005A00003F10005A000036100031
:206138005A00003F10005A00002A10005A00003F10005A00002A10005A00003F10005A00CA
:20615800003610005A00002A10005A00003F10005A00003610005A00002A10005A00003FD7
:2061780010005A00003610005A00003F10005A00002A10005A00003F10005A0000361000D1
:206198005A00003F10005A00002A10005A00003F10005A00002490005A00005A00005A00E5
:2061B800005A00005A00005A00005A00005A00005A00005A00005A00005A00005A00005AE9
:2061D80000005A00002690005A00005A00005A00005A00005A00005A00005A00005A0000C7
:2061F8005A00005A00005A00002690005A00005A00005A00002790005A00005A00005A00F0
:20621800005A00005A00005A00005A00005A00005A00005A00005A00005A00005A00005A88
:2062380000005A00005A00005A00005A00005A00005A00005A00005A00005A000026900066
:206258005A00005A00005A00005A00005A00005A00005A00002B90005A00005A00005A00E7
:20627800005A00005A00005A00005A00005A00005A00005A00005A00005A00005A00005A28
:2062980000005A00002D90005A00005A00005A00005A00005A00005A00005A00005A0000FF
:2062B8005A00005A00005A00005A00005A00005A00005A00002E90005A00005A00005A0084
:2062D800005A00005A00005A00005A00005A00005A00005A00005A00005A00005A00005AC8
:2062F80000005A00005A00005A00005A00005A00005A00005A00005A00005A00002D90009F
:206318005A00005A00005A00005A00005A00005A00005A00002290005A00005A00005A002F
:20633800002490005A00002590005A00005A00005A00002290005A00002490005A00005A00
:2063580000005A00005A00005A00002290005A00002090005A00005A00005A00001D9000A0
:206378005A00005A00005A00002090005A00005A00005A00002290005A00005A00005A0079
:20639800005A00005A00005A00005A00005A00005A00005A00005A00002090005A00005AB1
:2063B80000005A00005A00005A00005A00005A00005A00005A00005A00005A0000229000E9
:2063D8005A00005A00005A00005A00005A00005A00005A00003AA0005A00005A00005A0047
:2063F800003AA0005A00003AA0005A00005A00005A00003AA0005A00003AA0005A00005AA7
:2064180000005A00005A00005A00005A00005A00003AA0005A00005A00005A00003AA000E0
:206438005A00005A00005A00005A00005A00005A00005A00003AA0005A00005A00005A00E6
:20645800003AA0005A00003AA0005A00005A00005A00003AA0005A00003AA0005A00005A46
:2064780000005A00005A00005A00005A00005A00003AA0005A00005A00005A00003AA00080
:206498005A00005A00005A00005A00005A00005A00005A00000AB0005A00005A00005A00A6
:2064B800000FB0005A000011B0005A00005A00005A00000DB0005A00000AB0005A00005A57
:2064D80000005A00005A00005A00005A00005A000008B0005A00005A00005A00005A0000C2
:2064F8005A00005A00005A00005A00005A00005A00005A00000AB0005A00005A00005A0046
:20651800000FB0005A000011B0005A00005A00005A00000DB0005A00000AB0005A00005AF6
:2065380000005A00005A00005A00005A00005A00000DB0005A00005A00005A00005A00005C
:206558005A00005A00005A000008B0005A00005A00005A000018B0CC5A00CC5A00CC5A0015
:20657800CC5A00CC5A00CC5A00CC5A00CC5A00CC5A00CC5A00CC5A00CC5A00CC5A00CC5A61
:2065980000CC5A00CC16B0CC5A00CC5A00CC5A00CC5A00CC5A00CC5A00CC5A00CC13B0CCC6
:2065B8005A00CC5A00CC5A00CC5A00CC5A00CC5A00CC5A00CC5A00CC5A00CC5A00CC5A00ED
:2065D800CC5A00CC5A00CC5A00CC5A00CC5A00CC5A00CC5A00CC5A00CC5A00CC5A00CC5A01
:2065F80000CC5A00CC5A00005A00005A00005A00005A00005A00005A00005A00005A000067
:206618005A00005A00005A00005A00005A00005A00005A000018B0CC5A00CC5A00CC5A00B2
:20663800CC5A00CC5A00CC5A00CC5A00CC5A00CC5A00CC5A00CC5A00CC5A00CC5A00CC5AA0
:2066580000CC5A00CC16B0CC5A00CC5A00CC5A00CC5A00CC5A00CC5A00CC5A00CC1BB0CCFD
:206678005A00CC5A00CC5A00CC5A00CC5A00CC5A00CC5A00CC5A00CC5A00CC5A00CC5A002C
:20669800CC5A00CC5A00CC5A00CC5A00CC5A00CC5A00CC5A00CC5A00CC5A00CC5A00CC5A40
:2066B80000CC5A00CC5A00005A00005A00005A00005A00005A00005A00005A00005A0000A6
:2066D8005A00005A00005A00005A00005A00005A00005A00006D5F6D5FAD61AD612D632DBB
:2066F80063AD61AD612D632D636D652D666D652D666D5F6D5F6D626D62ED63ED636D626D07
:2067180062ED63ED636D5F6D5F6D5F6D5F2D602D602D602D60AD64AD642D602D60AD64AD01
:20673800642D602D602D602D60ED60ED60ED60ED60ED60ED60ED60ED60ED60ED60ED60ED6D
:2067580060ED60ED600000F00000800040F00000800080F000008000C0F00000800000F1F6
:206778000000800040F10000800080F100008000C0F10000800040B5000080008051000068
:20679800800040D70000800080F00000800080F00000800080F00000800080F0000080000A
:2067B800200000008000200100008000200200008000200300008000200400008000200572
:2067D80000008000200600008000200700008000200800008000200900008000200A000059
:2067F8008000200B00008000200C00008000200D00008000200E000080710000000000F0EE
:206818000000000000F00000000000F00000000000F00000000000F00000000000F00000B0
:20683800000000F00000000000F00000000000F00000000000F00000000000F00000000090
:2068580000F00000000000F00000000000F000000000000000FFFFFFFFFFFFFFFFFFFFFF5B
:20687800FFFFFF00000000FFFFFFFFFFFFFFFFFFFFFFFF0000000000000000FFFFFFFFFF14
:20689800FFFFFF000000000000000000000000FFFFFFFF000112233445566778899AABBC79
:2068B800CDDEEFFEDCBA9876543210123456789ABCDEFF7ACDDB75211368BDDC97410147BB
:2068D8009CDDB80F0F0F0F0F0F0F0F0F0F0F0F0F0F0F0FFEFCFAF8F6F4F2F0F2F4F6F8FAF9
:2068F800FCFEFFFEDDCCBBAA9988778ABDF124578ABDEE841161ED57475AADCEA31779DD95
:206918002003476B7E330B0358B66C80D49BE6A6912989E3D267C0790ED8779426119B5E1D
:20693800902DCE961C3D131A8DBAE8282D3C9D7877A544BBD08BBC10368277E179CC101507
:206958004682A583865050B04D6A44231B6721772A1791046C5FED660967256741675D67C5
:08697800B76711684C5F6B6802
:020000040004F6
:2042E700FFE400567FAD4F3E53F27C567F2C4F3E53F178567FBF6B707EE77CFF7F567F6AAD
:204307003EA428FF7FEA633F4FE77C7F5B0F3F2D22EB10FD73D6476A3EA428FF5F3267A9BD
:204327003D8124FFE400567FAD4F3E53F27CFC532F1F290E61047F57BC3E6F458018576BCA
:204347001B6E10500704FF5F3267A93D81247F5B0F3F2D22EB10FD73D6476A3EA428FF5F0F
:204367003267A93D8124FFD0E0FF07FF075F060D7CDF63DF636A430D7CDF73DF731B3E00B2
:2043870004DF73DF731B3E0004DF73DF731B3E0004DF73DF731B3E0004DF73DF731B3E0012
:2043A70004DF73DF731B3E0004FFD0E0FF07FF075F060D7CDF63DF636A430D7CFF07FF0782
:2043C7005F060D7CDF63DF636A430D7CDF73DF731B3E00046A436A43DF63DF63DF73DF73AB
:2043E7001B3E0004DF73DF731B3E0004FFD0E0FF07FF075F060D7CDF73DF731B3E0004DFCF
:2044070073DF731B3E0004DF73DF731B3E0004DF73DF731B3E0004DF73DF731B3E0004DF91
:2044270073DF731B3E0004DF73DF731B3E0004FFD0E0FF07FF075F060D7C576B576B1B6E9C
:204447000704FF07FF075F060D7CDF63DF636A430D7CDF73DF731B3E00046A436A43DF63F9
:20446700DF63DF73DF731B3E0004DF73DF731B3E0004FFE400567FAD4F3E53F27C567F2C3D
:204487004F3E53F1787F57BC3E6F458018576B1B6E10500704FF5F3267A93D81247F5B0F8F
:2044A7003F2D22EB10FD73D6476A3EA428FF5F3267A93D8124FFE400567FAD4F3E53F27C36
:2044C700567F2C4F3E53F178567F3F4F6A3E0D7C576B1B6E10500704FF5F3267A93D8124BF
:2044E7007F5B0F3F2D22EB10FD73D6476A3EA428FF5F3267A93D8124FFE400FD73D6476AE6
:204507003EA428FC532F1F290E61047F57BC3E6F458018576B1B6E10500704FF5F3267A9DF
:204527003D81247F5B0F3F2D22EB10FD73D6476A3EA428FF5F3267A93D8124FFE400567FE5
:20454700257FCE7C0E6C567F2C4F3E53F1787F57BC3E6F458018576B1B6E10500704FF5F72
:204567003267A93D81247F5B0F3F2D22EB10FD73D6476A3EA428FF5F3267A93D8124FFE438
:2045870000FD73D6476A3EA428567F2C4F3E53F1787F57BC3E6F458018576B1B6E105007FB
:2045A70004FF5F3267A93D81247F5B0F3F2D22EB10FD73D6476A3EA428FF5F3267A93D819D
:2045C70024FFE400BF675B26B5106628FC532F1F290E61047F57BC3E6F458018576B1B6E33
:2045E70010500704FF5F3267A93D81247F5B0F3F2D22EB10FD73D6476A3EA428FF5F32675D
:20460700A93D8124FFE400567F257FCE7C0E6CFC532F1F290E61047F57BC3E6F458018573C
:204627006B1B6E10500704FF5F3267A93D81247F5B0F3F2D22EB10FD73D6476A3EA428FF20
:204647005F3267A93D8124FFE4004E7E307D2E74062850638969896906287F57BC3E6F455B
:204667008018576B1B6E10500704FF5F3267A93D81247F5B0F3F2D22EB10FD73D6476A3EBC
:0A468700A428FF5F3267A93D8124DB
:020000040000FA
:20C00000200006800500000FF807000000000F100000000000000000000000000000000048
:20C0200000001033780EFE49000000000000000200000000200000000400000FF8070000BC
:20C040000000FF30000000000000000000000000000000000000112C540000000000000020
:20C060000000000000000000020009000000000FF807000000000F10000000000000000088
:20C080000000000000000000000011DA520000001072590000000000000000000280008086
:20C0A0000801000FF80700000000FF100000000000000000000000000000000000000FAAA1
:10C0C000790000000FB751000000000000000000E0
:020000040003F7
:20E542000000000000000000000000000000000000000000000000000000000000000000B9
:20E56200000000000000000000000000000000000000000000000000000000000000000099
:20E58200000000000000000000000000000000000000000000000000000000000000000079
:20E5A200000000000000000000000000000000000000000000000000000000000000000059
:20E5C200000000000000000000000000000000000000000000000000000000000000000039
:20E5E200000000000000000000000000000000000000000000000000000000000000000019
:20E602000000000000000000000000000000000000000000000000000000000000000000F8
:20E622000000000000000000000000000000000000000000000000000000000000000000D8
:20E642000000000000000000000000000000000000000000000000000000000000000000B8
:20E66200000000000000000000000000000000000000000000000000000000000000000098
:20E68200000000000000000000000000000000000000000000000000000000000000000078
:08E6A200000000000000000070
:020000040002F8
:2038A5002512051A0078B400000009060978BC140001FFFC33FFFC140002FFFC33FFFC14A4
:2038C5000004FFFC3F0202FFFC140003FFFC33FFFC1A00794E0000000D0115FD0D00FE0159
:2038E5000001001A01793C0000FFFF0615FD0D00FE020001001A01792A0000FFFF0615FDFA
:203905000D00FE030001001A0179180000FFFF06097927140004FFFC840015FFFC3F04044C
:20392500FFFC097939140004FFFC840014FFFC3F0404FFFC09794B140004FFFC840013FF6E
:20394500FC3F0404FFFC09795D140004FFFC840000FFFC3F0404FFFC15FD0300FBFDFF0065
:20396500140004FFFC75FFFC0100040DFFFF014296047C02FFDE7FDA7F5C7F1D7FDE7FDCEF
:2039850077DF775D7FDF77BF737C77376BDE7BBE7B1D7BDB5AFF7BDD7B9B73376FDF7BDC41
:2039A50073BC6F5B67FF7FFE77BB73396FFF7BDD7B9B73376F7C04FF6332FF67BF671C7F18
:2039C500FF7FFF7BDB731C7F3F22FF7F9F7394520000FF7F9F7394520000FF7F9F7394523E
:2039E5006332FF7F9F739452FF7FFF7F9F7394523F22FF7F9F7394520100040DFFFF014299
:203A050096047C02FFDC7FB67FD97E5A7EDC7FB96FBF73DA7EDF739E6B1A6B9056DD7B5E42
:203A25007B5B72F739FF77BB77376B915EDF73BA6B595FD852FE7BFC6F786B9462FF77BB89
:203A450077376B915E7C04FF6332FF537F4F597EFF7FFF77D86B597E3F22FF7B5E6B6B2D04
:203A65000000FF7B5E6B6B2D0000FF7B5E6B6B2D6332FF7B5E6B6B2DFF7FFF7B5E6B6B2DC2
:203A85003F22FF7B5E6B6B2D0100040DFFFF014296047C02FFBB7FB27F577EB87DBB7F9636
:203AA50067BF6B787EBF6B5E5FB762EA45BB771D77996D5425FF6F9973D35EEC51BF6F9759
:203AC5005F164F553EFE7BFB67345F0F52FF6F9973D35EEC517C04FF6332FF3F3F3BB67DD4
:203AE500FF7FFF73B563B67D3F22FF7B1D5FC6180000FF7B1D5FC6180000FF7B1D5FC618A9
:203B05006332FF7B1D5FC618FF7FFF7B1D5FC6183F22FF7B1D5FC6180100040DFFFF01425D
:203B250096047C02FF9A7F8F7FF47D35799A7F93639F67F67DBF673D57555A86399A73DD89
:203B4500761765D014FF6B776F70568845BF6B7557D342F231FE77FA5F1157AB45FF6B7772
:203B65006F705688457C04FF6332FF2F1F27347DFF7FFF6FB25B347D3F22DF77DD56420827
:203B85000000DF77DD5642080000DF77DD5642086332DF77DD564208FF7FDF77DD564208C1
:203BA5003F22DF77DD5642080100040DFFFF014296047C02FF997F6B7F927DB378997F719D
:203BC5005B7F5F947D9F631D4FF351232D796F9C72B5606D08FF67756F2E4E25399F63539B
:203BE5004FB1368F25FE77D857CF4E483DFF67756F2E4E25397C04FF6332FF1FDF1AB27C13
:203C0500FF7FFF6B8F53B27C3F22DF779C4E21040000DF779C4E21040000DF779C4E210417
:203C25006332DF779C4E2104FF7FDF779C4E21043F22DF779C4E21040100040DFFFF014289
:203C450096047C02FF787F487F307D5174787F4E535F5B33799F5BDC46B14DC120786F5CDC
:203C65007252582A04FF63546BEB45C22C9F5F31476F2A2D19FD73D74FAC46E630FF63540D
:203C85006BEB45C22C7C04FF6332FF0F9F0E4F7CFF7FFF678C4B4F7C3F22DF735C46000021
:203CA5000000DF735C4600000000DF735C4600006332DF735C460000FF7FDF735C4600001C
:203CC5003F22DF735C4600000100040DFFFF014296047C02FF577F257FEF7C0F70577F2CBA
:203CE5004F5F53F1787F57BC3E6F458018576B1B6E10500700FF5F3267A93D81247F5B0F1C
:203D05003F2D22EB10FD73D6476A3EA428FF5F3267A93D81247C04FF6332FF035F020D7C92
:203D2500FF7FFF636A430D7C3F22DF731B3E00000000DF731B3E00000000DF731B3E000006
:203D45006332DF731B3E0000FF7FDF731B3E00003F22DF731B3E00000A6E5B066B68140029
:203D6500000004140000FFFC3D07FFFC14000000010A4F3B111A007D8A0000000E060A4FA4
:203D85003111097D8E0A4F451101000601000F0179BD2D7F610302031A007DB30000000864
:203DA50001140004FFFC3F0200FFFC097FF815FE0004FE00004DFBFDFFFE8006FE00004D06
:203DC500FBFEFF00140001FFFF140000FFFC30FFFC14001EFFFB0DFFFB004296048B02738A
:203DE5009F0601000015F9754DDBFBFFFF0015FF1FF8754DDB0040000101020240410A4299
:203E05004301030401FF0201030502447261632773206269727468646179200A6973206E26
:203E2500657874207765656B21004700010414000045FD040045FD00004E010610010441AC
:203E4500FF0044070145FD040044030145FD12001815FDFFFFF8754DDB000201010000155A
:203E6500F9754DDBFBFFFF0015FF3FF8754DDB0040000101020240410A424301030401FF68
:203E8500020103050249206E65656420746F2068656164200A746F20746F776E20746F203E
:203EA500627579200A74686F7365206E65772066616E63790A67617264656E20746F6F6C6C
:203EC50073200A7368652773206265656E200A77616E74696E67210A0047000108140000FB
:203EE50045FD080045FD00004E010710010441FF0044070145FD080044030145FD1200183C
:203F050015FDFFFFF8754DDB00020101000015F9754DDBFBFFFF0015FF1FF8754DDB004047
:203F2500000101020240410A424301030401FF0201030502486F706566756C6C7920492010
:203F4500616D200A6E6F7420746F6F206C6174652E2E2E004700010414000045FD04004566
:203F6500FD00004E010610010441FF0044070145FD040044030145FD12001815FDFFFFF847
:203F8500754DDB00020168140002FFFC31FFFC15FE8004FE00004DFBFDFFFE0004FE0000FE
:203FA5004DFBFEFF00140001FFFF140002FFFC30FFFC14003CFFFB0DFFFB0042960415FE28
:203FC500000CFE00004DFBFDFFFE0004FE00004DFBFEFF00140001FFFF140002FFFC30FFF6
:183FE500FC140002FFFC33FFFC140004FFFC3F0200FFFC0A4F4F110081
:020000040003F7
:209CEB001205190000FFFC1A005CFE0004FFFC01095E9715FD0C00FF012BFB0C00001A0052
:209D0B005D150000000401095E9615FD0300FE010004001A015D960000FFFF0615FD030085
:209D2B00FF012DFB030000140004FFFC8EFFFC14000100041825140000FFFC3F0202FFFCAE
:209D4B00140000FFFC3AFFFC15FDFDFFFDFEFFFE4000FE01000080FFFC020204140030FFA9
:209D6B00FB0DFFFB0042960415FE0300FD0D002BFB03000015FF03F86906C600570115FF01
:209D8B0003F8691CC5006900095E9615FD0300FF012DFB030000140004FFFC8EFFFC14001D
:209DAB0001000418256608027C9906140000FFFC840004FFFC3F0400FFFC140012FFFB0DCE
:209DCB00FFFB0042960426140000FFFC840000FFFC3F0400FFFC140000FFFC3F0202FFFC63
:209DEB0014000CFFFB0DFFFB00429604140000FFFC3F0200FFFC14000CFFFB0DFFFB0042AD
:209E0B009604140000FFFC3F0202FFFC14000CFFFB0DFFFB00429604140000FFFC3F020003
:209E2B00FFFC14000CFFFB0DFFFB00429604140000FFFC3F0202FFFC14000CFFFB0DFFFBB1
:209E4B0000429604140000FFFC3F0200FFFC14000CFFFB0DFFFB00429604140000FFFC3F85
:209E6B000202FFFC14000CFFFB0DFFFB00429604140000FFFC3F0200FFFC14000CFFFC0D68
:0D9E8B00FFFC0042960414000000040000DB
:020000040004F6
:20469100050A010511405078000000010100000202FF60A0000204050A01051140507800A2
:2046B1000000010100000202FF60A000020C000FF807103E723C00000500050005000503B5
:0546D1000000000200E2
:020000040000FA
:127FEC00103378112C5411DA520FAA79114050103E7267
:020000040004F6
:2046D60014120004000306000AED7F112F420F4265114245116D4308A5780EEB5C01EC7FA4
:1B46F6000300400000001191460000000014000000000000000000000000006A
:020000040003F7
:209E980020002B800300020DFA0700000000012000000000000000000000000000000000AB
:209EB800000010E1720900400D5246000000000400000000200031800500020DFA0700004F
:209ED8000000012000000000000000000000000000000000000010E17209345D0D744B0080
:209EF800000000040000000020804A800600020DFA070000000001200000000000000000A5
:209F18000000000000000000000010E1720981640D054E000000000400000000200045808F
:209F38000503020DFA070000000001200000000000000000000000000000000000000F734E
:209F58007808124F108B45000000000400000000208028800403020DFA07000000000120A4
:209F78000000000000000000000000000000000000000F737808466C107B4700000000043F
:209F980000000000200000000400000FF80700000000FF3000000000000000000000000048
:209FB800000000000000112C54000000000000000000000000000000020009000000000FDE
:209FD800F807000000000F1000000000000000000000000000000000000011DA520000000E
:209FF800109D56000000000000000000028000800801000FF80700000000FF10000000001E
:20A0180000000000000000000000000000000FAA790000000F094E00000000000000000090
:20A03800208014800400020DFA07000000000120000000000000000000000000000000009F
:14A05800000010E172099A4E0DE34800000000040000000064
:020000040001F9
:206980000000000000000000000000000000000000000000000000000000000000000000F7
:2069A0000000000000000000000000000000000000000000000000000000000000000000D7
:2069C0000000000000000000000000000000000000000000000000000000000000000000B7
:2069E000000000000000000000000000000000000F0F0F0F0F0F0F0F0F0F00000000000001
:206A0000000000000000000000000000000000000000000000000000000000000000000076
:206A2000000000000000000000000000000000000000000000000000000000000000000056
:206A4000000000000000000000000000000000000000000000000000000000000000000036
:206A6000000000000000000000000000000000000000000000000000000000000000000016
:206A8000000000000000000000000000000000000F0F0F0F0F0F0F0F0F0F00000000000060
:206AA0000000000000000000000000000000000000000000000000000000000000000000D6
:206AC0000000000000000000000000000000000000000000000000000000000000000000B6
:206AE000000000000000000000000000000000000000000000000000000000000000000096
:206B0000000000000000000000000000000000000000000000000000000000000000000075
:206B2000000000000000000000000000000000000F0F0F0F0F0F0F0F0000000000000000DD
:206B4000000000000000000000000000000000000000000000000000000000000000000035
:206B6000000000000000000000000000000000000000000000000000000000000000000015
:206B80000000000000000000000000000000000000000000000000000000000000000000F5
:206BA0000000000000000000000000000000000000000000000000000000000000000000D5
:206BC000000000000000000000000000000000000F0F0F0F0F0F0F0F00000000000000003D
:206BE000000000000000000000000000000000000000000000000000000000000000000095
:206C0000000000000000000000000000000000000000000000000000000000000000000074
:206C2000000000000000000000000000000000000000000000000000000000000000000054
:206C40000F0F0F0F00000000000000000000000000000000000000000000000000000000F8
:206C6000000000000000000000000000000000000F0F0F0F0F0F0F0F00000000000000009C
:206C80000000000000000000000000000000000000000000000000000000000000000000F4
:206CA0000000000000000000000000000000000000000000000000000000000000000000D4
:206CC0000000000000000000000000000000000000000000000000000000000000000000B4
:206CE0000F0F0F0F0000000000000000000000000000000000000000000000000000000058
:206D0000000000000000000000000000000000000F0F0F0F0F0F0F0F0000000000000000FB
:206D2000000000000000000000000000000000000000000000000000000000000000000053
:206D4000000000000000000000000000000000000000000000000000000000000000000033
:206D6000000000000000000000000000000000000000000000000000000000000000000013
:206D80000F0F0F0F00000000000000000000000000000000000000000000000000000000B7
:206DA000000000000000000000000000000000000F0F0F0F0F0F0000000000000000000079
:206DC0000000000000000000000000000000000000000000000000000000000000000000B3
:206DE000000000000000000000000000000000000000000000000000000000000000000093
:206E0000000000000000000000000000000000000000000000000000000000000000000072
:206E20000F0F0F0F0000000000000000000000000000000000000000000000000000000016
:206E4000000000000000000000000000000000000F0F0F0F0F0F00000000000000000000D8
:206E6000000000000000000000000000000000000000000000000000000000000000000012
:206E80000000000000000000000000000000000000000000000000000000000000000000F2
:206EA0000000000000000000000000000000000000000000000000000000000000000000D2
:206EC0000F0F0F0F000000000000000000000000000000000F0F0F0F0F0F0000000000001C
:206EE0000000000000000000000000000000000000000F0F0F0F0000000000000000000056
:206F0000000000000000000000000000000000000000000000000000000000000000000071
:206F2000000000000000000000000000000000000000000000000000000000000000000051
:206F4000000000000000000000000000000000000000000000000000000000000000000031
:206F60000F0F0F0F000000000000000000000000000000000F0F0F0F0F0F0000000000007B
:206F80000000000000000000000000000000000000000F0F0F0F00000000000000000000B5
:206FA0000000000000000000000000000000000000000000000000000000000000000000D1
:206FC0000000000000000000000000000000000000000000000000000000000000000000B1
:206FE0000F0F0F0F0F0F0F0F0F0F0F0F0F0F000000000000000000000000000000000000BF
:207000000F0F0F0F0000000000000000000000000F0F0F0F0F0F0F0F0F0F0000000000009E
:20702000000000000000000000000000000000000000000000000000000000000000000050
:2070400000000000000000000000000000000000000000000000000000000F0F0F0F0F0FD6
:20706000000000000000000000000000000000000000000000000000000000000000000010
:207080000F0F0F0F0F0F0F0F0F0F0F0F0F0F0000000000000000000000000000000000001E
:2070A0000F0F0F0F0000000000000000000000000F0F0F0F0F0F0F0F0F0F000000000000FE
:2070C0000000000000000000000000000000000000000000000000000000000000000000B0
:2070E00000000000000000000000000000000000000000000000000000000F0F0F0F0F0F36
:2071000000000000000000000000000000000000000000000000000000000000000000006F
:207120000F0F0F0F0F0F0F0F0F0F0F0F0F0F0F0F0F0F0F0F00000000000000000000000023
:207140000F0F0F0F0F0F0F0F0F0F0F0F0F0F0F0F0F0F0F0F0F0F0F0F0F0F0F0F0F0F0F0F4F
:207160000F0F0F0F0F0F0F0F0F0F0000000000000000000000000000000000000000000079
:207180000000000000000F0F0F0F0F0F0F0F0F0F0F0F00000000000000000F0F0F0F0F0FE1
:2071A0000000000000000000000000000000000000000000000000000000000000000000CF
:2071C0000F0F0F0F0F0F0F0F0F0F0F0F0F0F0F0F0F0F0F0F00000000000000000000000083
:2071E0000F0F0F0F0F0F0F0F0F0F0F0F0F0F0F0F0F0F0F0F0F0F0F0F0F0F0F0F0F0F0F0FAF
:207200000F0F0F0F0F0F0F0F0F0F00000000000000000000000000000000000000000000D8
:207220000000000000000F0F0F0F0F0F0F0F0F0F0F0F00000000000000000F0F0F0F0F0F40
:207240000F0F0F0F0F0F0F0F0F0F0F0F0F0F0F0F0F0F0F0F0F0F0F0F0F0F0F0F0F0F0F0F4E
:207260000F0F0F0F0F0F0F0F0F0F0F0F0F0F0F0F0F0F0F0F000000000F0F0F0F00000000A6
:207280000F0F0F0F0F0F0F0F0F0F0F0F0F0F0F0F0F0F0F0F0F0F0F0F0F0F0F0F0F0F0F0F0E
:2072A0000F0F0F0F0F0F0F0F0F0F00000000000000000000000000000000000000000F0F1A
:2072C0000F0F0F0F0F0F0F0F0F0F0F0F0F0F0F0F0F0F0F0F0F0F0F0F0F0F0F0F0F0F0F0FCE
:2072E0000F0F0F0F0F0F0F0F0F0F0F0F0F0F0F0F0F0F0F0F0F0F0F0F0F0F0F0F0F0F0F0FAE
:207300000F0F0F0F0F0F0F0F0F0F0F0F0F0F0F0F0F0F0F0F000000000F0F0F0F0000000005
:207320000F0F0F0F0F0F0F0F0F0F0F0F0F0F0F0F0F0F0F0F0F0F0F0F0F0F0F0F0F0F0F0F6D
:207340000F0F0F0F0F0F0F0F0F0F00000000000000000000000000000000000000000F0F79
:207360000F0F0F0F0F0F0F0F0F0F0F0F0F0F0F0F0F0F0F0F0F0F0F0F0F0F0F0F0F0F0F0F2D
:207380000F0F0F0F0F0F0F0F0F0F0F0F0F0F0F0F0F0F0F0F0F0F0F0F0F0F0F0F0F0F0F0F0D
:2073A0000F0F0F0F0F0F0F0F0F0F0F0F0F0F0F0F0F0F0F0F000000000000000000000000A1
:2073C0000F0F0F0F0F0F0F0F0F0F0F0F0F0F0F0F0F0F0F0F0F0F0F0F0F0F0F0F0F0F0F0FCD
:2073E0000F0F0F0F0F0F0F0F0F0F00000000000000000000000000000F0F0F0F0F0F0F0F7F
:207400000F0F0F0F0F0F0F0F0F0F0F0F0F0F0F0F0F0F0F0F0F0F0F0F0F0F0F0F0F0F0F0F8C
:207420000F0F0F0F0F0F0F0F0F0F0F0F0F0F0F0F0F0F0F0F0F0F0F0F0F0F0F0F0F0F0F0F6C
:207440000F0F0F0F0F0F0F0F0F0F0F0F0F0F0F0F0F0F0F0F00000000000000000000000000
:207460000F0F0F0F0F0F0F0F0F0F0F0F0F0F0F0F0F0F0F0F0F0F0F0F0F0F0F0F0F0F0F0F2C
:207480000F0F0F0F0F0F0F0F0F0F00000000000000000000000000000F0F0F0F0F0F0F0FDE
:2074A0000F0F0F0F0F0F0F0F0F0F0F0F0F0F0F0F0F0F0F0F0F0F0F0F0F0F0F0F0F0F0F0FEC
:020000040002F8
:20A30500251205140001FFFC840000FFFC3F0400FFFC140002001B140002FFFC840000FF6A
:20A32500FC3F0400FFFC140002001C140003FFFC840000FFFC3F0400FFFC140002001D1496
:20A345000004FFFC840000FFFC3F0400FFFC140002001E140004FFFC3AFFFC15FDFDFFFFB3
:20A365000752FB1F00FDFEFFFF0752FB1F0000140005FFFC840000FFFC3F0400FFFC140014
:20A38500020020140005FFFC3AFFFC15FDFDFFFF0752FB2100FDFEFFFF0752FB2100001449
:20A3A5000006FFFC33FFFC140008FFFC3F0202FFFC140007FFFC33FFFC1A0064360000001C
:20A3C5000D0115FD0D00FE010001001A0164240000FFFF0615FD0D00FE020001001A016405
:20A3E500120000FFFF0615FD0D00FE030001001A0164000000FFFF0609640F140008FFFC0B
:20A40500840015FFFC3F0404FFFC096421140008FFFC840014FFFC3F0404FFFC0964331433
:20A425000008FFFC840013FFFC3F0404FFFC096445140008FFFC840000FFFC3F0404FFFCB6
:20A4450015FD0300FBFDFF00140008FFFC75FFFC140009FFFC840000FFFC3F0400FFFC147B
:20A4650000020022610A65860C6B68130003000314000000040A4F3B11140000001314006D
:20A485000000020A6CA9101A00649C0000000E060A4F31110964A00A4F45110100060100F9
:20A4A5000F0179BD2D7F6103020301000F0100110154EE2D7F61030203010011010011019D
:20A4C500555C2D7F610302031417700014140300001A1400D000191405DC001514000000B6
:20A4E50002557FFE010753070315FD1400F84963DA0015FD1A00F8496DDA0015FD1900F8A3
:20A50500498FDA000A4F4F11140000FFFC3D07FFFC1A00654D0000000801010000010000A6
:20A52500010000010000787A00FFFC7A01FFFD7A02FFFE7A03FFFF02047B01140008FFFC23
:20A545003F0200FFFC0967B215FE0004FE00004DFBFDFFFE8006FE00004DFBFEFF00140064
:20A5650001FFFF140000FFFC30FFFC14001EFFFB0DFFFB0042960401000015F9754DDBFBE7
:20A58500FFFF0015FF1FF8754DDB0040000101020240410A424301030401FF020103050285
:20A5A500447261632773206269727468646179200A6973206E657874207765656B210047F2
:20A5C50000010414000045FD040045FD00004E010610010441FF0044070145FD0400440352
:20A5E5000145FD12001815FDFFFFF8754DDB00020101000015F9754DDBFBFFFF0015FF3F49
:20A60500F8754DDB0040000101020240410A424301030401FF020103050249206E65656430
:20A6250020746F2068656164200A746F20746F776E20746F20627579200A74686F7365208B
:20A645006E65772066616E63790A67617264656E20746F6F6C73200A7368652773206265C3
:20A66500656E200A77616E74696E67210A004700010814000045FD080045FD00004E01076F
:20A6850010010441FF0044070145FD080044030145FD12001815FDFFFFF8754DDB0002016E
:20A6A50001000015F9754DDBFBFFFF0015FF1FF8754DDB0040000101020240410A424301D1
:20A6C500030401FF0201030502486F706566756C6C79204920616D200A6E6F7420746F6F65
:20A6E500206C6174652E2E2E004700010414000045FD040045FD00004E010610010441FF73
:20A705000044070145FD040044030145FD12001815FDFFFFF8754DDB00020168140006FFC5
:20A72500FC31FFFC15FE8004FE00004DFBFDFFFE0004FE00004DFBFEFF00140001FFFF14A7
:20A745000006FFFC30FFFC14003CFFFB0DFFFB0042960415FE000CFE00004DFBFDFFFE003C
:20A7650004FE00004DFBFEFF00140001FFFF140006FFFC30FFFC140006FFFC33FFFC60692E
:20A785006B05140008FFFC3F0200FFFC010000010000010000010000787A00FFFC7A01FF86
:0EA7A500FD7A02FFFE7A03FFFF02047B010033
:020000040003F7
:20A06C001205190000FFFC1A00607F0004FFFC0109621B15FD0C00FF012BFB0C00001A00C0
:20A08C006096000000040109621A15FD0300FE010004001A0160FF0000FFFF0666080A7DA9
:20A0AC00000615FD0300FF012DFB030000140008FFFC8EFFFC14000100041825140000FF45
:20A0CC00FC3D07FFFC140000FFFC84000CFFFC3F0404FFFC140030FFFB0DFFFB004296043C
:20A0EC0015FE0300FD0D002BFB0300000A77860709621A15FD0300FF012DFB030000140024
:20A10C0008FFFC8EFFFC140001000418256608027C9906140000FFFC840004FFFC3F0400F1
:20A12C00FFFC140012FFFB0DFFFB00429604261A0061560000000201140000FFFC84000E7A
:20A14C00FFFC3F0400FFFC096165140000FFFC840000FFFC3F0400FFFC140000FFFC3F02CF
:20A16C0002FFFC14000CFFFB0DFFFB00429604140000FFFC3F0200FFFC14000CFFFB0DFF68
:20A18C00FB00429604140000FFFC3F0202FFFC14000CFFFB0DFFFB00429604140000FFFC83
:20A1AC003F0200FFFC14000CFFFB0DFFFB00429604140000FFFC3F0202FFFC14000CFFFBF3
:20A1CC000DFFFB00429604140000FFFC3F0200FFFC14000CFFFB0DFFFB0042960414000034
:20A1EC00FFFC3F0202FFFC14000CFFFB0DFFFB00429604140000FFFC3F0200FFFC14000CB2
:10A20C00FFFC0DFFFC00429604140000000400004B
:020000040004F6
:2027AD00050A010511405078000000010100000202FF60A0000204050A01051140507800A5
:2027CD000000010100000202FF60A000020C000FF807103E723C00000500050005000503B8
:1C27ED000000000200050A010511405078000000010100000202FF40A0000401B6
:2047110010E1720F7378112C5411DA520FAA79114050103E729F00010A11C85501000701E9
:2047310001113C580134110C010FC479016A1110010F707C01A0120009040407000AED7F5A
:2047510011754205806911E742116D430A05630E6C601111470E985E11264710AD6700003C
:104771000000140000000000000000000000000024
:020000040003F7
:20A21C00028000800801000FF80700000000FF1000000000000000000000000000000000FA
:20A23C0000000FAA790000000FCF4C000000000000000000020009000000000FF80700008D
:20A25C0000000F1000000000000000000000000000000000000011DA5200000010505800CE
:20A27C00000000000000000020001B000000000FF807000000000310000000000000000066
:20A29C000000000000000000000010C17400000000000000000000080000000020001A001B
:20A2BC000000000FF80700000000031000000000000000000000000000000000000010C190
:20A2DC007400000000000000000000080000000020001C000000000FF80700000000031089
:20A2FC0000000000000000000000000000000000000010C1740000000000000000000008F5
:20A31C000000000020800B800500000FF809000000000F10000000000000000000000000C2
:20A33C0000000000000011DF4F0E145000000000000000040000000020001D000000000F00
:20A35C00F80700000000031000000000000000000000000000000000000010C1740000008A
:0CA37C00000000000000000800000000CD
:020000040002F8
:20EF820000000000000000000000000000000000000000000000000000000000000000006F
:20EFA20000000000000000000000000000000000000000000000000000000000000000004F
:20EFC20000000000000000000000000000000000000000000000000000000000000000002F
:20EFE20000000000000000000000000000000000000000000000000000000000000000000F
:20F002000000000000000000000000000000000000000000000000000000000000000000EE
:20F022000000000000000000000000000000000000000000000000000000000000000000CE
:20F042000000000000000000000000000000000000000000000000000000000000000000AE
:20F06200000000000000000000000000000000000F0F0F0F0F0F0000000000000000000034
:20F08200000000000F0F0F0F0F0F0F0F00000000000000000000000000000F0F0F0F0F0F9C
:20F0A20000000000000000000000000000000000000F00000000000000000000000000003F
:20F0C2000F0F0F0F0F0F0F0F00000000000000000000000000000F000000000F0000000098
:20F0E20000000000000000000000000000000F0F00000000000000000000000000000000F0
:20F10200000000000000000000000000000000000F0F00000000000F0000000000000000C0
:20F1220000000000000000000000000F0000000000000000000000000000000000000000BE
:20F142000000000000000000000000000F0000000000000F0000000000000000000000008F
:20F1620000000000000000000F0F000000000000000000000000000000000000000000006F
:20F182000000000000000F0F000000000000000F0000000000000000000000000000000040
:20F1A20000000000000F00000000000000000000000000000000000000000000000000003E
:20F1C20000000F00000000000000000F00000000000000000000000000000000000000000F
:20F1E20000000F0F0000000000000000000000000000000000000000000000000F0F0000D1
:20F20200000000000000000F00000000000000000000000000000000000000000000000FCE
:20F222000000000000000000000000000000000000000000000000000F00000000000000BD
:20F242000000000F0000000000000000000000000000000000000000000000000F0F0F0F61
:20F26200000000000000000000000000000000000F0F0F0F00000000000000000000000F41
:20F282000000000000000F0F0F0F0F0F0000000000000000000000000000000F0000000003
:20F2A2000000000000000000000000000F00000000000000000000000000000F000000002E
:20F2C20000000F00000000000000000000000000000000000000000F00000000000000000E
:20F2E20000000000000000000F00000000000000000000000000000F0000000000000F00DF
:20F30200000000000000000000000000000000000000000F000000000000000000000000DC
:20F32200000000000F00000000000000000000000000000F0000000000000F00000000009E
:20F342000000000000000000000000000000000F000000000000000000000000000000009C
:20F362000F00000000000000000000000000000F0000000000000F0000000000000000005E
:20F3820000000000000000000000000F000000000000000000000000000000000F0000004D
:18F3A20000000000000000000000000F0000000000000F000000000035
:020000040003F7
:20E6AA002512041A0067250000000D0115FD0D00FE010001001A0167130000FFFF0615FD97
:20E6CA000D00FE020001001A0167010000FFFF0615FD0D00FE030001001A0166EF0000FF0B
:20E6EA00FF060966FE140001FFFC840015FFFC3F0404FFFC096710140001FFFC840014FF91
:20E70A00FC3F0404FFFC096722140001FFFC840013FFFC3F0404FFFC096734140001FFFC87
:20E72A00840000FFFC3F0404FFFC15FD0300FBFDFF00140001FFFC75FFFC140002FFFC333E
:20E74A00FFFC140003FFFC33FFFC140004FFFC33FFFC140005FFFC33FFFC140006FFFC3F9D
:20E76A000200FFFC140007FFFC33FFFC6814000000041300030003140000FFFC3D07FFFC67
:20E78A0014000000010A4F3B111A0067A30000000E060A4F31110967A70A4F451101000615
:1CE7AA0001000F0179BD2D7F610302030A4F4F111815FF01F86906C6005703008A
:20A388001205190000FFFC1A00639B0004FFFC0109653415FD0C00FF012BFB0C00001A0066
:20A3A80063B2000000040109653315FD0300FE010004001A0164330000FFFF0615FD0300F7
:20A3C800FF012DFB030000140001FFFC8EFFFC14000100041825140000FFFC3F0202FFFC0E
:20A3E800140000FFFC3AFFFC15FDFDFFFDFEFFFE4000FE01000080FFFC020204140030FF06
:20A40800FB0DFFFB0042960415FE0300FD0D002BFB03000015FF03F86906C600570115FF5D
:20A4280003F8691CC500690009653315FD0300FF012DFB030000140001FFFC8EFFFC1400D8
:20A4480001000418256608027C9906140000FFFC840004FFFC3F0400FFFC140012FFFB0D2A
:20A46800FFFB0042960426140000FFFC840000FFFC3F0400FFFC140000FFFC3F0202FFFCBF
:20A4880014000CFFFB0DFFFB00429604140000FFFC3F0200FFFC14000CFFFB0DFFFB004209
:20A4A8009604140000FFFC3F0202FFFC14000CFFFB0DFFFB00429604140000FFFC3F020060
:20A4C800FFFC14000CFFFB0DFFFB00429604140000FFFC3F0202FFFC14000CFFFB0DFFFB0E
:20A4E80000429604140000FFFC3F0200FFFC14000CFFFB0DFFFB00429604140000FFFC3FE2
:20A508000202FFFC14000CFFFB0DFFFB00429604140000FFFC3F0200FFFC14000CFFFC0DC4
:0DA52800FFFC004296041400000004000037
:020000040004F6
:20478100050A010511405078000000010100000202FF60A0000204050A01051140507800B1
:2047A1000000010100000202FF60A000020C000FF807103E723C00000500050005000503C4
:2047C10000000002000FAA7911DA5210C17411DF4F114050103E723C120007000306000A1A
:2047E100ED7F1167420B826F118545116D430FAA660E886311C6470E1C620000001181475F
:1248010000000000140000000000000000000000000091
:20280900028000800801000FF80700000000FF100000000000000000000000000000000087
:2028290000000FAA790000000FF152000000000000000000208005800100F817E8070000E7
:2028490000000F10000000000000000000000000000000000000100C750F2B540000000031
:0828690000000008000000005F
:020000040003F7
:20E7C600000000000000000000000000000000000000000000000000000000000000000033
:20E7E600000000000000000000000000000000000000000000000000000000000000000013
:20E8060000000000000000000000000000000000000000000000000000000F0F0F0F0F0F98
:20E8260000000000000000000000000000000F0F0F0F0F0F00000000000000000000000078
:20E8460000000F0F0F0F0F0F00000000000000000000000000000F0F0F0F0F0F00000000FE
:20E866000F0F0F0F00000000000000000F0F0F0F0F0F0F0F0F0F0F0F0000000000000000A2
:20E886000F0F0F0F0F0F0F0F0F0F0F0F0000000000000000000000000F0F0F0F0F0F0F0F46
:20E8A6000000000000000000000000000F0F0F0F0F0F0F0F0F0F0F0F00000000000000009E
:20E8C60000000F0F0F0F0F0F0F0F0F0F000000000000000000000F0F0F0F0F0F0F0F0F0F06
:20E8E6000F0F00000000000000000F0F0F0F0F0F0F0F0F0F0F0F00000000000000000F0F22
:20E906000F0F0F0F0F0F0F0F0F0F0F0F0F0F010101010F0F0F0F0F0F0F0F0F0F0F0F0F0F49
:20E926000F0F000000000F0F2512041A0069A90000000D0115FD0D00FE010001001A01697D
:20E94600970000FFFF0615FD0D00FE020001001A0169850000FFFF0615FD0D00FE030001C8
:20E96600001A0169730000FFFF06096982140001FFFC840015FFFC3F0404FFFC09699414A2
:20E986000001FFFC840014FFFC3F0404FFFC0969A6140001FFFC840013FFFC3F0404FFFCA4
:20E9A6000969B8140001FFFC840000FFFC3F0404FFFC15FD0300FBFDFF00140001FFFC75C5
:20E9C600FFFC1400010057140000005815F97504FFF9754EDBFE00012A2B0023FFFF0201C9
:20E9E6006815FE00C0F849C5DA000A6E5B0614000000041300030003140000FFFC3D07FF9A
:20EA0600FC14000000010A4F3B111A006A200000000E060A4F3111096A240A4F45110100A0
:1DEA26000601000F0179BD2D7F610302030A4F4F111815FF01F86906C60057030004
:205FF2001205190000FFFC1A0060050004FFFC0109620E15FD0C00FF012BFB0C00001A0002
:20601200601C000000040109620D15FD0300FE010004001A01610D0000FFFF0615FD0300BB
:20603200FF012DFB030000140001FFFC8EFFFC14000100041825140000FFFC3F0202FFFCE7
:20605200140000FFFC3AFFFC15FDFDFFFDFEFFFE4000FE01000080FFFC020204140030FFDF
:20607200FB0DFFFB0042960415FE0300FD0D002BFB03000015FD1200FE010005001A016044
:20609200CD0000FFFF0615FF07F86906C600570115FE0000FBFDFFFE0000FBFEFF00140069
:2060B20000FFFC35FFFC3200FFFC15FF03F8691CC50027030211E74D09610A15FD1200FF15
:2060D200012DFB12000015FF07F86906C600570115FE0000FBFDFFFE0000FBFEFF001400BF
:2060F20000FFFC35FFFC3200FFFC15FF03F8691CC50027030211A64909620D15FD0300FF25
:20611200012DFB030000140001FFFC8EFFFC140001000418256608027C9906140000FFFCB8
:20613200840004FFFC3F0400FFFC140012FFFB0DFFFB0042960426140000FFFC840000FFD1
:20615200FC3F0400FFFC140000FFFC3F0202FFFC14000CFFFB0DFFFB00429604140000FF96
:20617200FC3F0200FFFC14000CFFFB0DFFFB00429604140000FFFC3F0202FFFC14000CFF6C
:20619200FB0DFFFB00429604140000FFFC3F0200FFFC14000CFFFB0DFFFB004296041400B3
:2061B20000FFFC3F0202FFFC14000CFFFB0DFFFB00429604140000FFFC3F0200FFFC140038
:2061D2000CFFFB0DFFFB00429604140000FFFC3F0202FFFC14000CFFFB0DFFFB004296047A
:1D61F200140000FFFC3F0200FFFC14000CFFFC0DFFFC00429604140000000400002E
:020000040004F6
:20481300050A010511405078000000010100000202FF60A0000204050A010511405078001E
:204833000000010100000202FF60A000020C000FF807103E723C0000050005000500050331
:2048530000000002000FAA79100C75114050103E721300010411BE570114120002010304B0
:20487300000AED7F11BB420FC667114245116D430F2E690DF25F1158481009681164481108
:144893001348000000001400000000000000000000000000A2
:020000040003F7
:20EA4300028000800801000FF80700000000FF10000000000000000000000000000000008B
:20EA630000000FAA790000000F7A55000000000000000000208002800100F817E807000062
:20EA830000000F10000000000000000000000000000000000000100C750FB45600000000AA
:20EAA3000000000800000000200010000700000FF8070000000003100000000000000000F3
:20EAC3000000000000000000000010C1740D965000000000000000080000000020802C0027
:20EAE3000100000FF80700000000031000000000000000000000000000000000000010C120
:20EB0300740EDD51000000000000000800000000208022800100F817E807000000000F10DA
:20EB2300000000000000000000000000000000000000100C750F03580000000000000008CF
:04EB430000000000CE
:020000040002F8
:20A7B3000000000000000000000000000F0F0F0F0F0F0F0F0000000000000F0F0F0F0F0FB4
:20A7D3000F0F0F0F000000000000000000000000000000000000000000000000000000002A
:20A7F30000000F0F0000000000000000000000000000000000000000000000000000000028
:20A81300000000000000000000000000000000000F0F0F0F0F0F0F0F0000000000000F0F8F
:20A833000F0F0F0F0F0F0F0F0000000000000000000000000000000000000000000000008D
:20A853000000000000000F0F000000000000000000000000000000000000000000000000C7
:20A8730000000000000000000000000000000000000000000F0F0F0F0F0F0000000000006B
:20A89300000000000F0F0F0F00000000000000000000000000000000000000000000000069
:20A8B300000000000000000000000F0F000000000000000000000000000000000000000067
:20A8D3000000000000000000000000000000000000000000000000000F0F0F0F0F0F00000B
:20A8F30000000000000000000F0F0F0F000000000000000000000000000000000000000009
:20A9130000000000000000000000000000000F0F0000000000000000000000000000000006
:20A93300000000000000000000000000000000000F0F0F0F0F0F0F0F000000000F0F0F0F50
:20A953000000000000000000000000000000000000000000000000000000000000000000E4
:20A973000000000000000000000000000000000000000000010100000000000000000000C2
:20A9930000000000000000000F0F0F0F0F0F0F0F0F0F0F0F0F0F0F0F0F0F0F0F0000000078
:20A9B3000F0F0F0F0000000000000000000000000000000000000000000000000000000048
:20A9D300000000000000000000000000000000000000000000000000000000000000000064
:20A9F3000000000000000000000000000F0F0F0F0F0F0F0F0F0F0F0F0F0F0F0F0F0F0F0F18
:20AA1300000000000F0F0F0F000000000000000000000000000000000000000000000000E7
:20AA3300000000000000000000000000000000000000000000000000000000000000000003
:20AA5300000000000000000000000000000000000000000000000F0F0F0F0F0F0F0F0F0F4D
:20AA73000F0F0F0F000000000F0F0F0F00000000000000000000000000000000000000004B
:20AA93000000000000000000000000000000000000000000000000000000000000000000A3
:20AAB30000000000000000000000000000000000000000000000000000000F0F0F0F0F0F29
:20AAD3000F0F0F0F0F0F0F0F000000000000000000000000000000000000000000000000EB
:20AAF300000000000000000000000000000000000000000000000000000000000000000043
:20AB13000000000000000000000000000000000000000000000000000000000000000F0F04
:20AB33000F0F0F0F0F0F0F0F0F0F0F0F00000000000000000000000000000000000000004E
:20AB53000000000000000000000000000000000000000000000000000000000000000000E2
:20AB73000000000000000000000000000000000000000000000000000000000000000000C2
:20AB930000000F0F0F0F0F0F0F0F0F0F0F0F0F0F00000000000000000000000000000000D0
:20ABB300000000000000000000000000000000000000000000000000000000000000000082
:20ABD300000000000000000000000000000000000000000000000000000000000000000062
:20ABF30000000000000000000F0F0F0F0F0F0F0F0F0F0F0F0000000000000000000000008E
:20AC1300000000000000000000000000000000000000000000000000000000000000000021
:20AC3300000000000000000000000000000000000000000000000000000000000000000001
:20AC53000000000000000000000000000F0F0F0F0F0F0F0F0F0F0F0F000000000F0F0F0FF1
:20AC73000F0F0F0F0000000000000000000000000000000000000000000000000000000085
:20AC93000000000000000000000000000000000000000000000000000000000000000000A1
:20ACB300000000000000000000000000000000000F0F0F0F0F0F0F0F0F0F0F0F00000000CD
:20ACD3000F0F0F0F0F0F0F0F000000000000000000000000000000000000000000000000E9
:20ACF300000000000000000000000000000000000000000000000000000000000000000041
:20AD130000000000000000000000000000000000000000000F0F0F0F0F0F0F0F0F0F0F0F6C
:20AD3300000000000F0F0F0F0F0F0F0F0F0F0F0F0F0F0F0F00000000000000000000000010
:20AD53000000000000000000000000000000000000000000000000000000000000000000E0
:20AD730000000000000000000000000000000000000000000000000000000F0F0F0F0F0F66
:20AD93000F0F0F0F000000000F0F0F0F0F0F0F0F0F0F0F0F0F0F0F0F000000000000000074
:20ADB300000000000000000000000000000000000000000000000000000000000000000080
:20ADD3000000000000000000000000000000000000000000000000000000000000000F0F42
:20ADF3000F0F0F0F0F0F0F0F0F0F0F0F0F0F0F0F0F0F0F0F0F0F0F0F0F0F0F0F000000009C
:20AE130000000000000000000000000000000000000000000000000000000000000000001F
:20AE33000000000000000000000000000000000000000000000000000000000000000000FF
:20AE530000000F0F0F0F0F0F0F0F0F0F0F0F0F0F0F0F0F0F0F0F0F0F0F0F0F0F0F0F0F0F1D
:20AE73000000000000000000000000000000000000000000000000000000000000000000BF
:20AE930000000000000000000000000000000000000000000000000000000000000000009F
:08AEB3000000000000000F0F79
:020000040003F7
:20EB47002512041A006BC20000000D0115FD0D00FE010001001A016BB00000FFFF0615FDB3
:20EB67000D00FE020001001A016B9E0000FFFF0615FD0D00FE030001001A016B8C0000FF26
:20EB8700FF06096B9B140001FFFC840015FFFC3F0404FFFC096BAD140001FFFC840014FFAC
:20EBA700FC3F0404FFFC096BBF140001FFFC840013FFFC3F0404FFFC096BD1140001FFFCA4
:20EBC700840000FFFC3F0404FFFC15FD0300FBFDFF00140001FFFC75FFFC1400010059145F
:20EBE7000000005A140003FFFC840002FFFC3F0404FFFC140004FFFC840002FFFC3F040404
:20EC0700FFFC140001005B140000005C15F97504FFF9754EDBFE00012A2B0023FFFF02017D
:20EC270068140000001014000000110A6E5B0614000000041300030003140000FFFC3D07BF
:20EC4700FFFC14000000010A4F3B111A006C620000000E060A4F3111096C660A4F451101D6
:1EEC6700000601000F0179BD2D7F610302030A4F4F111815FF01F86906C600570300C0
:20620F001205190000FFFC1A0062220004FFFC0109642B15FD0C00FF012BFB0C00001A00A4
:20622F006239000000040109642A15FD0300FE010004001A01632A0000FFFF0615FD03003F
:20624F00FF012DFB030000140001FFFC8EFFFC14000100041825140000FFFC3F0202FFFCC8
:20626F00140000FFFC3AFFFC15FDFDFFFDFEFFFE4000FE01000080FFFC020204140030FFC0
:20628F00FB0DFFFB0042960415FE0300FD0D002BFB03000015FD1200FE010005001A016223
:2062AF00EA0000FFFF0615FF07F86906C600570115FE0000FBFDFFFE0000FBFEFF0014002D
:2062CF0000FFFC35FFFC3200FFFC15FF03F8691CC50027030211E74D09632715FD1200FFD7
:2062EF00012DFB12000015FF07F86906C600570115FE0000FBFDFFFE0000FBFEFF001400A0
:20630F0000FFFC35FFFC3200FFFC15FF03F8691CC50027030211A64909642A15FD0300FFE6
:20632F00012DFB030000140001FFFC8EFFFC140001000418256608027C9906140000FFFC99
:20634F00840004FFFC3F0400FFFC140012FFFB0DFFFB0042960426140000FFFC840000FFB2
:20636F00FC3F0400FFFC140000FFFC3F0202FFFC14000CFFFB0DFFFB00429604140000FF77
:20638F00FC3F0200FFFC14000CFFFB0DFFFB00429604140000FFFC3F0202FFFC14000CFF4D
:2063AF00FB0DFFFB00429604140000FFFC3F0200FFFC14000CFFFB0DFFFB00429604140094
:2063CF0000FFFC3F0202FFFC14000CFFFB0DFFFB00429604140000FFFC3F0200FFFC140019
:2063EF000CFFFB0DFFFB00429604140000FFFC3F0202FFFC14000CFFFB0DFFFB004296045B
:1D640F00140000FFFC3F0200FFFC14000CFFFC0DFFFC00429604140000000400000E
:020000040004F6
:2048A700050A010511405078000000010100000202FF60A0000204050A010511405078008A
:2048C7000000010100000202FF60A000020C000FF807103E723C000005000500050005039D
:2048E70000000002000FAA79100C7510C174114050103E724403010111F457016412000525
:20490700010305000AED7F11C9420AB367114245116D430F476B0D0F6211EC480F436A1127
:20492700FB4811A748000000001400000000000000000000000000208005800400000FF8E9
:204947000700000000FF10000000000000000000000000000000000000100C7B00000000A3
:0B496700000000000000000000000045
:020000040003F7
:20EC850000000000000000000000000000000000000000000000000000000000000000006F
:20ECA50000000000000000000000000000000000000000000000000000000000000000004F
:20ECC50000000000000000000000000000000000000000000000000000000000000000002F
:20ECE50000000000000000000000000000000000000000000000000000000000000000000F
:20ED05000000000000000000000000000000000000000000000000000000000000000000EE
:20ED25000000000000000000000000000000000000000000000000000000000000000000CE
:20ED45000000000000000000000000000000000000000000000000000000000000000000AE
:20ED650000000000000000000000000000000000000000000000000000000000000000008E
:20ED850000000000000000000000000000000000000000000000000000000000000000006E
:20EDA50000000000000000000000000000000000000000000000000000000000000000004E
:20EDC50000000000000000000000000000000000000000000000000000000000000000002E
:08EDE500000000000000000026
:020000040001F9
:209C60002512056115FD1200FBFDFF00140001FFFC75FFFC140078FFFB0DFFFB0042960443
:209C80000100020DFFFF014296047C02FFBF6B9C321719A834FC5B512B6C1AA3049F5FFD5D
:209CA00046B14DC124786F5C7253582A04FF63546BEC45C3309F5F31476F2E4D19FD73D7E8
:209CC0004FAD46E634FF63546BEC45C3307C04FF6332FF139F0E707CFF7FDF735C460000B2
:209CE0003F22DF735C4600000000DF735C4600000000DF735C4600006332DF735C4600009E
:209D0000FF7FDF735C4600003F22DF735C4600000100020DFFFF014296047C02FFDF6FDCEA
:209D20003E79290C41FD5F7437AF26050D9F631D53145624319A739C72D5608E0CFF6B760D
:209D40006F4F52463D9F675453B23AB025FE77D957F04E693DFF6B766F4F52463D7C04FF87
:209D60006332FF23DF1ED27CFF7FDF779D5221043F22DF779D5221040000DF779D522104C4
:209D80000000DF779D5221046332DF779D522104FF7FDF779D5221043F22DF779D522104A7
:209DA0000100020DFFFF014296047C02FFDF731D4BFB358F4DFD6796471237891DBF6B5EBD
:209DC0005B765EA83D9B73FD765869121DFF6F9873B25AAA49BF6B765BF5461336FE77FA98
:209DE0005F335BCD4DFF6F9873B25AAA497C04FF6332FF373F33757DFF7FDF77FD5A841077
:209E00003F22DF77FD5A84100000DF77FD5A84100000DF77FD5A84106332DF77FD5A841048
:209E2000FF7FDF77FD5A84103F22DF77FD5A84100100020DFFFF014296047C02FFDF775EA5
:209E40005B7C4A345EFE6FB957564B2F36DF6F7E67F96A4E52BC773E7B1A72B631FF73BA0B
:209E60007716674F5ADF73B9675857974AFE7BFC6B7767725AFF73BA7716674F5A7C04FF71
:209E80006332FF4B7F47187EFF7FFF7B3E6729253F22FF7B3E6729250000FF7B3E67292561
:209EA0000000FF7B3E6729256332FF7B3E672925FF7FFF7B3E6729253F22FF7B3E6729257A
:209EC0000100020DFFFF014296047C02FFFF7BBE6B3E63196FFE77DC6B9A631657DF77BF13
:209EE000737C731567DE7B9E7BFD7ABB52FF7BDD7B7A73166BDF77DC739B6B3B63FF7BFD8E
:209F000073BB73386FFF7BDD7B7A73166B7C04FF6332FF63BF63FC7EFF7FFF7B9E73524A02
:209F20003F22FF7B9E73524A0000FF7B9E73524A0000FF7B9E73524A6332FF7B9E73524A8F
:209F4000FF7FFF7B9E73524A3F22FF7B9E73524A0100020DFFFF014296047C02FFFF7FFFEF
:209F60007FFF7FFF7FFF7FFF7FFF7FFF7FFF7FFF7FFF7FFF7FFF7FFF7FFF7FFF7FFF7FFF01
:209F80007FFF7FFF7FFF7FFF7FFF7FFF7FFF7FFF7FFF7FFF7FFF7FFF7FFF7FFF7F7C04FFDF
:209FA0006332FF7FFF7FFF7FFF7FFF7FFF7FFF7F3F22FF7FFF7FFF7F0000FF7FFF7FFF7F45
:209FC0000000FF7FFF7FFF7F6332FF7FFF7FFF7FFF7FFF7FFF7FFF7F3F22FF7FFF7FFF7F25
:209FE00015FF03F86906C600570115FF03F8691CC50069000100040DFFFF014296047C0298
:20A00000FFFF7BBE6F5E673A6FFF77DC6FBB67175BDF77BF737C77376BDE7BBE7B1D7BDBB5
:20A020005AFF7BDD7B9B73376FDF7BDC73BC6F5B67FF7FFE77BB73396FFF7BDD7B9B7337CA
:20A040006F7C04FF6332FF67BF671C7FFF7FFF7F9F7394523F22FF7F9F7394520000FF7F0D
:20A060009F7394520000FF7F9F7394526332FF7F9F739452FF7FFF7F9F7394523F22FF7F94
:20A080009F7394520100040DFFFF014296047C02FFDF777E5FBD527562FE73BA5B77537085
:20A0A0003EDF739E6B1A6B9056DD7B5E7B5B72F739FF77BB77376B915EDF73BA6B595FD82E
:20A0C00052FE7BFC6F786B9462FF77BB77376B915E7C04FF6332FF537F4F597EFF7FFF7B35
:20A0E0005E6B6B2D3F22FF7B5E6B6B2D0000FF7B5E6B6B2D0000FF7B5E6B6B2D6332FF7BFE
:20A100005E6B6B2DFF7FFF7B5E6B6B2D3F22FF7B5E6B6B2D0100040DFFFF014296047C02DE
:20A12000FFDF733D533C3ED151FE6BB74F343FCB25BF6B5E5FB762EA45BB771D77996D5481
:20A1400025FF6F9973D35EEC51BF6F975F164F553EFE7BFB67345F0F52FF6F9973D35EEC70
:20A16000517C04FF6332FF3F3F3BB67DFF7FFF7B1D5FC6183F22FF7B1D5FC6180000FF7B8E
:20A180001D5FC6180000FF7B1D5FC6186332FF7B1D5FC618FF7FFF7B1D5FC6183F22FF7BFB
:20A1A0001D5FC6180100040DFFFF014296047C02FFDF6FFD46BA314E45FD63953FF02E4733
:20A1C00015BF673D57555A86399A73DD761765D014FF6B776F70568845BF6B7557D342F2A2
:20A1E00031FE77FA5F1157AB45FF6B776F705688457C04FF6332FF2F1F27347DFF7FDF7718
:20A20000DD5642083F22DF77DD5642080000DF77DD5642080000DF77DD5642086332DF77FC
:20A22000DD564208FF7FDF77DD5642083F22DF77DD5642080100040DFFFF014296047C02B1
:20A24000FFDF6FBC3A5825EB3CFD5F7333AE22E40C9F631D4FF351232D796F9C72B5606DDB
:20A2600008FF67756F2E4E25399F63534FB1368F25FE77D857CF4E483DFF67756F2E4E2542
:20A28000397C04FF6332FF1FDF1AB27CFF7FDF779C4E21043F22DF779C4E21040000DF772D
:20A2A0009C4E21040000DF779C4E21046332DF779C4E2104FF7FDF779C4E21043F22DF7796
:20A2C0009C4E21040100040DFFFF014296047C02FFBF6B9C2EF718A830FC5751276B16A23C
:20A2E000049F5BDC46B14DC120786F5C7252582A04FF63546BEB45C22C9F5F31476F2A2D57
:20A3000019FD73D74FAC46E630FF63546BEB45C22C7C04FF6332FF0F9F0E4F7CFF7FDF73DD
:20A320005C4600003F22DF735C4600000000DF735C4600000000DF735C4600006332DF7357
:20A340005C460000FF7FDF735C4600003F22DF735C4600000100040DFFFF014296047C0229
:20A36000FFBF675B26B5106628FC532F1F290E61007F57BC3E6F458018576B1B6E105007E1
:20A3800000FF5F3267A93D81247F5B0F3F2D22EB10FD73D6476A3EA428FF5F3267A93D816A
:20A3A000247C04FF6332FF035F020D7CFF7FDF731B3E00003F22DF731B3E00000000DF73F2
:20A3C0001B3E00000000DF731B3E00006332DF731B3E0000FF7FDF731B3E00003F22DF735D
:20A3E0001B3E0000130003000314000000040A4F3B111A0064020000000E060A4F311109F6
:20A4000064060A4F451101000601000F0179BD2D7F6103020301000F0100110155052D7F97
:20A420006103020301001101001101555C2D7F610302031417700014140300001A1400D004
:20A4400000191400000002557FFE010753070315FD1400F84963DA0015FD1A00F8496DDA3E
:20A460000015FD1900F8498FDA000A4F4F11140000FFFC3F0202FFFC140000FFFC33FFFCC4
:03A480007B00005E
:020000040004F6
:20497200050A010511405078000000010100000202FF60A0000204050A01051140507800BE
:204992000000010100000202FF60A000020C100C7B11405014120101000202001182541196
:2049B20005420F856C11C84511F34306605C00000011A049113E4900000011724900000019
:0F49D200001400000000000000000000000000C2
:20287100028000800801000FF80700000000FF10000000000000000000000000000000001F
:2028910000000FAA790000000F0B49000000000000000000020009000000000FF807000079
:2028B10000000F1000000000000000000000000000000000000011DA520000001022530026
:0828D1000000000000000000FF
:020000040002F8
:20F3BA00000000000000000000000000000000000000000000000000000000000000000033
:20F3DA00000000000000000000000000000000000000000000000000000000000000000013
:20F3FA000000000000000000000000000000000000000000000000000000000000000000F3
:20F41A000000000000000000000000000000000000000000000000000000000000000000D2
:20F43A000000000000000000000000000000000000000000000000000000000000000000B2
:20F45A00000000000000000000000000000000000000000000000000000000000000000092
:20F47A00000000000000000000000000000000000000000000000000000000000000000072
:20F49A00000000000000000000000000000000000000000000000000000000000000000052
:20F4BA00000000000000000000000000000000000000000000000000000000000000000032
:20F4DA00000000000000000000000000000000000000000000000000000000000000000012
:20F4FA000000000000000000000000000000000000000000000000000000000000000000F2
:20F51A000000000000000000000000000000000000000000000000000000000000000000D1
:20F53A0000000000000000000000000000000000000000000000000000000F0F0F0F0F0F57
:20F55A00000000000000000000000000000000000000000000000000000000000000000091
:20F57A00000000000000000000000000000000000000000000000F0F0F0F0F0F0000000017
:20F59A0000000000000000000000000000000F0F0F0F0F0F0F0F0F0F0F0F0000000000009D
:20F5BA0000000F0F0F0F0F0F0F0F0F0F0F0F0F0F0F0F0F0F0F0F0F0F0F0F0F0F00000000AB
:20F5DA00000000000000000000000F0F0F0F0F0F0F0F0F0F0F0F00000000000000000F0F3F
:20F5FA000F0F0F0F0F0F0F0F0F0F0F0F0F0F0F0F0F0F0F0F0F0F0F0F000000000000000089
:20F61A000000000000000F000000000000000000000F00000000000000000F0000000000A3
:20F63A000000000000000000000000000000000000000000000000000000000000000000B0
:20F65A0000000F000000000000000000000F00000000000000000F00000000000000000063
:20F67A0000000000000000000000000000000000000000000000000000000F0F0F0F0F0025
:20F69A000000000000000000000F00000000000000000F0000000000000000000000000032
:20F6BA00000000000000000000000000000000000000000000000F0F0F0F000000000000F4
:20F6DA0000000000000F00000000000000000F0000000000000000000000000000000000F2
:20F6FA000000000000000000000000000000000000000F00000000000000000000000000E1
:20F71A00000F00000000000000000F000000000000000000000000000000000000000000B1
:20F73A0000000000000000000000000000000F00000000000000000000000000000F000091
:20F75A000000000000000F0000000000000000000000000000000000000000000000000080
:20F77A000F0F0F0F0F0F0F0F0F0F0F00000000000000000000000000000F0F0F0F0F0F0F61
:20F79A000F0F0F000000000000000000000000000000000000000000000000000F0F0F0FE6
:20F7BA000F0F0F0F0F0F0000000000000000000000000000000F0F0F0F0F0F0F0F0F0F003F
:18F7DA0000000000000000000000000000000000000000000000000017
:020000040003F7
:20EDED002512061A006E680000000D0115FD0D00FE010001001A016E560000FFFF0615FDB7
:20EE0D000D00FE020001001A016E440000FFFF0615FD0D00FE030001001A016E320000FF2B
:20EE2D00FF06096E41140001FFFC840015FFFC3F0404FFFC096E53140001FFFC840014FFB1
:20EE4D00FC3F0404FFFC096E65140001FFFC840013FFFC3F0404FFFC096E77140001FFFCA9
:20EE6D00840000FFFC3F0404FFFC15FD0300FBFDFF00140001FFFC75FFFC140002FFFC33F4
:20EE8D00FFFC15FE0005FBFAFFFE8004FBFBFF0071FFFA68140000000413000300031400D0
:20EEAD0000FFFC3D07FFFC14000000010A4F3B111A006ECD0000000E060A4F3111096ED105
:20EECD000A4F451101000601000F0179BD2D7F610302030A4F4F111815FF01F86906C60000
:03EEED00570300C8
:20A535001205190000FFFC1A0065480004FFFC010966E115FD0C00FF012BFB0C00001A005A
:20A55500655F00000004010966E015FD0300FE010004001A0165E00000FFFF0615FD03003D
:20A57500FF012DFB030000140001FFFC8EFFFC14000100041825140000FFFC3F0202FFFC5F
:20A59500140000FFFC3AFFFC15FDFDFFFDFEFFFE4000FE01000080FFFC020204140030FF57
:20A5B500FB0DFFFB0042960415FE0300FD0D002BFB03000015FF03F86906C600570115FFAF
:20A5D50003F8691CC50069000966E015FD0300FF012DFB030000140001FFFC8EFFFC14007C
:20A5F50001000418256608027C9906140000FFFC840004FFFC3F0400FFFC140012FFFB0D7C
:20A61500FFFB0042960426140000FFFC840000FFFC3F0400FFFC140000FFFC3F0202FFFC10
:20A6350014000CFFFB0DFFFB00429604140000FFFC3F0200FFFC14000CFFFB0DFFFB00425A
:20A655009604140000FFFC3F0202FFFC14000CFFFB0DFFFB00429604140000FFFC3F0200B1
:20A67500FFFC14000CFFFB0DFFFB00429604140000FFFC3F0202FFFC14000CFFFB0DFFFB5F
:20A6950000429604140000FFFC3F0200FFFC14000CFFFB0DFFFB00429604140000FFFC3F33
:20A6B5000202FFFC14000CFFFB0DFFFB00429604140000FFFC3F0200FFFC14000CFFFC0D16
:0DA6D500FFFC004296041400000004000089
:020000040004F6
:2049E100050A010511405078000000010100000202FF60A0000204050A010511405078004F
:204A01000000010100000202FF60A000020C000FF807103E723C0000050005000500050361
:204A210000000002000FAA7911DA52114050103E721300010810947C012700010810027DA7
:204A41000114000108104A7E012800010810B87E013C120002040304000AED7F113D420B7A
:204A6100BA73114245116D430FED6D0E356511264A10716811324A11E14900000000140058
:0C4A810000000000000000000000000029
:020000040003F7
:20A6E200208007000000FE11F4070000000003600000000000000000000000000000000044
:20A7020000000C6A7C0F7F4B020968000000000400000000208004000400000FF80700003F
:20A72200000003100000000000000000000000000000000000000EEC7F0000001139410000
:20A742000000000000000000020009000001000FF80700000000FF100000000000000000CE
:20A76200000000000000000000000D9D7D00000011634100000000000000000020800180DA
:20A782000800000FF80700000000FF1000000000000000000000000000000000000010E0A2
:20A7A20073000000000000000000000000000000200006000802000FF807000000000110D5
:20A7C20000000000000000000000000000000000000010E073000000000000000000000212
:20A7E20000000000200003000802000FF8070000000000100000000000000000000000000C
:20A8020000000000000010E073000000119B41000000000200000000028000800801000FCA
:20A82200F80700000000FF100000000000000000000000000000000000000FAA79000000D6
:0CA842000F525900000000000000000050
:20642C00000000000000000000000000000000000000000000000000000000000000000050
:20644C00000000000000000000000000000000000000000000000000000000000000000030
:20646C00000000000000000000000000000000000000000000000000000000000000000010
:20648C000000000000000000000000000000000000000000000000000000000000000000F0
:2064AC000000000000000000000000000000000000000000000000000000000000000000D0
:2064CC000000000000000000000000000000000000000000000000000000000000000000B0
:2064EC00000000000000000000000000000000000000000000000000000000000000000090
:20650C0000000000000000000000000000000000000000000000000000000000000000006F
:20652C0000000000000000000000000000000000000000000000000000000000000000004F
:20654C0000000000000000000000000000000000000000000000000000000000000000002F
:20656C0000000000000000000000000000000000000000000000000000000000000000000F
:20658C000000000000000000000000000000000000000000000000000000000000000000EF
:2065AC000000000000000000000000000000000000000000000000000000000000000000CF
:2065CC000000000000000000000000000000000000000000000000000000000000000000AF
:2065EC0000000000000000000000000000000000000000000000000000000000000000008F
:20660C0000000000000000000000000000000000000000000000000000000000000000006E
:20662C0000000000000000000000000000000000000000000000000000000000000000004E
:20664C0000000000000000000000000000000000000000000000000000000000000000002E
:20666C0000000000000000000000000000000000000000000000000000000000000000000E
:20668C000000000000000000000000000000000000000000000000000000000000000000EE
:2066AC000000000000000000000000000000000000000000000000000000000000000000CE
:2066CC000000000000000000000000000000000000000000000000000000000000000000AE
:1066EC00000000000000000000000000000000009E
:020000040001F9
:20CF5C00251208140001FFFC3F0202FFFC14003C0005140002FFFC140002FFFC33FFFC146F
:20CF7C000003FFFC33FFFC15FE1400FBFDFF00140003FFFC75FFFC140005FFFC33FFFC1473
:20CF9C000006FFFC33FFFC1A00501B0000000D0115FD0D00FE010001001A0150090000FF21
:20CFBC00FF0615FD0D00FE020001001A014FF70000FFFF0615FD0D00FE030001001A014F40
:20CFDC00E50000FFFF06094FF4140007FFFC840015FFFC3F0404FFFC095006140007FFFC9F
:20CFFC00840014FFFC3F0404FFFC095018140007FFFC840013FFFC3F0404FFFC09502A144E
:20D01C000007FFFC840000FFFC3F0404FFFC15FD0300FBFDFF00140007FFFC75FFFC61142A
:20D03C000007FFFC3F0202FFFC15F97504FFF9754EDBFE00012A2B0023FFFF020115FE00EC
:20D05C0005FBF9FFFE8004FBFAFF0071FFF9130003000315FD0300FBFDFF00140000FFFCA9
:20D07C0075FFFC140000FFFC3D07FFFC14000000010A4F3B111A0050A10000000E060A4FA4
:20D09C0031110950A50A4F451101000601000F0179BD2D7F610302031815FF01F86906C6C8
:20D0BC0000570315FE0001FE00004DFBFDFFFE8007FE00004DFBFEFF00140001FFFF1400B5
:20D0DC0000FFFC30FFFC6608027C990615FF00F86997C60015FF00F8699BC60015FF00F8CF
:20D0FC00699CC60015FF00F8699DC60015FF00F8699EC60015FF00F869A5C600140001FFA4
:20D11C00FC140000FFF93AFFF93AFFFC15FDFDFFFDFEFFFE40002BFDFBFFFDFEFF2DFE8077
:20D13C00002FFDFAFFFDFDFF2DFE80002F54FE01000080FFFC02020415FE8002FE00004D25
:20D15C00FBFDFFFE8007FE00004DFBFEFF00140003FFFF140000FFFC30FFFC140018FFF981
:20D17C000DFFF900429604140000FFFC84000BFFFC3F0404FFFC140000FFFC36551805FF21
:20D19C00FC14001EFFF90DFFF90042960466080A7CBF0615FF00F86997C60015FF00F8696C
:20D1BC009BC60015FF00F8699CC60015FF00F8699DC60015FF00F8699EC60015FF08F869ED
:20D1DC00A5C600140006FFFC3AFFFC15FDFDFFFDFEFFFE0000FE03000080FFFC03020414DF
:20D1FC000000FFFC840004FFFC3F0404FFFC15FE2002FBFDFFFEF006FBFEFF00140000FF28
:20D21C00FC35FFFC18181815FEC001FBFDFFFEC006FBFEFF00140000FFFC35FFFC18181870
:20D23C0015FE7001FBFDFFFEE006FBFEFF00140000FFFC35FFFC18181815FE6001FBFDFF89
:20D25C00FE0007FBFEFF00140000FFFC35FFFC18181815FE2001FBFDFFFE3007FBFEFF00D6
:20D27C00140000FFFC35FFFC18181815FE0001FBFDFFFE8007FBFEFF00140000FFFC35FF40
:20D29C00FC14001EFFF90DFFF900429604140000FFFC84000AFFFC3F0404FFFC14003CFF42
:20D2BC00F90DFFF900429604140001FFFC3E10FFFC140001FFFC840018FFFC3F0400FFFC3A
:20D2DC00140001FFFC3F0200FFFC15FE8007FE00004DFBFDFFFE0004FE00004DFBFEFF00C5
:20D2FC00140000FFFF140001FFFC30FFFC14003CFFF90DFFF900429604140001FFFC3E400E
:20D31C00FFFC140001FFFC3AFFFC15FDFDFFFE10002FFBF9FF0015FDFEFFFE10002FFBF834
:20D33C00FF0015FDF9FFFE00002BFE04004CFBFDFFFDF8FFFE00002BFE04004CFBFEFF00F7
:20D35C00140001FFFC35FFFC140008FFF90DFFF900429604140001FFFC3AFFFC15FDFDFF29
:20D37C00FE10002FFBF9FF0015FDFEFFFE10002FFBF8FF0015FDF9FFFE00002BFE04004CA2
:20D39C00FBFDFFFDF8FFFE05002BFE04004CFBFEFF00140001FFFC35FFFC140006FFF90DB3
:20D3BC00FFF900429604140001FFFC3AFFFC15FDFDFFFE10002FFBF9FF0015FDFEFFFE10DD
:20D3DC00002FFBF8FF0015FDF9FFFE00002BFE04004CFBFDFFFDF8FFFE0A002BFE04004C23
:20D3FC00FBFEFF00140001FFFC35FFFC18181818140001FFFC3AFFFC15FDFDFFFE10002FE9
:20D41C00FBF9FF0015FDFEFFFE10002FFBF8FF0015FDF9FFFE00002BFE04004CFBFDFFFD4A
:20D43C00F8FFFE0F002BFE04004CFBFEFF00140001FFFC35FFFC181815FE8007FBFDFFFE5C
:20D45C008007FBFEFF00140001FFFC35FFFC140001FFFC840016FFFC3F0404FFFC66080894
:20D47C007B7B0614000CFFF9140002FFFA15FE0200FBFBFF000DFFF90049F30B14003CFFC8
:20D49C00F90DFFF90042960401000015F9754DDBFBFFFF0015FF1FF8754DDB0040000101E7
:20D4BC00020244450A464701030401FF0201030502486579212049276D20696E2061200A31
:20D4DC006875727279206865726521004700010414000045FD040045FD00004E01051001C4
:20D4FC000441FF0044070140000101020244450A464701030401FF020103050247657420C5
:20D51C006F75747461206D79200A77617921004700010414000041FF0044070145FD0400EE
:20D53C0044030145FD12001815FDFFFFF8754DDB00020114001EFFF90DFFF9004296041454
:20D55C000002FFFC31FFFC18140002FFFC840000FFFC3F0404FFFC14003CFFF90DFFF9004F
:20D57C00429604660802772B067C0504FF07FF075F06D17C140006FFF90DFFF90042960465
:20D59C007C0504FD73FD73D647947D140006FFF90DFFF9004296047C0504FF07FF075F06F3
:20D5BC00D17C140006FFF90DFFF9004296047C0504FF07FF075F060D7C140030FFF90DFF48
:20D5DC00F900429604660802772B067C0504FF07FF075F06D17C140006FFF90DFFF90042A6
:20D5FC0096047C0504FD73FD73D647947D140006FFF90DFFF9004296047C0504FF07FF075E
:20D61C005F06D17C140006FFF90DFFF9004296047C0504FF07FF075F060D7C14003CFFF982
:20D63C000DFFF900429604140002FFFC840019FFFC3F0404FFFC14003CFFF90DFFF9004273
:20D65C009604140002FFFC3F0202FFFC140002FFFC33FFFC15FE8004FBFDFFFE8008FBFE79
:20D67C00FF00140002FFFC35FFFC14001EFFF90DFFF900429604605F3705140000FFFC84B5
:20D69C000000FFFC3F0404FFFC140003FFFC31FFFC140006FFFC31FFFC140007FFFC3F025B
:08D6BC0000FFFC0A4F4F1100B2
:020000040003F7
:20A84E001205190000FFFC1A0068610004FFFC01096A5915FD0C00FF012BFB0C00001A00A6
:20A86E0068780000000401096A5815FD0300FE010004001A0169580000FFFF0666080A7D2D
:20A88E00000615FD0300FF012DFB030000140007FFFC8EFFFC14000100041825140000FF5C
:20A8AE00FC84000CFFFC3F0404FFFC140030FFFB0DFFFB0042960415FE0300FD0D002BFB5A
:20A8CE0003000015FD1200FE010005001A0169180000FFFF0615FF07F86906C600570115EA
:20A8EE00FE0000FBFDFFFE0000FBFEFF00140000FFFC35FFFC3200FFFC15FF03F8691CC59A
:20A90E000027030211E74D09695515FD1200FF012DFB12000015FF07F86906C600570115DE
:20A92E00FE0000FBFDFFFE0000FBFEFF00140000FFFC35FFFC3200FFFC15FF03F8691CC559
:20A94E000027030211A649096A5815FD0300FF012DFB030000140007FFFC8EFFFC140001FE
:20A96E00000418256608027C9906140000FFFC840004FFFC3F0400FFFC140012FFFB0DFF01
:20A98E00FB0042960426140000FFFC840000FFFC3F0400FFFC140000FFFC3F0202FFFC147F
:20A9AE00000CFFFB0DFFFB00429604140000FFFC3F0200FFFC14000CFFFB0DFFFB0042965C
:20A9CE0004140000FFFC3F0202FFFC14000CFFFB0DFFFB00429604140000FFFC3F0200FFCC
:20A9EE00FC14000CFFFB0DFFFB00429604140000FFFC3F0202FFFC14000CFFFB0DFFFB00E2
:20AA0E00429604140000FFFC3F0200FFFC14000CFFFB0DFFFB00429604140000FFFC3F02B4
:20AA2E0002FFFC14000CFFFB0DFFFB00429604140000FFFC3F0200FFFC14000CFFFC0DFF9C
:0CAA4E00FC00429604140000000400000C
:020000040004F6
:2028D900050A010511405078000000010100000202FF60A0000204050A0105114050780078
:2028F9000000010100000202FF60A000020C000FF80711F5500F000000000000000000FF3A
:202919008040000402030CE8070E257E0C001216121612161216030080000401000FF807E7
:1329390011F55012000000000000000000FF188000040088
:204A8D000C6A7C0EEC7F0D9D7D10E0730FAA7911405011F5500E257E2812000700050800EC
:204AAD000AED7F1113420D2C64110B46113644075C4F0E4E68118D4A0EE26600000010D9E6
:134ACD00680000000014000000000000000000000000005A
:20294C00028000800801000FF80700000000FF100000000000000000000000000000000043
:20296C0000000FAA790000000F8C5A000000000000000000208019000100000FF80700005C
:20298C0000000F100000000000000000000000000000000000001033780ED7530000000019
:2029AC000000000200000000020009000000000FF807000000000F100000000000000000D1
:1C29CC000000000000000000000011DA5200000010945A000000000000000000B4
:020000040002F8
:20AEBB000F0F0F0F0F0F0F0F0F0F0F0F0F0F0F0F0F0F0F0F00000000000000000F0F0F0F0F
:20AEDB000F0F00000000000000000000000000000000000000000F0F0F0F000000000000FD
:20AEFB000000000000000F0F0F0F0F0F0F0F0F0F0F0F0F0F0F0F0F0F0F0F0F0F0F0F0F0FB1
:20AF1B000F0F0F0F00000000000000000F0F0F0F0F0F000000000000000000000000000080
:20AF3B000000000000000F0F0F0F0000000000000000000000000F0F0F0F0F0F0F0F0F0F24
:20AF5B000F0F0F0F0F0F000000000000000000000000000000000000000000000F0F0F0F40
:20AF7B00000000000000000000000000000000000000000000000F0F0F0F0000000000007A
:20AF9B0000000000000000000F0F0F0F0F0F0F0F0F0F0F0F0F0F00000000000000000000C4
:20AFBB000000000000000000000000000F0F0F0F000000000000000000000000000000003A
:20AFDB000000000000000F0F0F0F00000000000000000000000000000F0F0F0F0F0F0F0FA2
:20AFFB000F0F0F0F0000000000000000000000000000000000000000000000000F0F0F0FBE
:20B01B0000000000000000000F0F0F0F0F0F00000000000000000F0F0F0F0000000000007F
:20B03B000000000000000000000000000F0F0F0F0F0F0F0F0000000000000000000000007D
:20B05B000000000000000000000000000F0F0F0F00000000000000000F0F0F0F0F0F00003F
:20B07B000000000000000F0F0F0F0000000000000000000000000000000000000F0F0F0F3D
:20B09B00000000000000000000000000000000000000000000000000000000000F0F0F0F59
:20B0BB0000000000000000000F0F0F0F0F0F00000000000000000F0F0F0F000000000000DF
:20B0DB0000000000000000000000000000000F0F0000000000000000000000000000000037
:20B0FB000000000000000000000000000F0F0F0F00000000000000000F0F0F0F0F0F00009F
:20B11B000000000000000F0F0F0F00000000000000000000000000000000000000000F0FBA
:20B13B00000000000000000000000000000000000000000000000000000000000F0F0F0FB8
:20B15B000F0F00000000000000000F0F0F0F00000000000000000F0F0F0F0000000000003E
:20B17B0000000000000000000000000000000F0F0000000000000000000000000000000096
:20B19B000000000000000000000000000F0F0F0F0F0F00000000000000000F0F0F0F0000FE
:20B1BB000000000000000F0F0F0F00000000000000000000000000000000000000000F0F1A
:20B1DB00000000000000000000000F0F0F0F0F0F0F0F0F0F00000000000000000F0F0F0F82
:20B1FB000F0F00000000000000000F0F0F0F00000000000000000F0F0F0F0000000000009E
:20B21B0000000000000000000000000000000F0F000000000000000000000F0F0F0F0F0F9B
:20B23B000F0F0F0F00000000000000000F0F0F0F0F0F00000000000000000F0F0F0F000021
:20B25B000000000000000F0F0F0F00000000000000000000000000000000000000000F0F79
:20B27B0000000000000000000F0F0F0F0F0F0F0F0F0F0F0F000000000000000000000000FF
:20B29B00000000000000000000000F0F0F0F00000000000000000000000000000000000057
:20B2BB00000000000F0F0F0F0000000000000F0F00000000000000000F0F0F0F0F0F0F0FA1
:20B2DB000F0F0F0F000000000000000000000000000000000000000000000F0F0F0F0000DB
:20B2FB0000000000000000000000000000000000000000000F0F0F0F0000000000000F0FD9
:20B31B000F0F0F0F0F0F0F0F0F0F0F0F0F0F0F0F0F0F0F0F000000000000000000000000E6
:20B33B0000000000000000000F0F0F0F0F0F00000000000000000000000000000000000098
:20B35B000F0F0F0F0F0F0F0F0000000000000F0F0F0F0F0F0F0F0F0F0F0F0F0F0F0F0F0F4C
:20B37B000F0F0F0F00000000000000000000000000000000000000000F0F0F0F0F0F00001C
:20B39B00000000000000000000000000000000000F0F0F0F0F0F0F0F0000000000000F0FFC
:20B3BB000F0F0F0F0F0F0F0F0F0F0F0F0F0F0F0F0F0F0F0F0F0F0F0F0F0F0F0F0F0F0F0F92
:20B3DB000F0F0F0F0F0F0F0F0F0F0F0F0F0F000000000F0F0F0F0F0F0F0F0F0F00000000EA
:20B3FB000F0F0F0F0F0F0F0F0000000000000F0F0F0F0F0F0F0F0F0F0F0F0F0F0F0F0F0FAC
:20B41B000F0F0F0F0F0F0F0F0F0F0F0F0F0F0F0F0F0F0F0F0F0F0F0F0F0F0F0F0F0F00004F
:20B43B0000000F0F0F0F0F0F0F0F0F0F000000000F0F0F0F0F0F0F0F0000000000000F0FC5
:020000040003F7
:20AA5A002512041A006AD50000000D0115FD0D00FE010001001A016AC30000FFFF0615FDBD
:20AA7A000D00FE020001001A016AB10000FFFF0615FD0D00FE030001001A016A9F0000FF30
:20AA9A00FF06096AAE140001FFFC840015FFFC3F0404FFFC096AC0140001FFFC840014FFB6
:20AABA00FC3F0404FFFC096AD2140001FFFC840013FFFC3F0404FFFC096AE4140001FFFCAE
:20AADA00840000FFFC3F0404FFFC15FD0300FBFDFF00140001FFFC75FFFC1A006B0000008A
:20AAFA00000706096B08140002FFFC33FFFC140003FFFC33FFFC6860696B0513000300037A
:20AB1A0014000000040A4F3B11140000001314000000020A6CA9101A006B410000000E0618
:20AB3A000A4F3111096B450A4F451101000601000F0179BD2D7F6103020301000F01001173
:20AB5A000154EE2D7F6103020301001101001101555C2D7F610302031417700014140300D2
:20AB7A00001A1400D000191405DC00151400000002557FFE010753070315FD1400F8496383
:20AB9A00DA0015FD1A00F8496DDA0015FD1900F8498FDA000A4F4F11140000FFFC3D07FF2D
:0DABBA00FC1815FF01F86906C600570300DE
:2066FC001205190000FFFC1A00670F0004FFFC0109692B15FD0C00FF012BFB0C00001A00BC
:20671C006726000000040109692A15FD0300FE010004001A01680F0000FFFF0666080A7D8C
:20673C00000615FD0300FF012DFB030000140001FFFC8EFFFC14000100041825140000FFF5
:20675C00FC3D07FFFC140000FFFC84000CFFFC3F0404FFFC140030FFFB0DFFFB00429604E5
:20677C0015FE0300FD0D002BFB03000015FD1200FE010005001A0167CF0000FFFF0615FF23
:20679C0007F86906C600570115FE0000FBFDFFFE0000FBFEFF00140000FFFC35FFFC3200E0
:2067BC00FFFC15FF03F8691CC50027030211E74D09680C15FD1200FF012DFB12000015FF09
:2067DC0007F86906C600570115FE0000FBFDFFFE0000FBFEFF00140000FFFC35FFFC3200A0
:2067FC00FFFC15FF03F8691CC50027030211A64909692A15FD0300FF012DFB03000014000D
:20681C0001FFFC8EFFFC140001000418256608027C9906140000FFFC840004FFFC3F040021
:20683C00FFFC140012FFFB0DFFFB00429604261A0068660000000201140000FFFC84000E8C
:20685C00FFFC3F0400FFFC096875140000FFFC840000FFFC3F0400FFFC140000FFFC3F02E1
:20687C0002FFFC14000CFFFB0DFFFB00429604140000FFFC3F0200FFFC14000CFFFB0DFF91
:20689C00FB00429604140000FFFC3F0202FFFC14000CFFFB0DFFFB00429604140000FFFCAC
:2068BC003F0200FFFC14000CFFFB0DFFFB00429604140000FFFC3F0202FFFC14000CFFFB1C
:2068DC000DFFFB00429604140000FFFC3F0200FFFC14000CFFFB0DFFFB004296041400005D
:2068FC00FFFC3F0202FFFC14000CFFFB0DFFFB00429604140000FFFC3F0200FFFC14000CDB
:10691C00FFFC0DFFFC004296041400000004000074
:020000040004F6
:204AE000050A010511405078000000010100000202FF60A0000204050A010511405078004F
:204B00000000010100000202FF60A000020C0FAA7910337811DA5211405050120003000250
:204B200004000AED7F1121420ABB6E114E46116D430E5A6A0DFC66110E4B104C690000007E
:154B400011E04A00000000140000000000000000000000000011
:020000040003F7
:20ABC700028000800801000FF80700000000FF100000000000000000000000000000000046
:20ABE70000000FAA790000000FC65B000000000000000000020009000000000FF8070000D3
:20AC070000000F1000000000000000000000000000000000000011DA52000000109A5C00CB
:20AC27000000000000000000208028000200000FF807000000000F10000000000000000016
:20AC4700000000000000000000001033780EF64300000000000000020000000020801480B5
:20AC67000502030CE8070000000001100000000000000000000000000000000000000E2584
:20AC87007E10255B10C65B000000000400000000208016800402030CE8070000000001101F
:20ACA7000000000000000000000000000000000000000E257E102B5D10CC5D000000000407
:20ACC70000000000208024800700030CE80700000000011000000000000000000000000013
:20ACE7000000000000000E257E10A05E10415F000000000400000000208039800400030C6E
:20AD0700E8070000000001100000000000000000000000000000000000000E257E101560F6
:20AD270010B660000000000400000000208037800300030CE8070000000001100000000079
:20AD470000000000000000000000000000000E257E108A61102B620000000004000000009F
:20AD6700208040800602030CE8070000000001100000000000000000000000000000000055
:20AD870000000E257E10FF6210A063000000000400000000208042800502030CE80700000C
:20ADA700000001100000000000000000000000000000000000000E257E1074641015650058
:08ADC700000000040000000080
:020000040001F9
:2074C0000000000000000000000000000000000000000000000000000000000000000000AC
:2074E00000000000000000000000000000000000000000000000000000000000000000008C
:207500000000000000000F0F0F0F0F0F0F0F0F0F00000000000000000000000000000000D5
:2075200000000000000000000000000000000F0F0F0F0F0F0F0F00000000000000000000D3
:2075400000000000000000000000000000000000000000000F0F0F0F0F0F0F0F0F0F0F0F77
:2075600000000000000000000000000000000000000000000000000000000000000000000B
:207580000000000000000000000000000000000000000000000000000000000000000000EB
:2075A0000000000000000F0F0F0F0F0F0F0F0F0F0000000000000000000000000000000035
:2075C00000000000000000000000000000000F0F0F0F0F0F0F0F0000000000000000000033
:2075E00000000000000000000000000000000000000000000F0F0F0F0F0F0F0F0F0F0F0FD7
:2076000000000000000000000000000000000000000000000000000000000000000000006A
:2076200000000000000000000000000000000000000000000000000000000000000000004A
:207640000000000000000F0F0F0F0F0F0F0F0F0F0000000000000000000000000000000094
:2076600000000000000000000000000000000F0F0F0F0F0F0F0F0000000000000000000092
:207680000000000000000000000000000000000000000000000000000F0F0F0F0F0F0F0F72
:2076A0000000000000000000000000000000000000000000000000000000000000000000CA
:2076C0000000000000000000000000000000000000000000000000000000000000000000AA
:2076E0000000000000000F0F0F0F0F0F0F0F0F0F00000000000000000000000000000000F4
:2077000000000000000000000000000000000F0F0F0F0F0F0F0F00000000000000000000F1
:207720000000000000000000000000000000000000000000000000000F0F0F0F0F0F0F0FD1
:20774000000000000000000000000000000000000000000000000000000000000000000029
:20776000000000000000000000000000000000000000000000000000000000000000000009
:207780000000000000000F0F0F0F0F0F0F0F0F0F000000000000000000000F01010101013F
:2077A0000101705000000000000000000000000000000F0F0F0F00000000000000000000CB
:2077C0000000000000000000000000000000000000000000000000000F0F0F0F0F0F0F0F31
:2077E000000000000000000000000000000000000000000000000000000000000000000089
:20780000000000000000000000000000000000000000000000000000000000000000000068
:207820000000000000000F0F0F0F0F0F0F0F0F0F000000000000000000000F0000000000A3
:207840000000000070500000000000000000000000000F0F0F0F000000000000000000002C
:207860000000000000000000000000000000000000000000000000000F0F0F0F0F0F0F0F90
:207880000000000000000000000000000000000000000000000000000000000000000000E8
:2078A0000000000000000000000000000000000000000000000000000000000000000000C8
:2078C0000000000000000F0F0F0F0F0F0F0F0F0F000000000000000000000F0F0F0F0000D6
:2078E0000000000000007050000000000000000000000000000000000000000000000000C8
:20790000000000000000000000000000000000000000000000000000000000000F0F0F0F2B
:20792000000000000000000000000000000000000000000000000000000000000000000047
:20794000000000000000000000000000000000000000000000000000000000000000000027
:207960000000000000000F0F0F0F0F0F0F0F0F0F000000000000000000000F0F0F0F000035
:20798000000000000000000070500000000000000000000000000000000000000000000027
:2079A000000000000000000000000000000000000000000000000000000000000F0F0F0F8B
:2079C0000000000000000000000000000000000000000000000000000000000000000000A7
:2079E0000000000000000000000000000000000000000101010170500000000000000000C3
:207A000000000000000000000F0F0F0F0F0F0000000000000000000000000F0F0F0F0000D0
:207A2000000000000000000000007050000000000000000000000000000000000000000086
:207A4000000000000000000000000000000000000000000000000000000000000000000026
:207A6000000000000000000000000000000000000000000000000000000000000000000006
:207A8000000000000000000000000000000000000000000000000000705000000000000026
:207AA00000000000000000000F0F0F0F0F0F0000000000000000000000000F0F0F0F000030
:207AC0000000000000000000000000007050000000000000000000000000000000000000E6
:207AE000000000000000000000000000000000000000000000000000000000000000000086
:207B000000000000000000000F0F0F0F000000000000000000000000000040600101010185
:207B20000101010101010000000000000F0F0F0F0000000000000000000070500000000043
:207B400000000000000000000F0F0F0F00000000000000000000000000000F0F0F0F0000AD
:207B6000000000000000000000000000000070500000000000000000000000000000000045
:207B80000000000000000000000000000000000000000000000000000000000000000000E5
:207BA00000000000000000000F0F0F0F0000000000000000000000004060000000000000E9
:207BC0000000000000000000000000000F0F0F0F00000000000000000000000070500000A9
:207BE00000000000000000000F0F0F0F00000000000000000000000000000F0F0F0F00000D
:207C00000000000000000000000000000000000070500000000000000000000000000000A4
:207C2000000000000000000000000000000000000000000000000000000000000000000044
:207C400000000000000000000F0F0F0F0000010101010101010101010000000000000000DE
:207C600000000000000000000F0F0F0F0F0F0F0F00000000000000000000000000007050CC
:207C800000000000000000000000000000000000000000000000000000000F0F0F0F0000A8
:207CA0000000000000000000000000000000000000000101010101010101010101010000B8
:207CC000000000000F0F0F0F00000000000000000000000000000000000000000000000068
:207CE00000000000000000000F0F0F0F000000000000000000000000000000000000000048
:207D000000000000000000000F0F0F0F0F0F0F0F00000000000000000000000000000000EB
:207D200070500000000000000000000000000000000000000000000000000F0F0F0F000047
:207D4000000000000000000000000000000000000000000000000000000000000000000023
:207D6000000000000F0F0F0F000000000000000000000000000000000000000000000000C7
:207D80000F0F0F0F0F0F0F0F0F0F0F0F00000000000000000000000000000000000000002F
:207DA00000000000000000000F0F0F0F0F0F0F0F000000000000000000000000000000004B
:207DC00000007050000000000000000000000000000000000000000000000F0F0F0F0000A7
:207DE000000000000000000000000000000000000000000000000000000000000000000083
:207E00000F0F0F0F0F0F0F0F000000000F0F0F0F0F0F0F0F0F0F0F0F0F0F0F0F0F0F0F0FBE
:207E20000F0F0F0F0F0F0F0F0F0F0F0F00000000000000000000000000000000000000008E
:207E400000000000000000000F0F0F0F0F0F0F0F00000000000000000000000000000000AA
:207E600000000000705000000000000000000000000000000000000000000F0F0F0F000006
:207E80000000000000000000000000000000000000000000000000000000000000000000E2
:207EA0000F0F0F0F0F0F0F0F000000000F0F0F0F0F0F0F0F0F0F0F0F0F0F0F0F0F0F0F0F1E
:207EC0000F0F0F0F0F0F0F0F0F0F0F0F0000000000000000000000000000000000000000EE
:207EE00000000000000000000F0F0F0F0F0F0F0F000000000000000000000000000000000A
:207F000000000000000001010101010101010101010101010101010101010F0F0F0F0F0FF3
:207F20000F0F0F0F0000000000000000000000000000000000000000000000000000000005
:207F40000F0F0F0F0F0F0F0F000000000F0F0F0F0F0F0F0F0F0F0F0F0F0F0F0F0F0F0F0F7D
:207F60000F0F0F0F0F0F0F0F0F0F0F0F00000000000000000000000000000000000000004D
:207F800000000000000000000F0F0F0F0F0F0F0F0000000000000000000000000000000069
:207FA00000000000000000000000000000000000000000000000000000000F0F0F0F0F0F67
:207FC0000F0F0F0F0000000000000000000000000000000000000000000000000000000065
:207FE0000F0F0F0F0F0F0F0F000000000F0F0F0F0F0F0F0F0F0F0F0F0F0F0F0F0F0F0F0FDD
:020000040003F7
:20692C002512041A0069A70000000D0115FD0D00FE010001001A0169950000FFFF0615FD8A
:20694C000D00FE020001001A0169830000FFFF0615FD0D00FE030001001A0169710000FFFD
:20696C00FF06096980140001FFFC840015FFFC3F0404FFFC096992140001FFFC840014FF83
:20698C00FC3F0404FFFC0969A4140001FFFC840013FFFC3F0404FFFC0969B6140001FFFC7B
:2069AC00840000FFFC3F0404FFFC15FD0300FBFDFF00140001FFFC75FFFC140002FFFC333A
:2069CC00FFFC1A0069DA00000009060969E2140003FFFC33FFFC140004FFFC3F0800FFFC5B
:2069EC00140004FFFC840000FFFC3F0400FFFC14000200611400000062140005FFFC3F0873
:206A0C0000FFFC140005FFFC840000FFFC3F0400FFFC14000200631400000064140006FF94
:206A2C00FC3F0800FFFC140006FFFC840000FFFC3F0400FFFC140002006514000000661431
:206A4C000007FFFC3F0800FFFC140007FFFC840000FFFC3F0400FFFC140002006714000082
:206A6C000068140008FFFC3F0800FFFC140008FFFC840000FFFC3F0400FFFC1400020069F6
:206A8C00140000006A140009FFFC3F0800FFFC140009FFFC840000FFFC3F0400FFFC140029
:206AAC0002006B140000006C14000AFFFC3F0800FFFC14000AFFFC840000FFFC3F0400FFA8
:206ACC00FC140002006D140000006E0A5B600C6860696B057B01130003000314000000048A
:206AEC000A4F3B11140000001314000000020A6CA9101A006B0E0000000E060A4F3111092E
:206B0C006B120A4F451101000601000F0179BD2D7F6103020301000F0100110154EE2D7FC9
:206B2C006103020301001101001101555C2D7F610302031417700014140300001A1400D031
:206B4C0000191405DC00151400000002557FFE010753070315FD1400F84963DA0015FD1AE9
:1D6B6C0000F8496DDA0015FD1900F8498FDA000A4F4F11140000FFFC3D07FFFC00A8
:20ADCF001205190000FFFC1A006DE20004FFFC01096F8815FD0C00FF012BFB0C00001A0066
:20ADEF006DF90000000401096F8715FD0300FE010004001A016E6C0000FFFF06140000FFB6
:20AE0F00FC3F0800FFFC66080A7D000615FD0300FF012DFB030000140001FFFC8EFFFC14FD
:20AE2F00000100041825140000FFFC3D07FFFC140000FFFC84000CFFFC3F0404FFFC140083
:20AE4F0030FFFB0DFFFB0042960415FE0300FD0D002BFB0300000A66D807096F8715FD032A
:20AE6F0000FF012DFB030000140001FFFC8EFFFC140001000418256608027C99061400000A
:20AE8F00FFFC840004FFFC3F0400FFFC140012FFFB0DFFFB00429604261A006EC300000073
:20AEAF000201140000FFFC84000EFFFC3F0400FFFC096ED2140000FFFC840000FFFC3F048C
:20AECF0000FFFC140000FFFC3F0202FFFC14000CFFFB0DFFFB00429604140000FFFC3F02CE
:20AEEF0000FFFC14000CFFFB0DFFFB00429604140000FFFC3F0202FFFC14000CFFFB0DFFD8
:20AF0F00FB00429604140000FFFC3F0200FFFC14000CFFFB0DFFFB00429604140000FFFCF4
:20AF2F003F0202FFFC14000CFFFB0DFFFB00429604140000FFFC3F0200FFFC14000CFFFB62
:20AF4F000DFFFB00429604140000FFFC3F0202FFFC14000CFFFB0DFFFB00429604140000A1
:1AAF6F00FFFC3F0200FFFC14000CFFFC0DFFFC00429604140000000400007A
:020000040004F6
:204B5500050A010511405078000000010100000202FF60A0000204050A01051140507800D9
:204B75000000010100000202FF60A000020C000FF807103E723C00000500050005000503EC
:204B950000000002000FAA7911DA521033780E257E114050103E729F080106118E57010C11
:204BB500111C010F547D0130112A010F387E0164111C010F1C7F01881104010FA87A015A38
:204BD50003240A11E056030E09180511625603841104010F8C7B013207280A11A15603A07E
:204BF50012000A090306000AED7F119F4205C074117944116D430D2C690ECF6D119A4B0E52
:1A4C1500C76B11AC4B11554B00000000140000000000000000000000000086
:020000040003F7
:20AF8900208007000000FE11F40700000000031800000000000000000000000000000000DC
:20AFA90000000C6A7C063049024B54000000000400000000208004000400000FF8070000BC
:20AFC900000003100000000000000000000000000000000000000EEC7F000000110F41007B
:20AFE9000000000000000000020009000001000FF80700000000FF1000000000000000001F
:20B00900000000000000000000000D9D7D00000011CD4100000000000000000020800180C0
:20B029000800000FF80700000000FF1000000000000000000000000000000000000010E0F2
:20B0490073000000000000000000000000000000200006000802000FF80700000000011025
:20B0690000000000000000000000000000000000000010E073000000000000000000000262
:20B0890000000000200003000802000FF8070000000000100000000000000000000000005C
:20B0A90000000000000010E07300000011DD40000000000200000000028000800801000FDA
:20B0C900F80700000000FF100000000000000000000000000000000000000FAA7900000027
:0CB0E9000F97460000000000000000006F
:206B89000000000000000000000000000000000000000000000000000000000000000000EC
:206BA9000000000000000000000000000000000000000000000000000000000000000000CC
:206BC9000000000000000000000000000000000000000000000000000000000000000000AC
:206BE90000000000000000000000000000000000000000000000000000000000000000008C
:206C090000000000000000000000000000000000000000000000000000000000000000006B
:206C290000000000000000000000000000000000000000000000000000000000000000004B
:206C490000000000000000000000000000000000000000000000000000000000000000002B
:206C690000000000000000000000000000000000000000000000000000000000000000000B
:206C89000000000000000000000000000000000000000000000000000000000000000000EB
:206CA9000000000000000000000000000000000000000000000000000000000000000000CB
:206CC9000000000000000000000000000000000000000000000000000000000000000000AB
:206CE90000000000000000000000000000000000000000000000000000000000000000008B
:206D090000000000000000000000000000000000000000000000000000000000000000006A
:206D290000000000000000000000000000000000000000000000000000000000000000004A
:206D490000000000000000000000000000000000000000000000000000000000000000002A
:206D690000000000000000000000000000000000000000000000000000000000000000000A
:206D89000000000000000000000000000000000000000000000000000000000000000000EA
:206DA9000000000000000000000000000000000000000000000000000000000000000000CA
:206DC9000000000000000000000000000000000000000000000000000000000000000000AA
:206DE90000000000000000000000000000000000000000000000000000000000000000008A
:206E09000F0F0F0F0F0F0F0F0F0F0F0F0F0F0F0F0F0F0F0F0000000000000000000000003D
:206E2900000000000000000000000000000000000000000000000000000000000000000049
:106E49000000000000000000000000000000000039
:020000040001F9
:20D6C400251208140001FFFC3F0202FFFC14003C0005140002FFFC140002FFFC33FFFC1400
:20D6E4000003FFFC33FFFC15FE1400FBFDFF00140003FFFC75FFFC140005FFFC33FFFC1404
:20D704000006FFFC33FFFC1A0057830000000D0115FD0D00FE010001001A0157710000FFD3
:20D72400FF0615FD0D00FE020001001A01575F0000FFFF0615FD0D00FE030001001A015758
:20D744004D0000FFFF0609575C140007FFFC840015FFFC3F0404FFFC09576E140007FFFCE8
:20D76400840014FFFC3F0404FFFC095780140007FFFC840013FFFC3F0404FFFC0957921400
:20D784000007FFFC840000FFFC3F0404FFFC15FD0300FBFDFF00140007FFFC75FFFC610AC5
:20D7A40057FE0C140007FFFC3F0202FFFC15F97504FFF9754EDBFE00012A2B0023FFFF021C
:20D7C4000115FE0005FBF9FFFE8004FBFAFF0071FFF97B00130003000314000000040A4F55
:20D7E4003B11140000001314000000020A6CA9101A0058040000000E060A4F3111095808DF
:20D804000A4F451101000601000F0179BD2D7F6103020301000F0100110154EE2D7F61037D
:20D82400020301001101001101555C2D7F610302031417700014140300001A1400D0001917
:20D844001405DC00151400000002557FFE010753070315FD1400F84963DA0015FD1A00F8A5
:20D86400496DDA0015FD1900F8498FDA000A4F4F11140000FFFC3D07FFFC15FE0001FE0026
:20D88400004DFBFDFFFE8007FE00004DFBFEFF00140001FFFF140000FFFC30FFFC660802BB
:20D8A4007C990615FF00F86997C60015FF00F8699BC60015FF00F8699CC60015FF00F86955
:20D8C4009DC60015FF00F8699EC60015FF00F869A5C600140001FFFC140006FFF93AFFF9D4
:20D8E4003AFFFC15FDFDFFFDFEFFFE40002BFDFBFFFDFEFF2DFE80002FFDFAFFFDFDFF2D97
:20D90400FE80002F54FE01000080FFFC02020415FE8002FE00004DFBFDFFFE8007FE000026
:20D924004DFBFEFF00140003FFFF140000FFFC30FFFC140018FFF90DFFF900429604140036
:20D9440000FFFC84000BFFFC3F0404FFFC140000FFFC36551805FFFC14001EFFF90DFFF91B
:20D964000042960466080A7CBF0615FF00F86997C60015FF00F8699BC60015FF00F8699C55
:20D98400C60015FF00F8699DC60015FF00F8699EC60015FF08F869A5C600140006FFFC3AD5
:20D9A400FFFC15FDFDFFFDFEFFFE0000FE03000080FFFC030204140000FFFC840004FFFC4B
:20D9C4003F0404FFFC15FE2002FBFDFFFEF006FBFEFF00140000FFFC35FFFC18181815FE4F
:20D9E400C001FBFDFFFEC006FBFEFF00140000FFFC35FFFC18181815FE7001FBFDFFFEE0CF
:20DA040006FBFEFF00140000FFFC35FFFC18181815FE6001FBFDFFFE0007FBFEFF00140001
:20DA240000FFFC35FFFC18181815FE2001FBFDFFFE3007FBFEFF00140000FFFC35FFFC18C0
:20DA4400181815FE0001FBFDFFFE8007FBFEFF00140000FFFC35FFFC14001EFFF90DFFF99C
:20DA640000429604140000FFFC84000AFFFC3F0404FFFC14003CFFF90DFFF90042960414AF
:20DA84000001FFFC3E10FFFC140001FFFC840018FFFC3F0400FFFC140001FFFC3F0200FF08
:20DAA400FC15FE8007FE00004DFBFDFFFE0004FE00004DFBFEFF00140000FFFF140001FF1F
:20DAC400FC30FFFC14003CFFF90DFFF900429604140001FFFC3E20FFFC140001FFFC3AFF40
:20DAE400FC15FDFDFFFE10002FFBF9FF0015FDFEFFFE10002FFBF8FF0015FDF9FFFE0000A2
:20DB04002BFE04004CFBFDFFFDF8FFFE00002BFE04004CFBFEFF00140001FFFC35FFFC14DA
:20DB24000008FFF90DFFF900429604140001FFFC3AFFFC15FDFDFFFE10002FFBF9FF001568
:20DB4400FDFEFFFE10002FFBF8FF0015FDF9FFFE00002BFE04004CFBFDFFFDF8FFFE050029
:20DB64002BFE04004CFBFEFF00140001FFFC35FFFC140006FFF90DFFF900429604140001E8
:20DB8400FFFC3AFFFC15FDFDFFFE10002FFBF9FF0015FDFEFFFE10002FFBF8FF0015FDF9CA
:20DBA400FFFE00002BFE04004CFBFDFFFDF8FFFE0A002BFE04004CFBFEFF00140001FFFC77
:20DBC40035FFFC18181818140001FFFC3AFFFC15FDFDFFFE10002FFBF9FF0015FDFEFFFE21
:20DBE40010002FFBF8FF0015FDF9FFFE00002BFE04004CFBFDFFFDF8FFFE0F002BFE04004A
:20DC04004CFBFEFF00140001FFFC35FFFC181815FE8007FBFDFFFE8007FBFEFF0014000129
:20DC2400FFFC35FFFC140001FFFC840016FFFC3F0404FFFC6608087B7B0614000CFFF91430
:20DC44000002FFFA15FE0200FBFBFF000DFFF90049F30B14003CFFF90DFFF9004296040145
:20DC6400000015F9754DDBFBFFFF0015FF1FF8754DDB0040000101020244450A46470103CA
:20DC84000401FF0201030502486579212049276D20696E2061200A687572727920686572F0
:20DCA4006521004700010414000045FD040045FD00004E010510010441FF004407014000BD
:20DCC4000101020244450A464701030401FF0201030502476574206F75747461206D792072
:20DCE4000A77617921004700010414000041FF0044070145FD040044030145FD12001815A9
:20DD0400FDFFFFF8754DDB00020114001EFFF90DFFF900429604140002FFFC31FFFC1814F8
:20DD24000002FFFC840000FFFC3F0404FFFC14003CFFF90DFFF900429604660802772B06E0
:20DD44007C0504FF07FF075F06D17C140006FFF90DFFF9004296047C0504FD73FD73D64707
:20DD6400947D140006FFF90DFFF9004296047C0504FF07FF075F06D17C140006FFF90DFF3A
:20DD8400F9004296047C0504FF07FF075F060D7C140030FFF90DFFF9004296046608027727
:20DDA4002B067C0504FF07FF075F06D17C140006FFF90DFFF9004296047C0504FD73FD7393
:20DDC400D647947D140006FFF90DFFF9004296047C0504FF07FF075F06D17C140006FFF9C9
:20DDE4000DFFF9004296047C0504FF07FF075F060D7C14003CFFF90DFFF900429604140082
:20DE040002FFFC840019FFFC3F0404FFFC14003CFFF90DFFF900429604140002FFFC3F02AC
:20DE240002FFFC140002FFFC33FFFC15FE8004FBFDFFFE8008FBFEFF00140002FFFC35FF51
:20DE4400FC14001EFFF90DFFF900429604605F3705140000FFFC840000FFFC3F0404FFFCEC
:1DDE6400140003FFFC31FFFC140006FFFC31FFFC140007FFFC3F0200FFFC7B010054
:020000040003F7
:20B0F5001205190000FFFC1A0071080004FFFC010972A415FD0C00FF012BFB0C00001A00F4
:20B11500711F00000004010972A315FD0300FE010004001A0171880000FFFF0666080A7D42
:20B13500000615FD0300FF012DFB030000140007FFFC8EFFFC14000100041825140000FFAC
:20B15500FC3D07FFFC140000FFFC84000CFFFC3F0404FFFC140030FFFB0DFFFB00429604A2
:20B1750015FE0300FD0D002BFB0300000A5E81070972A315FD0300FF012DFB03000014000F
:20B1950007FFFC8EFFFC140001000418256608027C9906140000FFFC840004FFFC3F040059
:20B1B500FFFC140012FFFB0DFFFB00429604261A0071DF0000000201140000FFFC84000E48
:20B1D500FFFC3F0400FFFC0971EE140000FFFC840000FFFC3F0400FFFC140000FFFC3F029D
:20B1F50002FFFC14000CFFFB0DFFFB00429604140000FFFC3F0200FFFC14000CFFFB0DFFCF
:20B21500FB00429604140000FFFC3F0202FFFC14000CFFFB0DFFFB00429604140000FFFCE9
:20B235003F0200FFFC14000CFFFB0DFFFB00429604140000FFFC3F0202FFFC14000CFFFB59
:20B255000DFFFB00429604140000FFFC3F0200FFFC14000CFFFB0DFFFB004296041400009A
:20B27500FFFC3F0202FFFC14000CFFFB0DFFFB00429604140000FFFC3F0200FFFC14000C18
:10B29500FFFC0DFFFC0042960414000000040000B2
:020000040004F6
:2029E800050A010511405078000000010100000202FF60A0000204050A0105114050780068
:202A08000000010100000202FF60A000020C000FF80711F5500F000000000000000000FF29
:202A28008040000402030CE8070E257E0C001216121612161216030080000401000FF807D7
:132A480011F55012000000000000000000FF188000040078
:204C2F000C6A7C0EEC7F0D9D7D10E0730FAA7911405011F5500E257E281200070005080048
:204C4F000AED7F1113420D896B112A4311B04307C4560EF570112F4C0E896F00000010E8C8
:134C6F0069000000001400000000000000000000000000B5
:020000040003F7
:20B2A500028000800801000FF80700000000FF100000000000000000000000000000000061
:20B2C50000000FAA790000000F005D000000000000000000208006802903020DFA07000069
:20B2E500000001200000000000000000000000000000000000000F73780878401093440087
:20B305000000000400000000200008801E03020DFA0700000000012000000000000000002A
:20B32500000000000000000000000F737808C547100F4500000000040000000020000580ED
:20B345000C03020DFA070000000001200000000000000000000000000000000000000F7326
:20B365007808AC5D108346000000000400000000208000802201020DFA07000000000120EE
:20B385000000000000000000000000000000000000000F737808F96410FF460000000004F0
:20B3A50000000000200001801301020DFA07000000000120000000000000000000000000A2
:20B3C5000000000000000F7378085F56100746000000000400000000208000000600000F9B
:20B3E500F807000000000F100000000000000000000000000000000000001033780D3A42E6
:20B40500000000000000000200000000208000800701020DFA0700000000012000000000CC
:20B4250000000000000000000000000000000F737809E75510A652000000000400000000BC
:20B44500020009000000000FF807000000000F1000000000000000000000000000000000AF
:20B46500000011DA52000000102E57000000000000000000208008802701040B000700008F
:20B4850000000F1000000000000000000000000000000000000011E9530E004800000000E5
:08B4A50000000002000000009D
:020000040002F8
:20B45B000F0F0F0F0F0F0F0F0F0F0F0F00000000000000000F0F0F0F0F0F0F0F0F0F0F0F69
:20B47B0000000000000000000F0F0F0F0F0F0F0F0F0F000000000000000000000F0F0F0FDF
:20B49B000F0F0F0F0F0F000000000000000000000F0F0F0F0F0F0F0F0F0F000000000000A1
:20B4BB00000000000F0F0F0F0F0F0F0F0F0F000000000000000000000F0F0F0F0F0F000081
:20B4DB000000000000000000000000000F0F0F0F0F0F0000000000000000000000000000F7
:20B4FB000F0F0F0F000000000000000000000000000000000F0F0F0F0000000000000000B9
:20B51B00000000000000000000000000000000000000000000000000000000000000000010
:20B53B000000000000000000000000000000000000000000000000000000000000000000F0
:20B55B000000000000000000000000000000000000000000000000000000000000000000D0
:20B57B0000000000000000000F0F0F0F000000000000000000000000000000000F0F0F0F38
:20B59B000F0F0F0F000000000000010101010F0F0F0F0F0F0F0F0F0F0000000000000000BA
:20B5BB0000000F0F0F0F0F0F0F0F0F0F000000000000000000000F0F0F0F0F0F0F0F0F0F44
:20B5DB00000000000000000000000F0F0F0F0F0F00000000000000000000000000000F0FD8
:20B5FB000F0F0F0F00000000000000000000000000000F0F0F0F0F0F00000000000000009A
:20B61B000000000000000F0F0F0F0F0F00000000000000000000000000000F0F0F0F0F0F5B
:20B63B000000000000000000000000000F0F0F0F0F0F0F0F00000000000000000000000077
:20B65B000F0F0F0F0F0F0F0F00000000000000000F0F0F0F0F0F0F0F0F0F0F0F00000000A3
:20B67B00000000000F0F0F0F0F0F0F0F0F0F0F0F0F0F0000000000000F0F0F0F0F0F0F0F65
:20B69B000F0F0F0F0F0F0000000000000F0F0F0F0F0F0F0F0F0F0F0F000000000000000081
:20B6BB000000000000000F0F0F0F0F0F00000000000000000000000000000F0F0F0F0F0FBB
:20B6DB00000000000000000000000000000000000F0F0F0F00000000000000000000000013
:20B6FB00000000000F0F0F0F0F0F0000000000000000000000000000000000000F0F0000B7
:20B71B0000000000000000000000000000000000000000000000000000000000000000000E
:20B73B000000000000000000000000000000000000000000000000000000000000000000EE
:20B75B000000000000000000000000000000000000000000000000000000000000000000CE
:20B77B000F0F0F0F0F0F00000000000000000000000000000F0F0F0F0F0F000000000000FA
:20B79B0000000000000000000000000000000000000000000000000000000000000000008E
:20B7BB0000000000000000000000000000000000000000000000000000000000000000006E
:20B7DB0000000000000000000000000000000000000000000000000000000000000000004E
:20B7FB000000000000000F0F0000000000000000000000000000000000000F0F00000000F2
:20B81B0000000000000000000000000000000000000000000000000000000000000000000D
:20B83B000000000000000000000000000000000000000000000000000000000000000000ED
:20B85B00000000000000000000000000000000000F0F0000000000000F0F00000000000091
:20B87B00000000000F0F0000000000000F0F000000000000000000000F0F00000000000053
:20B89B000000000000000000000000000F0F0000000000000000000000000000000000006F
:20B8BB000F0F0000000000000000000000000000000000000F0F0000000000000000000031
:20B8DB0000000000000000000F0F0000000000000000000000000000000000000F0F000011
:20B8FB00000000000000000000000000000000000F0F00000000000000000000000000000F
:20B91B00000000000F0F0000000000000000000000000000000000000000000000000000EE
:20B93B000000000000000F0F0F0F0F0F00000000000000000000000000000F0F0F0F0F0F38
:20B95B0000000000000000000F0F0F0F0F0F0F0F0F0F0F0F00000000000000000F0F0F0FDC
:20B97B000F0F0F0F0F0F0F0F000000000000000000000F0F0F0F0F0F0F0F0F0F000000009E
:20B99B000000000000000F0F0F0F0F0F0F0F0F0F00000000000000000000000000000000F6
:20B9BB000F0F0F0F000000000000000000000000000000000F0F0F0F0F0F0F0F00000000B8
:20B9DB000000000000000000000000000F0F0F0F0000000000000000000000000000000010
:20B9FB0000000000000000000000000000000000000000000000000000000000000000002C
:20BA1B0000000000000000000000000000000000000000000000000000000000000000000B
:20BA3B00000000000000000000000000000000000000000000000F0F0000000000000000CD
:20BA5B00000000000000000000000F0F0000000000000000000000000000000000000000AD
:20BA7B000000000000000000000000000000000000000000000000000000000000000000AB
:20BA9B00000000000000000000000000000000000F0F0F0F0000000000000000000000004F
:20BABB00000000000F0F0F0F000000000000000000000000000000000F0F0F0F00000000F3
:20BADB000000000000000000000000000F0F0F0F0000000000000000000000000F0F0F0FD3
:20BAFB000F0F0F0F0000000000000000000000000F0F0F0F0F0F0F0F0F0F0F0F0F0F0F0FFF
:20BB1B000F0F0F0F0F0F0F0F0F0F0F0F0F0F0F0F0F0F0F0F0F0F0F0F0F0F0F0F0F0F0F0F2A
:20BB3B000F0F0F0F0F0F0F0F0F0F0F0F0F0F0F0F0F0F0F0F0F0F0F0F0F0F0F0F0F0F0F0F0A
:08BB5B000F0F0F0F0F0F0F0F6A
:020000040003F7
:206E59002512041A006ED40000000D0115FD0D00FE010001001A016EC20000FFFF0615FDF4
:206E79000D00FE020001001A016EB00000FFFF0615FD0D00FE030001001A016E9E0000FF67
:206E9900FF06096EAD140001FFFC840015FFFC3F0404FFFC096EBF140001FFFC840014FFED
:206EB900FC3F0404FFFC096ED1140001FFFC840013FFFC3F0404FFFC096EE3140001FFFCE5
:206ED900840000FFFC3F0404FFFC15FD0300FBFDFF00140001FFFC75FFFC140002FFFC84B7
:206EF9000000FFFC3F0400FFFC140002002D140002FFFC3AFFFC15FDFDFFFF0752FB2E0028
:206F1900FDFEFFFF0752FB2E0000140003FFFC840000FFFC3F0400FFFC140002002F1400B5
:206F390003FFFC3AFFFC15FDFDFFFF0752FB3000FDFEFFFF0752FB300000140004FFFC8460
:206F59000000FFFC3F0400FFFC1400020031140004FFFC3AFFFC15FDFDFFFF0752FB3200BD
:206F7900FDFEFFFF0752FB320000140005FFFC840000FFFC3F0400FFFC140002003314004B
:206F990005FFFC3AFFFC15FDFDFFFF0752FB3400FDFEFFFF0752FB340000140006FFFC84F4
:206FB9000000FFFC3F0400FFFC1400020035140006FFFC3AFFFC15FDFDFFFF0752FB360053
:206FD900FDFEFFFF0752FB3600001A006FEF0000000706096FF7140007FFFC33FFFC1400C9
:206FF90008FFFC840000FFFC3F0400FFFC1400020037140008FFFC3AFFFC15FDFDFFFF070B
:2070190052FB3800FDFEFFFF0752FB380000140009FFFC33FFFC0A5B600C6860696B057B1A
:2070390001130003000314000000040A4F3B11140000001314000000020A6CA9101A00706A
:20705900660000000E060A4F311109706A0A4F451101000601000F0179BD2D7F610302030D
:2070790001000F0100110154EE2D7F6103020301001101001101555C2D7F61030203141767
:20709900700014140300001A1400D000191405DC00151400000002557FFE010753070315B9
:2070B900FD1400F84963DA0015FD1A00F8496DDA0015FD1900F8498FDA000A4F4F111400D2
:0870D90000FFFC3D07FFFC0075
:20B4AD001205190000FFFC1A0074C00004FFFC0109765C15FD0C00FF012BFB0C00001A00C1
:20B4CD0074D7000000040109765B15FD0300FE010004001A0175400000FFFF0666080A7D54
:20B4ED00000615FD0300FF012DFB030000140001FFFC8EFFFC14000100041825140000FFF7
:20B50D00FC3D07FFFC140000FFFC84000CFFFC3F0404FFFC140030FFFB0DFFFB00429604E6
:20B52D0015FE0300FD0D002BFB0300000A66D80709765B15FD0300FF012DFB030000140038
:20B54D0001FFFC8EFFFC140001000418256608027C9906140000FFFC840004FFFC3F0400A3
:20B56D00FFFC140012FFFB0DFFFB00429604261A0075970000000201140000FFFC84000ED0
:20B58D00FFFC3F0400FFFC0975A6140000FFFC840000FFFC3F0400FFFC140000FFFC3F0225
:20B5AD0002FFFC14000CFFFB0DFFFB00429604140000FFFC3F0200FFFC14000CFFFB0DFF13
:20B5CD00FB00429604140000FFFC3F0202FFFC14000CFFFB0DFFFB00429604140000FFFC2E
:20B5ED003F0200FFFC14000CFFFB0DFFFB00429604140000FFFC3F0202FFFC14000CFFFB9E
:20B60D000DFFFB00429604140000FFFC3F0200FFFC14000CFFFB0DFFFB00429604140000DE
:20B62D00FFFC3F0202FFFC14000CFFFB0DFFFB00429604140000FFFC3F0200FFFC14000C5C
:10B64D00FFFC0DFFFC0042960414000000040000F6
:020000040004F6
:202A5B00050A010511405078000000010100000202FF60A0000204050A01051140507800F4
:202A7B000000010100000202FF60A000020C050A010511405078000000010100000202FFF5
:1C2A9B0040A0000401000FF807103E723C00000500050005000503000000020017
:204C82000FAA790F737810337811DA5211E953114050103E7213000110111F5701145A0026
:204CA2000A010407000AED7F1183420A5B74117944116D430D596E0EAD7411824C0EA57221
:184CC20011974C105B6A000000001400000000000000000000000000FD
:020000040003F7
:20128700028000800801000FF80700000000FF10000000000000000000000000000000001F
:2012A70000000FAA790000000FD147000000000000000000200014800503020DFA07000002
:2012C700000001200000000000000000000000000000000000000F7378094D4710F7470001
:2012E7000000000400000000208037800500000FF807000000000F1000000000000000005A
:20130700000000000000000000001033780EEA4100000000000000020000000002000900C5
:201327000000000FF807000000000F1000000000000000000000000000000000000011DA8E
:201347005200000010BF57000000000000000000208009800402030CE807000000000110D0
:201367000000000000000000000000000000000000000E257E107348101449000000000479
:201387000000000020801A800402030CE807000000000110000000000000000000000000F7
:2013A7000000000000000E257E10E84910894A000000000400000000208018800300030C03
:2013C700E8070000000001100000000000000000000000000000000000000E257E105D4B9D
:2013E70010FE4B000000000400000000208026800602030CE807000000000110000000002C
:2014070000000000000000000000000000000E257E10D24C10734D00000000040000000012
:20142700208021800700030CE807000000000110000000000000000000000000000000004E
:2014470000000E257E10474E10E84E000000000400000000208030800302030CE807000092
:20146700000001100000000000000000000000000000000000000E257E10BC4F105D5000CB
:201487000000000400000000208035800702030CE8070000000001100000000000000000D4
:2014A700000000000000000000000E257E10315110D25100000000040000000020803E804D
:2014C7000302030CE8070000000001100000000000000000000000000000000000000E25BE
:2014E7007E10B353105454000000000400000000208040800402030CE80700000000011020
:201507000000000000000000000000000000000000000E257E10285510C955000000000454
:0415270000000000C0
:020000040001F9
:20A48300000000000000000000000000000000000F0F0F0F0F0F0F0F000000000000000041
:20A4A300000000000F0F0F0F0F0F0F0F0F0F0F0F0F0F0F0F0F0F0F0F0F0F0F0F0F0F0F0FF5
:20A4C3000F0F0F0F0F0F0F0F0F0F0F0F0F0F0F0F0F0F0F0F0F0F0F0F000000000000000011
:20A4E3000F0F0F0F000000000000000000000000000000000000000000000000000000001D
:20A50300000000000F0F0F0F0F0F0F0F000000000000000000000000000000000F0F0F0F84
:20A523000F0F0F0F0000000000000000000000000F0F0F0F0F0F0F0F0F0F0F0F0F0F0F0FEC
:20A543000F0F0F0F0F0F0F0F0F0F0F0F0F0F0F0F0F0F0F0F0F0F0F0F0F0F0F0F0F0F0F0F18
:20A563000F0F0F0F00000000000000000F0F0F0F0000000000000000000000000000000060
:20A58300000000000000000000000000000000000F0F0F0F0F0F0F0F000000000000000040
:20A5A300000000000000000000000F0F0F0F0000000000000000000000000000000000005C
:20A5C30000000F0F0F0F0F0F0F0F0F0F0F0F0F0F0F0F0F0F0F0F0F0F0F0F0F0F0F0F0F0FB6
:20A5E3000F0F0F0F0F0F0F0F0F0F0F0F0F0F0F0F0F0F00000000000000000000000000004A
:20A60300000000000000000000000000000000000000000000000000000000000000000037
:20A623000F0F0F0F0000000000000000000000000000000000000F0F0F0F0000000000009F
:20A6430000000000000000000000000000000F0F0F0F0F0F0F0F0F0F0F0F0F0F0F0F0F0FE9
:20A663000F0F0F0F0F0F0F0F0F0F0F0F0F0F0F0F0F0F0F0F0F0F0F0F0F0F0F0F0F0F000015
:20A683000000000000000000000000000000000000000000000000000000000000000000B7
:20A6A3000000000000000000000000000F0F0F0F000000000000000000000000000000005B
:20A6C300000000000000000000000000000000000000000000000000000000000000000077
:20A6E3000000000000000000000000000F0F0F0F0F0F0F0F0F0F0F0F0F0F0F0F0F0F0F0F2B
:20A703000F0F0F0F0F0F0F0F0F0F00000000000000000000000000000000000000000000A0
:20A7230000000000000000000000000000000000000000000000000000000F0F00000000F8
:20A743000000000000000000000000000000000000000000000000000000000000000000F6
:20A763000000000000000000000000000000000000000000000000000F0F0F0F0F0F0F0F5E
:20A783000F0F0F0F0F0F0F0F0F0F0F0F0F0F0F0F0F0F0F0F0F0F000000000000000000006C
:20A7A300000000000000000000000000000000000000000000000000000000000000000096
:20A7C3000000000000000F0F00000000000000000000000000000000000000000000000058
:20A7E300000000000000000000000000000000000000000000000000000000000000000056
:20A803000000000000000F0F0F0F0F0F0F0F0F0F0F0F0F0F0F0F0F0F0F0F0F0F0F0F0F0FAF
:20A823000F0F000000000000000000000000000000000000000000000000000000000000F7
:20A843000000000000000000000000000000000000000F0F000000000000000000000000D7
:20A863000000000000000000000000000000000000000000000000000000000000000000D5
:20A883000000000000000000000000000000000000000F0F0F0F0F0F0F0F0F0F0F0F0F0FE3
:20A8A3000F0F0F0F0F0F0F0F0F0F0F0F0F0F000000000000000000000000000000000000C3
:20A8C3000000000000000000000000000000000000000000000000000000000000000F0F57
:20A8E300000000000000000000000000000000000000000000000000000000000000000055
:20A903000000000000000000000000000000000000000000000000000000000000000F0F16
:20A923000F0F0F0F0F0F0F0F0000000000000000000000000F0F0F0F0F0F00000000000042
:20A943000F0F0F0F0000000000000F0F0F0F010101010F0F0F0F0000000000000F0F0F0F00
:20A963000000000000000000000000000000000000000000000000000000000000000000D4
:20A983000000000000000000000000000000000000000000000000000000000000000000B4
:20A9A300000000000000000000000F0F0F0F0F0F0F0F0F0F000000000000000000000000FE
:20A9C3000F0F0F0F0F0F0000000000000F0F0F0F0000000000000F0F0F0F000000000F0F84
:20A9E3000F0F0000000000000F0F0F0F0000000000000000000000000000000000000000FA
:20AA030000000F0F0F0F0F0F0F0F0F0F0F0F0F0F0F0F000000000000000000000000000043
:20AA230000000F0F0F0F0F0F0F0F0F0F0F0F0F0F00000000000000000F0F0F0F0F0F0000E7
:20AA43000000000000000000000000000000000000000000000000000F0F0F0F00000000B7
:20AA630000000F0F0F0F000000000F0F0F0F0000000000000F0F0F0F0F0F0F0F00000000E3
:20AA830000000000000000000000000000000F0F0F0F0F0F0F0F0F0F0F0F0F0F0F0F0000C3
:20AAA30000000000000000000000000000000F0F0F0F0F0F0F0F0F0F0F0F0F0F00000000C1
:20AAC300000000000F0F0F0F0F0F0000000000000000000000000000000000000000000019
:20AAE300000000000F0F0F0F0000000000000F0F0F0F000000000F0F0F0F0000000000009F
:20AB03000F0F0F0F0F0F0F0F0000000000000000000000000000000000000F0F0F0F0F0F60
:20AB23000F0F0F0F0F0F0F0F0F0F000000000000000000000F0F0F0F0F0F0F0F0F0F0F0FC8
:20AB43000F0F0F0F0F0F0F0F0000000000000000000000000000000000000000000000007A
:20AB6300000000000000000000000000000000000F0F0F0F00000000000000000000000096
:20AB830000000F0F0F0F0000000000000F0F0F0F0F0F0F0F000000000000000000000000FE
:20ABA3000000000000000F0F0F0F0F0F0F0F0F0F0F0F0F0F0F0F00000000000000000000A2
:20ABC3000F0F0F0F0F0F0F0F0F0F0F0F0F0F0F0F0F0F0F0F00000000000000000000000046
:20ABE300000000000000000000000000000000000000000000000000000000000F0F0F0F16
:20AC030000000000000000000000000000000F0F0F0F0000000000000F0F0F0F0F0F0F0F7D
:20AC230000000000000000000F0F0F0F0F0F0F0F0F0F0F0F0F0F0F0F0F0F0F0F0F0F0F0FA9
:20AC43000F0F0F0F0F0F0F0F0F0F0F0F0F0F0F0F0F0F0F0F0F0F0F0F0F0F0F0F0F0F0F0F11
:20AC63000000000000000000000000000000000000000F0F0F0F0F0F0F0F00000000000059
:20AC830000000000000000000F0F0F0F00000000000000000000000000000F0F0F0F000039
:20ACA300000000000F0F0F0F0F0F0F0F0F0F0F0F0F0F0F0F0F0F0F0F0F0F0F0F0F0F0F0FED
:20ACC3000F0F0F0F0F0F0F0F0F0F0F0F0F0F0F0F0F0F0F0F0F0F0F0F0F0F0F0F0F0F0F0F91
:20ACE3000F0F0F0F0F0F0F0F0F0F0F0F0000000000000000000000000000000000000F0F7F
:20AD03000F0F0F0F0F0F00000000000000000000000000000F0F0F0F00000000000000009A
:20AD23000000000000000F0F0F0F0000000000000F0F0F0F0F0F0F0F0F0F0F0F0F0F0F0FE4
:20AD43000F0F0F0F0F0F0F0F0F0F0F0F0F0F0F0F0F0F0F0F0F0F0F0F0F0F0F0F0F0F0F0F10
:20AD63000F0F0F0F0F0F0F0F0F0F0F0F0F0F0F0F0F0F0F0F0F0F0F0F0F0F0F0F0F0F0F0FF0
:20AD83000F0F0F0F0F0F0F0F0F0F0F0F0F0F0F0F0F0F0F0F0F0F0F0F0F0F0F0F0F0F0F0FD0
:20ADA3000F0F0F0F0000000000000F0F0F0F0F0F0F0F0F0F0F0F0000000000000F0F0F0F64
:20ADC3000F0F0F0F0F0F0F0F0F0F0F0F0F0F0F0F0F0F0F0F0F0F0F0F0F0F0F0F0F0F0F0F90
:20ADE3000F0F0F0F0F0F0F0F0F0F0F0F0F0F0F0F0F0F0F0F0F0F0F0F0F0F0F0F0F0F0F0F70
:20AE03000F0F0F0F0F0F0F0F0F0F0F0F0F0F0F0F0F0F0F0F0F0F0F0F0F0F0F0F0F0F0F0F4F
:20AE23000F0F0F0F0F0F0F0F0F0F0F0F0F0F0F0F0000000000000F0F0F0F0F0F0F0F0F0F89
:18AE43000F0F0000000000000F0F0F0F0F0F0F0F0F0F0F0F0F0F0F0FE9
:020000040003F7
:20152B002512041A0055A60000000D0115FD0D00FE010001001A0155940000FFFF0615FD09
:20154B000D00FE020001001A0155820000FFFF0615FD0D00FE030001001A0155700000FF7C
:20156B00FF0609557F140001FFFC840015FFFC3F0404FFFC095591140001FFFC840014FF02
:20158B00FC3F0404FFFC0955A3140001FFFC840013FFFC3F0404FFFC0955B5140001FFFCFA
:2015AB00840000FFFC3F0404FFFC15FD0300FBFDFF00140001FFFC75FFFC140002FFFC843E
:2015CB000000FFFC3F0400FFFC140002003F140002FFFC3AFFFC15FDFDFFFF0752FB40008B
:2015EB00FDFEFFFF0752FB4000001A0056010000000A06095609140003FFFC33FFFC140016
:20160B0004FFFC33FFFC140005FFFC3F0800FFFC140005FFFC840000FFFC3F0400FFFC1457
:20162B00000200411400000042140006FFFC3F0800FFFC140006FFFC840000FFFC3F0400D8
:20164B00FFFC14000200431400000044140007FFFC3F0800FFFC140007FFFC840000FFFCE6
:20166B003F0400FFFC14000200451400000046140008FFFC3F0800FFFC140008FFFC840078
:20168B0000FFFC3F0400FFFC14000200471400000048140009FFFC3F0800FFFC140009FFD7
:2016AB00FC840000FFFC3F0400FFFC1400020049140000004A14000AFFFC3F0800FFFC143A
:2016CB00000AFFFC840000FFFC3F0400FFFC140002004B140000004C14000BFFFC3F08001B
:2016EB00FFFC14000BFFFC840000FFFC3F0400FFFC140002004D140000004E14000CFFFC2D
:20170B003F0800FFFC14000CFFFC840000FFFC3F0400FFFC140002004F14000000501400C7
:20172B000DFFFC3F0800FFFC14000DFFFC840000FFFC3F0400FFFC14000200511400000000
:20174B00520A5EC20C6860696B057B01130003000314000000040A4F3B11140000001314C8
:20176B00000000020A6CA9101A0057830000000E060A4F31110957870A4F451101000601EC
:20178B00000F0179BD2D7F6103020301000F0100110154EE2D7F6103020301001101001145
:2017AB0001555C2D7F610302031417700014140300001A1400D000191405DC00151400005C
:2017CB000002557FFE010753070315FD1400F84963DA0015FD1A00F8496DDA0015FD190042
:1317EB00F8498FDA000A4F4F11140000FFFC3D07FFFC003A
:20B65D001205190000FFFC1A0076700004FFFC0109780C15FD0C00FF012BFB0C00001A00AB
:20B67D007687000000040109780B15FD0300FE010004001A0176F00000FFFF0666080A7D8D
:20B69D00000615FD0300FF012DFB030000140001FFFC8EFFFC14000100041825140000FF45
:20B6BD00FC3D07FFFC140000FFFC84000CFFFC3F0404FFFC140030FFFB0DFFFB0042960435
:20B6DD0015FE0300FD0D002BFB0300000A6F2F0709780B15FD0300FF012DFB030000140075
:20B6FD0001FFFC8EFFFC140001000418256608027C9906140000FFFC840004FFFC3F0400F2
:20B71D00FFFC140012FFFB0DFFFB00429604261A0077470000000201140000FFFC84000E6C
:20B73D00FFFC3F0400FFFC097756140000FFFC840000FFFC3F0400FFFC140000FFFC3F02C1
:20B75D0002FFFC14000CFFFB0DFFFB00429604140000FFFC3F0200FFFC14000CFFFB0DFF61
:20B77D00FB00429604140000FFFC3F0202FFFC14000CFFFB0DFFFB00429604140000FFFC7C
:20B79D003F0200FFFC14000CFFFB0DFFFB00429604140000FFFC3F0202FFFC14000CFFFBEC
:20B7BD000DFFFB00429604140000FFFC3F0200FFFC14000CFFFB0DFFFB004296041400002D
:20B7DD00FFFC3F0202FFFC14000CFFFB0DFFFB00429604140000FFFC3F0200FFFC14000CAB
:10B7FD00FFFC0DFFFC004296041400000004000045
:020000040004F6
:202AB700050A010511405078000000010100000202FF60A0000204050A0105114050780098
:202AD7000000010100000202FF60A000020C050A010511405078000000010100000202FF99
:1C2AF70040A0000401000FF807103E723C000005000500050005030000000200BB
:204CDA000FAA790F737810337811DA520E257E114050103E728B04010A11F8550164110610
:204CFA000110707D017611060110267F018C12000D030407000AED7F11914206836411BC8A
:204D1A0044116D430C2B550E5D7611DA4C0C875211EF4C10B76A000000001400000000005A
:084D3A00000000000000000071
:202B1300028000800801000FF80700000000FF10000000000000000000000000000000007A
:202B330000000FAA790000000F454A000000000000000000200006800701040B00070000EE
:202B530000000F1000000000000000000000000000000000000011E9530E024600000000A0
:082B7300000000020000000058
:020000040003F7
:20EEF0000F0F0F0F0F0F0F0F0F0F0F0F00000000000000000F0F0F0F0F0F0F0F0F0F0F0F9A
:20EF100000000000000000000F0F0F0F0F0F0F0F0F0F000000000000000000000F0F0F0F0F
:20EF30000F0F0F0F0F0F000000000000000000000F0F0F0F0F0F0F0F0F0F000000000000D1
:20EF5000000000000F0F0F0F0F0F0F0F0F0F000000000000000000000F0F0F0F0F0F0F0F93
:20EF70000000000000000000000000000F0F0F0F0F0F0F0F00000000000000000000000009
:20EF90000F0F0F0F000000000000000000000000000000000F0F0F0F0000000000000000E9
:20EFB000000000000000000000000000000000000000000000000000000000000000000041
:20EFD000000000000000000000000000000000000000000000000000000000000000000021
:20EFF0000000000000000000000000000000000000000000000000000F0F0F0F0F0F0F0F89
:20F010000F0F000000000000000000000F0F0F0F0F0F0F0F0F0F000000000000000000002C
:20F030000F0F0F0F0F0F0F0F0F0F0F0F0F0F0F0F0F0F0F0F0F0F0F0F0F0F0F0F0F0F0F0FE0
:20F050000F0F0F0F0F0F0F0F2512041A0070D30000000D0115FD0D00FE010001001A0170D8
:20F07000C10000FFFF0615FD0D00FE020001001A0170AF0000FFFF0615FD0D00FE0300013C
:20F09000001A01709D0000FFFF060970AC140001FFFC840015FFFC3F0404FFFC0970BE14DE
:20F0B0000001FFFC840014FFFC3F0404FFFC0970D0140001FFFC840013FFFC3F0404FFFC42
:20F0D0000970E2140001FFFC840000FFFC3F0404FFFC15FD0300FBFDFF00140001FFFC7563
:20F0F000FFFC0A5B600C6860696B057B01130003000314000000040A4F3B1114000000131A
:20F1100014000000020A6CA9101A0071290000000E060A4F311109712D0A4F4511010006DA
:20F1300001000F0179BD2D7F6103020301000F0100110154EE2D7F610302030100110100D6
:20F150001101555C2D7F610302031417700014140300001A1400D000191405DC00151400CC
:20F17000000002557FFE010753070315FD1400F84963DA0015FD1A00F8496DDA0015FD19C3
:14F1900000F8498FDA000A4F4F11140000FFFC3D07FFFC00BA
:20B80D001205190000FFFC1A0078200004FFFC010979BC15FD0C00FF012BFB0C00001A0096
:20B82D00783700000004010979BB15FD0300FE010004001A0178A00000FFFF0666080A7DC6
:20B84D00000615FD0300FF012DFB030000140001FFFC8EFFFC14000100041825140000FF93
:20B86D00FC3D07FFFC140000FFFC84000CFFFC3F0404FFFC140030FFFB0DFFFB0042960483
:20B88D0015FE0300FD0D002BFB0300000A66D8070979BB15FD0300FF012DFB030000140072
:20B8AD0001FFFC8EFFFC140001000418256608027C9906140000FFFC840004FFFC3F040040
:20B8CD00FFFC140012FFFB0DFFFB00429604261A0078F70000000201140000FFFC84000E0A
:20B8ED00FFFC3F0400FFFC097906140000FFFC840000FFFC3F0400FFFC140000FFFC3F025E
:20B90D0002FFFC14000CFFFB0DFFFB00429604140000FFFC3F0200FFFC14000CFFFB0DFFAF
:20B92D00FB00429604140000FFFC3F0202FFFC14000CFFFB0DFFFB00429604140000FFFCCA
:20B94D003F0200FFFC14000CFFFB0DFFFB00429604140000FFFC3F0202FFFC14000CFFFB3A
:20B96D000DFFFB00429604140000FFFC3F0200FFFC14000CFFFB0DFFFB004296041400007B
:20B98D00FFFC3F0202FFFC14000CFFFB0DFFFB00429604140000FFFC3F0200FFFC14000CF9
:10B9AD00FFFC0DFFFC004296041400000004000093
:020000040004F6
:204D4200050A010511405078000000010100000202FF60A0000204050A01051140507800EA
:0E4D62000000010100000202FF60A000020C30
:020000040002F8
:09F7F2000FAA7911E953114050EE
:020000040004F6
:204D7000130001101132560114120002010203000AED7F11AD420FF06E117944116D430FB6
:204D900058700E0D780BF27710136B11704D11424D00000000140000000000000000000024
:204DB000000000208008800000000FF807000000000F10000000000000000000000000008E
:174DD000000000000011575400000000000000000000000000000010
:020000040003F7
:20F1A40000000000000000000000000000000000000000000000000000000000000000004B
:20F1C40000000000000000000000000000000000000000000000000000000000000000002B
:20F1E40000000000000000000000000000000000000000000000000000000000000000000B
:20F204000000000000000000000000000000000000000000000000000000000000000000EA
:20F224000000000000000000000000000000000000000000000000000000000000000000CA
:20F244000000000000000000000000000000000000000000000000000000000000000000AA
:20F2640000000000000000000000000000000000000000000000000000000000000000008A
:20F2840000000000000000000000000000000000000000000000000000000000000000006A
:20F2A40000000000000000000000000000000000000000000000000000000000000000004A
:20F2C40000000000000000000000000000000000000000000000000000000000000000002A
:20F2E40000000000000000000000000000000000000000000000000000000000000000000A
:08F30400000000000000000001
:020000040004F6
:202B7B002512040A62240C8B02739F0615FF01F869A9C90015FF03F869A8C90015FFFDF8E4
:202B9B0069A7C90015FFFDF869A6C900140001FFFC3F0202FFFC557C330B0153818015F9A0
:202BBB004963DAFB14000015F9496DDAFB1A000015F9498FDAFB19000015F94992DAFB1907
:202BDB00000015F94988DAFB1600001417700014140300001A1400D000191405DC00151415
:122BFB0001F40016610A6E5B06140000FFFC33FFFC0046
:020000040001F9
:033FFD0011575405
:020000040004F6
:204DE7001412010100000100115754114B420FA47111FF4411F343107B6B00000004FD7FF4
:1B4E070011B34D0000000000000000000014000000000000000000000000006B
:020000040003F7
:2070E100028000800801000FF80700000000FF100000000000000000000000000000000067
:2071010000000FAA790000000F434F000000000000000000208000000600000FF8070000E7
:2071210000000F100000000000000000000000000000000000001033780E0A4C0000000010
:207141000000000200000000020009000000000FF807000000000F100000000000000000F4
:207161000000000000000000000011DA5200000010035A00000000000000000020800200C2
:207181000601040B0007000000000F1000000000000000000000000000000000000011E9B8
:1071A100530E164E00000000000000020000000017
:20F30C000000000000000000000000000000000000000000000000000000000000000000E1
:20F32C000000000000000000000000000000000000000000000000000000000000000000C1
:20F34C000000000000000000000000000000000000000000000000000000000000000000A1
:20F36C00000000000000000000000000000000000000000000000000000000000000000081
:20F38C00000000000000000000000000000000000000000000000000000000000000000061
:20F3AC00000000000000000000000000000000000000000000000000000000000000000041
:20F3CC00000000000000000000000000000000000000000000000000000000000000000021
:20F3EC00000000000000000000000000000000000000000000000000000000000000000001
:20F40C000000000000000000000000000000000000000000000000000000000000000000E0
:20F42C000000000000000000000000000000000000000000000000000000000000000000C0
:20F44C000000000000000000000000000000000000000000000000000000000000000000A0
:20F46C0000000000000000002512041A0074EF0000000D0115FD0D00FE010001001A01740C
:20F48C00DD0000FFFF0615FD0D00FE020001001A0174CB0000FFFF0615FD0D00FE030001E0
:20F4AC00001A0174B90000FFFF060974C8140001FFFC840015FFFC3F0404FFFC0974DA145E
:20F4CC000001FFFC840014FFFC3F0404FFFC0974EC140001FFFC840013FFFC3F0404FFFC02
:20F4EC000974FE140001FFFC840000FFFC3F0404FFFC15FD0300FBFDFF00140001FFFC7523
:20F50C00FFFC1A00751A0000000706097522140002FFFC33FFFC140003FFFC33FFFC686047
:20F52C00696B05130003000314000000040A4F3B111A00754D0000000E060A4F3111097507
:20F54C00510A4F451101000601000F0179BD2D7F610302030A4F4F11140000FFFC3D07FF31
:0DF56C00FC1815FF01F86906C600570300E2
:20B9BD001205190000FFFC1A0079D00004FFFC01097B6915FD0C00FF012BFB0C00001A0085
:20B9DD0079E70000000401097B6815FD0300FE010004001A017A680000FFFF0615FD0300CB
:20B9FD00FF012DFB030000140001FFFC8EFFFC14000100041825140000FFFC3F0202FFFCC3
:20BA1D00140000FFFC3AFFFC15FDFDFFFDFEFFFE4000FE01000080FFFC020204140030FFBA
:20BA3D00FB0DFFFB0042960415FE0300FD0D002BFB03000015FF03F86906C600570115FF12
:20BA5D0003F8691CC5006900097B6815FD0300FF012DFB030000140001FFFC8EFFFC140042
:20BA7D0001000418256608027C9906140000FFFC840004FFFC3F0400FFFC140012FFFB0DDF
:20BA9D00FFFB0042960426140000FFFC840000FFFC3F0400FFFC140000FFFC3F0202FFFC74
:20BABD0014000CFFFB0DFFFB00429604140000FFFC3F0200FFFC14000CFFFB0DFFFB0042BE
:20BADD009604140000FFFC3F0202FFFC14000CFFFB0DFFFB00429604140000FFFC3F020015
:20BAFD00FFFC14000CFFFB0DFFFB00429604140000FFFC3F0202FFFC14000CFFFB0DFFFBC3
:20BB1D0000429604140000FFFC3F0200FFFC14000CFFFB0DFFFB00429604140000FFFC3F96
:20BB3D000202FFFC14000CFFFB0DFFFB00429604140000FFFC3F0200FFFC14000CFFFC0D79
:0DBB5D00FFFC0042960414000000040000EC
:020000040004F6
:204E2200050A010511405078000000010100000202FF60A0000204050A0105114050780009
:204E42000000010100000202FF60A000020C000FF807103E723C000005000500050005031C
:204E620000000002000FAA7910337811DA5211E953114050103E7214120004000306000A19
:204E8200ED7F112F420F0C73114245116D430F74740EBD7911674E0DE17000000011224E5B
:124EA200000000001400000000000000000000000000EA
:202C0D00028000800801000FF80700000000FF10000000000000000000000000000000007F
:202C2D0000000FAA790000000F7D50000000000000000000020009000000000FF807000060
:202C4D0000000F1000000000000000000000000000000000000011DA5200000010E15800C2
:202C6D00000000000000000020801B800600000FF807000000000F100000000000000000D9
:1C2C8D00000000000000000000001033780D4644000000000000000200000000D7
:020000040002F8
:20F7FB000000000000000000000000000000000000000000000000000000000000000000EE
:20F81B0000000000000000000F0F00000000000000000000000000000000000000000000AF
:20F83B000000000000000000000000000000000000000000000000000000000000000000AD
:20F85B00000000000F0F00000000000000000000000000000000000000000000000000006F
:20F87B0000000000000000000000000000000000000000000000000000000000000000006D
:20F89B000F0F0000000000000000000000000000000000000000000000000000000000002F
:20F8BB00000000000000000000000000000000000000000000000000000000000F0F00000F
:20F8DB00000000000000000000000000000000000000000000000000000001010101010107
:20F8FB003000000000000000000000000000000000000020010101010F0F000000000F0F5D
:20F91B000F0F000000000F0F0F0F0F0F000000000000000000000000000000000030000024
:20F93B0000000000000000000000000000002000000000000F0F000000000F00000F000050
:20F95B0000000F00000000000000000000000000000000000000000000003000000000004D
:20F97B00000000000000000000200000000000000F0F000000000F00000F000000000F0001
:20F99B0000000000000000000000000000000000000000000000003000000000000000001C
:20F9BB000000000020000000000000000F0F000000000F00000F000000000F0000000000C1
:20F9DB00000000000000000000000000000000000000000001010101010101010101010100
:20F9FB0000000000000000000000000000000F00000F000000000F000000000000000000BF
:20FA1B000000000000000000000000000000000000000000000000000000000000000000CB
:20FA3B00000000000000000000000F00000F000000000F0F0F0F0F000F0F0F0F0000000006
:20FA5B0000000F0F0F0F0F0F30000000000000000000000000000000000000000000000001
:20FA7B000000000000000F00000F00000000000000000F000000000F0000000000000F0020
:20FA9B0000000000003000000000000000000000000000000000000000000000000000001B
:20FABB0000000F00000F00000000000000000F000000000F0000000000000F0000000000E0
:20FADB000000300000000000000000000000000000000000000000000F0F0F0F0F0F0F0072
:20FAFB00000F00000000000000000F000000000F0000000000000F0000000000000000307F
:20FB1B0000000000000000000000000000000000000000000F00000000000000000F0000AC
:20FB3B000000000000000F000000000F0000000000000F0000000000000000000F0F0F0F41
:20FB5B000F0F0F0F0F0F0F0F0F0F0F0F0F0F0F0F0F00000000000000000F000000000F0F5E
:20FB7B000F0F0F000000000F0000000000000F00000000000000000000000000000000001F
:20FB9B000000000000000000000000000000000000000000000F000000000F00000000002C
:20FBBB000000000F0000000000000F0000000000000000000000000000000000000000000C
:20FBDB0000000000000000000000000000000000000F0F0F0F0F0F00000000000000000FA1
:20FBFB000000000000000F00000000000000000000000000000000000000000000000000DB
:18FC1B00000000000000000000000000000000000000000000000000D1
:020000040003F7
:20BB6A002512041A007BE50000000D0115FD0D00FE010001001A017BD30000FFFF0615FD5A
:20BB8A000D00FE020001001A017BC10000FFFF0615FD0D00FE030001001A017BAF0000FFCD
:20BBAA00FF06097BBE140001FFFC840015FFFC3F0404FFFC097BD0140001FFFC840014FF53
:20BBCA00FC3F0404FFFC097BE2140001FFFC840013FFFC3F0404FFFC097BF4140001FFFC4B
:20BBEA00840000FFFC3F0404FFFC15FD0300FBFDFF00140001FFFC75FFFC140002FFFC33AA
:20BC0A00FFFC1A007C180000000706097C20140003FFFC33FFFC6860696B057B011300034C
:20BC2A00000314000000040A4F3B11140000001314000000020A6CA9101A007C53000000E5
:20BC4A000E060A4F3111097C570A4F451101000601000F0179BD2D7F6103020301000F012C
:20BC6A0000110154EE2D7F6103020301001101001101555C2D7F61030203141770001414A3
:20BC8A000300001A1400D000191405DC00151400000002557FFE010753070315FD1400F80B
:20BCAA004963DA0015FD1A00F8496DDA0015FD1900F8498FDA000A4F4F11140000FFFC3D66
:0FBCCA0007FFFC1815FF01F86906C600570300B5
:2071B1001205190000FFFC1A0071C40004FFFC010973E015FD0C00FF012BFB0C00001A007E
:2071D10071DB00000004010973DF15FD0300FE010004001A0172C40000FFFF0666080A7D90
:2071F100000615FD0300FF012DFB030000140000FFFC8EFFFC14000100041825140000FF37
:20721100FC3D07FFFC140000FFFC84000CFFFC3F0404FFFC140030FFFB0DFFFB0042960425
:2072310015FE0300FD0D002BFB03000015FD1200FE010005001A0172840000FFFF0615FFA3
:2072510007F86906C600570115FE0000FBFDFFFE0000FBFEFF00140000FFFC35FFFC320020
:20727100FFFC15FF03F8691CC50027030211E74D0972C115FD1200FF012DFB12000015FF8A
:2072910007F86906C600570115FE0000FBFDFFFE0000FBFEFF00140000FFFC35FFFC3200E0
:2072B100FFFC15FF03F8691CC50027030211A6490973DF15FD0300FF012DFB03000014008E
:2072D10000FFFC8EFFFC140001000418256608027C9906140000FFFC840004FFFC3F040063
:2072F100FFFC140012FFFB0DFFFB00429604261A00731B0000000201140000FFFC84000E0D
:20731100FFFC3F0400FFFC09732A140000FFFC840000FFFC3F0400FFFC140000FFFC3F0261
:2073310002FFFC14000CFFFB0DFFFB00429604140000FFFC3F0200FFFC14000CFFFB0DFFD1
:20735100FB00429604140000FFFC3F0202FFFC14000CFFFB0DFFFB00429604140000FFFCEC
:207371003F0200FFFC14000CFFFB0DFFFB00429604140000FFFC3F0202FFFC14000CFFFB5C
:207391000DFFFB00429604140000FFFC3F0200FFFC14000CFFFB0DFFFB004296041400009D
:2073B100FFFC3F0202FFFC14000CFFFB0DFFFB00429604140000FFFC3F0200FFFC14000C1B
:1073D100FFFC0DFFFC0042960414000000040000B5
:020000040004F6
:204EB400050A010511405078000000010100000202FF60A0000204050A0105114050780077
:204ED4000000010100000202FF60A000020C0FAA7911DA521033781140500A031E06114F4F
:204EF40057033C120003010204000AED7F1159420BFB77118545116D430E6A7B0DB171117E
:204F1400E24E100D6C11EE4E11B44E00000000140000000000000000000000000055767015
:074F34000C035383200B0066
:202CA9001A006CE200000002060100030100110155942D7F61030203010005010011015518
:202CC900942D7F6103020301000F01001101551C2D7F61030203096D0F01000301001001FE
:202CE9007B6B2D7F61030203010005010010017BCC2D7F6103020301000F0100110154AE37
:082D09002D7F610302030B00A2
:020000040001F9
:20DE8100120415FD1200FE010005001A0162B00000FFFF060100040DFFFF014296047C02A7
:20DEA100FF787FAF575F5B347DFC5751276B16A2049F5BDC46B14DC120786F5C7252582A84
:20DEC10004FF63546BEB45C22C9F5F31476F2A2D19FD73D74FAC46E630FF63546BEB45C2F8
:20DEE1002C7C04FF6332FF0F9F0E4F7CFF7FFF678C4B4F7C3F22FF0F9F0E4F7C0000FF6788
:20DF01008C4B4F7C0000DF735C46000063328C4BFF67FF67FF7FDF735C4600003F22DF730D
:20DF21005C4600000100040DFFFF014296047C02FF997FD25B7F5F957DFD5F7333AE22E4E9
:20DF41000C9F631D4FF351232D796F9C72B5606D08FF67756F2E4E25399F63534FB1368FF4
:20DF610025FE77D857CF4E483DFF67756F2E4E25397C04FF6332FF1FDF1AB27CFF7FFF6BD0
:20DF81008F53B27C3F22FF1FDF1AB27C0000FF6B8F53B27C0000DF779C4E210463328F5374
:20DFA100FF6BFF6BFF7FDF779C4E21043F22DF779C4E21040100040DFFFF014296047C0278
:20DFC100FF9A7FD4639F67F77DFD63953FF02E4715BF673D57555A86399A73DD761765D0F5
:20DFE10014FF6B776F70568845BF6B7557D342F231FE77FA5F1157AB45FF6B776F70568837
:20E00100457C04FF6332FF2F1F27347DFF7FFF6FB25B347D3F22FF2F1F27347D0000FF6FE3
:20E02100B25B347D0000DF77DD5642086332B25BFF6FFF6FFF7FDF77DD5642083F22DF77C8
:20E04100DD5642080100040DFFFF014296047C02FFBB7FD767BF6B797EFE6BB74F343FCB92
:20E0610025BF6B5E5FB762EA45BB771D77996D5425FF6F9973D35EEC51BF6F975F164F5540
:20E081003EFE7BFB67345F0F52FF6F9973D35EEC517C04FF6332FF3F3F3BB67DFF7FFF739B
:20E0A100B563B67D3F22FF3F3F3BB67D0000FF73B563B67D0000FF7B1D5FC6186332B5638A
:20E0C100FF73FF73FF7FFF7B1D5FC6183F22FF7B1D5FC6180100040DFFFF014296047C0269
:20E0E100FFDC7FF96FBF73DB7EFE73BA5B7753703EDF739E6B1A6B9056DD7B5E7B5B72F719
:20E1010039FF77BB77376B915EDF73BA6B595FD852FE7BFC6F786B9462FF77BB77376B919B
:20E121005E7C04FF6332FF537F4F597EFF7FFF77D86B597E3F22FF537F4F597E0000FF7799
:20E14100D86B597E0000FF7B5E6B6B2D6332D86BFF77FF77FF7FFF7B5E6B6B2D3F22FF7BD1
:20E161005E6B6B2D0100040DFFFF014296047C02FFDE7FFC77DF775D7FFF77DC6FBB6717D7
:20E181005BDF77BF737C77376BDE7BBE7B1D7BDB5AFF7BDD7B9B73376FDF7BDC73BC6F5BF2
:20E1A10067FF7FFE77BB73396FFF7BDD7B9B73376F7C04FF6332FF67BF671C7FFF7FFF7B75
:20E1C100DB731C7F3F22FF67BF671C7F0000FF7BDB731C7F0000FF7F9F7394526332DB7311
:20E1E100FF7BFF7BFF7FFF7F9F7394523F22FF7F9F7394520100040DFFFF014296047C02F4
:20E20100FFFF7FFF7FFF7FFF7FFF7FFF7FFF7FFF7FFF7FFF7FFF7FFF7FFF7FFF7FFF7FFF9D
:20E221007FFF7FFF7FFF7FFF7FFF7FFF7FFF7FFF7FFF7FFF7FFF7FFF7FFF7FFF7FFF7FFFFD
:20E241007F7C04FF6332FF7FFF7FFF7FFF7FFF7FFF7FFF7F3F22FF7FFF7FFF7F0000FF7F5F
:20E26100FF7FFF7F0000FF7FFF7FFF7F6332FF7FFF7FFF7FFF7FFF7FFF7FFF7F3F22FF7F41
:20E28100FF7FFF7F15FE0000FBFDFFFE0000FBFEFF00140000FFFC35FFFC3200FFFC15FF01
:20E2A10003F8691CC50027030211E74D0966D315FD1200FF012DFB1200000100040DFFFFF7
:20E2C100014296047C02FF787FAF575F5B347DFC5751276B16A2049F5BDC46B14DC1207816
:20E2E1006F5C7252582A04FF63546BEB45C22C9F5F31476F2A2D19FD73D74FAC46E630FFD7
:20E3010063546BEB45C22C7C04FF6332FF0F9F0E4F7CFF7FFF678C4B4F7C3F22FF0F9F0E80
:20E321004F7C0000FF678C4B4F7C0000DF735C46000063328C4BFF67FF67FF7FDF735C466B
:20E3410000003F22DF735C4600000100040DFFFF014296047C02FF997FD25B7F5F957DFDCB
:20E361005F7333AE22E40C9F631D4FF351232D796F9C72B5606D08FF67756F2E4E25399F92
:20E3810063534FB1368F25FE77D857CF4E483DFF67756F2E4E25397C04FF6332FF1FDF1A47
:20E3A100B27CFF7FFF6B8F53B27C3F22FF1FDF1AB27C0000FF6B8F53B27C0000DF779C4ED6
:20E3C100210463328F53FF6BFF6BFF7FDF779C4E21043F22DF779C4E21040100040DFFFF13
:20E3E100014296047C02FF9A7FD4639F67F77DFD63953FF02E4715BF673D57555A86399A88
:20E4010073DD761765D014FF6B776F70568845BF6B7557D342F231FE77FA5F1157AB45FF9F
:20E421006B776F705688457C04FF6332FF2F1F27347DFF7FFF6FB25B347D3F22FF2F1F273F
:20E44100347D0000FF6FB25B347D0000DF77DD5642086332B25BFF6FFF6FFF7FDF77DD5686
:20E4610042083F22DF77DD5642080100040DFFFF014296047C02FFBB7FD767BF6B797EFE1C
:20E481006BB74F343FCB25BF6B5E5FB762EA45BB771D77996D5425FF6F9973D35EEC51BF8C
:20E4A1006F975F164F553EFE7BFB67345F0F52FF6F9973D35EEC517C04FF6332FF3F3F3B7B
:20E4C100B67DFF7FFF73B563B67D3F22FF3F3F3BB67D0000FF73B563B67D0000FF7B1D5FCE
:20E4E100C6186332B563FF73FF73FF7FFF7B1D5FC6183F22FF7B1D5FC6180100040DFFFF15
:20E50100014296047C02FFDC7FF96FBF73DB7EFE73BA5B7753703EDF739E6B1A6B9056DDB1
:20E521007B5E7B5B72F739FF77BB77376B915EDF73BA6B595FD852FE7BFC6F786B9462FF3B
:20E5410077BB77376B915E7C04FF6332FF537F4F597EFF7FFF77D86B597E3F22FF537F4FE6
:20E56100597E0000FF77D86B597E0000FF7B5E6B6B2D6332D86BFF77FF77FF7FFF7B5E6BD3
:20E581006B2D3F22FF7B5E6B6B2D0100040DFFFF014296047C02FFDE7FFC77DF775D7FFF3B
:20E5A10077DC6FBB67175BDF77BF737C77376BDE7BBE7B1D7BDB5AFF7BDD7B9B73376FDF23
:20E5C1007BDC73BC6F5B67FF7FFE77BB73396FFF7BDD7B9B73376F7C04FF6332FF67BF6794
:20E5E1001C7FFF7FFF7BDB731C7F3F22FF67BF671C7F0000FF7BDB731C7F0000FF7F9F7323
:20E6010094526332DB73FF7BFF7BFF7FFF7F9F7394523F22FF7F9F7394520100040DFFFF61
:20E62100014296047C02FFFF7FFF7FFF7FFF7FFF7FFF7FFF7FFF7FFF7FFF7FFF7FFF7FFF98
:20E641007FFF7FFF7FFF7FFF7FFF7FFF7FFF7FFF7FFF7FFF7FFF7FFF7FFF7FFF7FFF7FFFD9
:20E661007FFF7FFF7FFF7F7C04FF6332FF7FFF7FFF7FFF7FFF7FFF7FFF7F3F22FF7FFF7FBD
:20E68100FF7F0000FF7FFF7FFF7F0000FF7FFF7FFF7F6332FF7FFF7FFF7FFF7FFF7FFF7F7E
:20E6A100FF7F3F22FF7FFF7FFF7F15FE0000FBFDFFFE0000FBFEFF00140000FFFC35FFFCC1
:20E6C1003200FFFC15FF03F8691CC50027030211A6490012FC0B00120415FD1200FE010035
:20E6E10005001A016B070000FFFF060100040DFFFF014296047C02FF787FAF575F5B347DB1
:20E70100787F4E535F5B33799F5BDC46B14DC120786F5C7252582A04FF63546BEB45C22C33
:20E721009F5F31476F2A2D19FD73D74FAC46E630FF63546BEB45C22C7C04FF6332FF0F9FE5
:20E741000E4F7CFF7FFF678C4B4F7C3F22DF735C4600000000DF735C4600000000DF735C62
:20E761004600006332DF735C460000FF7FDF735C4600003F22DF735C4600000100040DFFF1
:20E78100FF014296047C02FF997FD25B7F5F957D997F715B7F5F947D9F631D4FF351232D15
:20E7A100796F9C72B5606D08FF67756F2E4E25399F63534FB1368F25FE77D857CF4E483D2F
:20E7C100FF67756F2E4E25397C04FF6332FF1FDF1AB27CFF7FFF6B8F53B27C3F22DF779C70
:20E7E1004E21040000DF779C4E21040000DF779C4E21046332DF779C4E2104FF7FDF779C71
:20E801004E21043F22DF779C4E21040100040DFFFF014296047C02FF9A7FD4639F67F77D8A
:20E821009A7F93639F67F67DBF673D57555A86399A73DD761765D014FF6B776F7056884584
:20E84100BF6B7557D342F231FE77FA5F1157AB45FF6B776F705688457C04FF6332FF2F1F1F
:20E8610027347DFF7FFF6FB25B347D3F22DF77DD5642080000DF77DD5642080000DF77DDDB
:20E881005642086332DF77DD564208FF7FDF77DD5642083F22DF77DD5642080100040DFFD9
:20E8A100FF014296047C02FFBB7FD767BF6B797EBB7F9667BF6B787EBF6B5E5FB762EA45DF
:20E8C100BB771D77996D5425FF6F9973D35EEC51BF6F975F164F553EFE7BFB67345F0F521F
:20E8E100FF6F9973D35EEC517C04FF6332FF3F3F3BB67DFF7FFF73B563B67D3F22FF7B1DFD
:20E901005FC6180000FF7B1D5FC6180000FF7B1D5FC6186332FF7B1D5FC618FF7FFF7B1D93
:20E921005FC6183F22FF7B1D5FC6180100040DFFFF014296047C02FFDC7FF96FBF73DB7EAC
:20E94100DC7FB96FBF73DA7EDF739E6B1A6B9056DD7B5E7B5B72F739FF77BB77376B915E7C
:20E96100DF73BA6B595FD852FE7BFC6F786B9462FF77BB77376B915E7C04FF6332FF537F62
:20E981004F597EFF7FFF77D86B597E3F22FF7B5E6B6B2D0000FF7B5E6B6B2D0000FF7B5E53
:20E9A1006B6B2D6332FF7B5E6B6B2DFF7FFF7B5E6B6B2D3F22FF7B5E6B6B2D0100040DFF3D
:20E9C100FF014296047C02FFDE7FFC77DF775D7FDE7FDC77DF775D7FDF77BF737C77376BDC
:20E9E100DE7BBE7B1D7BDB5AFF7BDD7B9B73376FDF7BDC73BC6F5B67FF7FFE77BB73396FD2
:20EA0100FF7BDD7B9B73376F7C04FF6332FF67BF671C7FFF7FFF7BDB731C7F3F22FF7F9FD5
:20EA21007394520000FF7F9F7394520000FF7F9F7394526332FF7F9F739452FF7FFF7F9FEA
:20EA41007394523F22FF7F9F7394520100040DFFFF014296047C02FFFF7FFF7FFF7FFF7F23
:20EA6100FF7FFF7FFF7FFF7FFF7FFF7FFF7FFF7FFF7FFF7FFF7FFF7FFF7FFF7FFF7FFF7FB5
:20EA8100FF7FFF7FFF7FFF7FFF7FFF7FFF7FFF7FFF7FFF7FFF7FFF7F7C04FF6332FF7FFFFC
:20EAA1007FFF7FFF7FFF7FFF7FFF7F3F22FF7FFF7FFF7F0000FF7FFF7FFF7F0000FF7FFF8E
:20EAC1007FFF7F6332FF7FFF7FFF7FFF7FFF7FFF7FFF7F3F22FF7FFF7FFF7F15FE0000FB48
:20EAE100FDFFFE0000FBFEFF00140000FFFC35FFFC3200FFFC15FF03F8691CC50027030232
:20EB010011E74D096F2A15FD1200FF012DFB1200000100040DFFFF014296047C02FF787F4E
:20EB2100AF575F5B347D787F4E535F5B33799F5BDC46B14DC120786F5C7252582A04FF637B
:20EB4100546BEB45C22C9F5F31476F2A2D19FD73D74FAC46E630FF63546BEB45C22C7C0425
:20EB6100FF6332FF0F9F0E4F7CFF7FFF678C4B4F7C3F22DF735C4600000000DF735C4600AB
:20EB8100000000DF735C4600006332DF735C460000FF7FDF735C4600003F22DF735C460030
:20EBA100000100040DFFFF014296047C02FF997FD25B7F5F957D997F715B7F5F947D9F63E0
:20EBC1001D4FF351232D796F9C72B5606D08FF67756F2E4E25399F63534FB1368F25FE77DC
:20EBE100D857CF4E483DFF67756F2E4E25397C04FF6332FF1FDF1AB27CFF7FFF6B8F53B24A
:20EC01007C3F22DF779C4E21040000DF779C4E21040000DF779C4E21046332DF779C4E21F1
:20EC210004FF7FDF779C4E21043F22DF779C4E21040100040DFFFF014296047C02FF9A7FA3
:20EC4100D4639F67F77D9A7F93639F67F67DBF673D57555A86399A73DD761765D014FF6B28
:20EC6100776F70568845BF6B7557D342F231FE77FA5F1157AB45FF6B776F705688457C0463
:20EC8100FF6332FF2F1F27347DFF7FFF6FB25B347D3F22DF77DD5642080000DF77DD564211
:20ECA100080000DF77DD5642086332DF77DD564208FF7FDF77DD5642083F22DF77DD564293
:20ECC100080100040DFFFF014296047C02FFBB7FD767BF6B797EBB7F9667BF6B787EBF6BA7
:20ECE1005E5FB762EA45BB771D77996D5425FF6F9973D35EEC51BF6F975F164F553EFE7B4C
:20ED0100FB67345F0F52FF6F9973D35EEC517C04FF6332FF3F3F3BB67DFF7FFF73B563B6F7
:20ED21007D3F22FF7B1D5FC6180000FF7B1D5FC6180000FF7B1D5FC6186332FF7B1D5FC627
:20ED410018FF7FFF7B1D5FC6183F22FF7B1D5FC6180100040DFFFF014296047C02FFDC7F4E
:20ED6100F96FBF73DB7EDC7FB96FBF73DA7EDF739E6B1A6B9056DD7B5E7B5B72F739FF7728
:20ED8100BB77376B915EDF73BA6B595FD852FE7BFC6F786B9462FF77BB77376B915E7C04E0
:20EDA100FF6332FF537F4F597EFF7FFF77D86B597E3F22FF7B5E6B6B2D0000FF7B5E6B6BCF
:20EDC1002D0000FF7B5E6B6B2D6332FF7B5E6B6B2DFF7FFF7B5E6B6B2D3F22FF7B5E6B6B52
:20EDE1002D0100040DFFFF014296047C02FFDE7FFC77DF775D7FDE7FDC77DF775D7FDF7741
:20EE0100BF737C77376BDE7BBE7B1D7BDB5AFF7BDD7B9B73376FDF7BDC73BC6F5B67FF7F31
:20EE2100FE77BB73396FFF7BDD7B9B73376F7C04FF6332FF67BF671C7FFF7FFF7BDB731C63
:20EE41007F3F22FF7F9F7394520000FF7F9F7394520000FF7F9F7394526332FF7F9F7394B6
:20EE610052FF7FFF7F9F7394523F22FF7F9F7394520100040DFFFF014296047C02FFFF7F8C
:20EE8100FF7FFF7FFF7FFF7FFF7FFF7FFF7FFF7FFF7FFF7FFF7FFF7FFF7FFF7FFF7FFF7F91
:20EEA100FF7FFF7FFF7FFF7FFF7FFF7FFF7FFF7FFF7FFF7FFF7FFF7FFF7FFF7FFF7F7C046F
:20EEC100FF6332FF7FFF7FFF7FFF7FFF7FFF7FFF7F3F22FF7FFF7FFF7F0000FF7FFF7FFF55
:20EEE1007F0000FF7FFF7FFF7F6332FF7FFF7FFF7FFF7FFF7FFF7FFF7F3F22FF7FFF7FFFB5
:20EF01007F15FE0000FBFDFFFE0000FBFEFF00140000FFFC35FFFC3200FFFC15FF03F8698D
:20EF21001CC50027030211A6490012FC0B00120415FD1200FE010005001A01735E0000FF81
:20EF4100FF060100040DFFFF014296047C02FF787FAF575F5B347D787F4E535F5B33797863
:20EF61007F5F57AC464F7C786F5C7252582A04FF63546BEB45C22C9F5F31476F2A2D19FD80
:20EF810073D74FAC46E630FF63546BEB45C22C7C04FF6332FF0F9F0E4F7CFF7FFF678C4B3B
:20EFA1004F7C3F22DF735C4600000000DF735C4600000000DF735C4600006332DF735C46BF
:20EFC1000000FF7FDF735C4600003F22DF735C4600000100040DFFFF014296047C02FF9966
:20EFE1007FD25B7F5F957D997F715B7F5F947D997F7F5BCF4EB27C796F9C72B5606D08FFE5
:20F0010067756F2E4E25399F63534FB1368F25FE77D857CF4E483DFF67756F2E4E25397CA5
:20F0210004FF6332FF1FDF1AB27CFF7FFF6B8F53B27C3F22DF779C4E21040000DF779C4EF4
:20F0410021040000DF779C4E21046332DF779C4E2104FF7FDF779C4E21043F22DF779C4EA7
:20F0610021040100040DFFFF014296047C02FF9A7FD4639F67F77D9A7F93639F67F67D9A14
:20F081007F9F631157347D9A73DD761765D014FF6B776F70568845BF6B7557D342F231FE06
:20F0A10077FA5F1157AB45FF6B776F705688457C04FF6332FF2F1F27347DFF7FFF6FB25B12
:20F0C100347D3F22DF77DD5642080000DF77DD5642080000DF77DD5642086332DF77DD5686
:20F0E1004208FF7FDF77DD5642083F22DF77DD5642080100040DFFFF014296047C02FFBB1B
:20F101007FD767BF6B797EBB7F9667BF6B787EBB7FBF6B345FB67DBB771D77996D5425FF4B
:20F121006F9973D35EEC51BF6F975F164F553EFE7BFB67345F0F52FF6F9973D35EEC517C96
:20F1410004FF6332FF3F3F3BB67DFF7FFF73B563B67D3F22FF7B1D5FC6180000FF7B1D5FC5
:20F16100C6180000FF7B1D5FC6186332FF7B1D5FC618FF7FFF7B1D5FC6183F22FF7B1D5FCA
:20F18100C6180100040DFFFF014296047C02FFDC7FF96FBF73DB7EDC7FB96FBF73DA7EDCEF
:20F1A1007FBF6F786B597EDD7B5E7B5B72F739FF77BB77376B915EDF73BA6B595FD852FE29
:20F1C1007BFC6F786B9462FF77BB77376B915E7C04FF6332FF537F4F597EFF7FFF77D86BF4
:20F1E100597E3F22FF7B5E6B6B2D0000FF7B5E6B6B2D0000FF7B5E6B6B2D6332FF7B5E6B6D
:20F201006B2DFF7FFF7B5E6B6B2D3F22FF7B5E6B6B2D0100040DFFFF014296047C02FFDE78
:20F221007FFC77DF775D7FDE7FDC77DF775D7FDE7FDF77BB731C7FDE7BBE7B1D7BDB5AFFED
:20F241007BDD7B9B73376FDF7BDC73BC6F5B67FF7FFE77BB73396FFF7BDD7B9B73376F7CC5
:20F2610004FF6332FF67BF671C7FFF7FFF7BDB731C7F3F22FF7F9F7394520000FF7F9F7386
:20F2810094520000FF7F9F7394526332FF7F9F739452FF7FFF7F9F7394523F22FF7F9F7321
:20F2A10094520100040DFFFF014296047C02FFFF7FFF7FFF7FFF7FFF7FFF7FFF7FFF7FFF0E
:20F2C1007FFF7FFF7FFF7FFF7FFF7FFF7FFF7FFF7FFF7FFF7FFF7FFF7FFF7FFF7FFF7FFF4D
:20F2E1007FFF7FFF7FFF7FFF7FFF7FFF7FFF7F7C04FF6332FF7FFF7FFF7FFF7FFF7FFF7F14
:20F30100FF7F3F22FF7FFF7FFF7F0000FF7FFF7FFF7F0000FF7FFF7FFF7F6332FF7FFF7F0E
:20F32100FF7FFF7FFF7FFF7FFF7F3F22FF7FFF7FFF7F15FE0000FBFDFFFE0000FBFEFF007B
:20F34100140000FFFC35FFFC3200FFFC15FF03F8691CC50027030211E74D09778115FD1251
:20F3610000FF012DFB1200000100040DFFFF014296047C02FF787FAF575F5B347D787F4E3B
:20F38100535F5B3379787F5F57AC464F7C786F5C7252582A04FF63546BEB45C22C9F5F314E
:20F3A100476F2A2D19FD73D74FAC46E630FF63546BEB45C22C7C04FF6332FF0F9F0E4F7CAF
:20F3C100FF7FFF678C4B4F7C3F22DF735C4600000000DF735C4600000000DF735C46000069
:20F3E1006332DF735C460000FF7FDF735C4600003F22DF735C4600000100040DFFFF014269
:20F4010096047C02FF997FD25B7F5F957D997F715B7F5F947D997F7F5BCF4EB27C796F9C0B
:20F4210072B5606D08FF67756F2E4E25399F63534FB1368F25FE77D857CF4E483DFF67754B
:20F441006F2E4E25397C04FF6332FF1FDF1AB27CFF7FFF6B8F53B27C3F22DF779C4E21044B
:20F461000000DF779C4E21040000DF779C4E21046332DF779C4E2104FF7FDF779C4E2104E4
:20F481003F22DF779C4E21040100040DFFFF014296047C02FF9A7FD4639F67F77D9A7F93C5
:20F4A100639F67F67D9A7F9F631157347D9A73DD761765D014FF6B776F70568845BF6B75F9
:20F4C10057D342F231FE77FA5F1157AB45FF6B776F705688457C04FF6332FF2F1F27347D5A
:20F4E100FF7FFF6FB25B347D3F22DF77DD5642080000DF77DD5642080000DF77DD56420887
:20F501006332DF77DD564208FF7FDF77DD5642083F22DF77DD5642080100040DFFFF0142AA
:20F5210096047C02FFBB7FD767BF6B797EBB7F9667BF6B787EBB7FBF6B345FB67DBB771D4A
:20F5410077996D5425FF6F9973D35EEC51BF6F975F164F553EFE7BFB67345F0F52FF6F99DA
:20F5610073D35EEC517C04FF6332FF3F3F3BB67DFF7FFF73B563B67D3F22FF7B1D5FC6183A
:20F581000000FF7B1D5FC6180000FF7B1D5FC6186332FF7B1D5FC618FF7FFF7B1D5FC61807
:20F5A1003F22FF7B1D5FC6180100040DFFFF014296047C02FFDC7FF96FBF73DB7EDC7FB949
:20F5C1006FBF73DA7EDC7FBF6F786B597EDD7B5E7B5B72F739FF77BB77376B915EDF73BA7B
:20F5E1006B595FD852FE7BFC6F786B9462FF77BB77376B915E7C04FF6332FF537F4F597EBC
:20F60100FF7FFF77D86B597E3F22FF7B5E6B6B2D0000FF7B5E6B6B2D0000FF7B5E6B6B2DE9
:20F621006332FF7B5E6B6B2DFF7FFF7B5E6B6B2D3F22FF7B5E6B6B2D0100040DFFFF014271
:20F6410096047C02FFDE7FFC77DF775D7FDE7FDC77DF775D7FDE7FDF77BB731C7FDE7BBE1B
:20F661007B1D7BDB5AFF7BDD7B9B73376FDF7BDC73BC6F5B67FF7FFE77BB73396FFF7BDD05
:20F681007B9B73376F7C04FF6332FF67BF671C7FFF7FFF7BDB731C7F3F22FF7F9F73945247
:20F6A1000000FF7F9F7394520000FF7F9F7394526332FF7F9F739452FF7FFF7F9F7394525E
:20F6C1003F22FF7F9F7394520100040DFFFF014296047C02FFFF7FFF7FFF7FFF7FFF7FFF73
:20F6E1007FFF7FFF7FFF7FFF7FFF7FFF7FFF7FFF7FFF7FFF7FFF7FFF7FFF7FFF7FFF7FFF29
:20F701007FFF7FFF7FFF7FFF7FFF7FFF7FFF7FFF7FFF7FFF7F7C04FF6332FF7FFF7FFF7FEF
:20F72100FF7FFF7FFF7FFF7F3F22FF7FFF7FFF7F0000FF7FFF7FFF7F0000FF7FFF7FFF7F01
:20F741006332FF7FFF7FFF7FFF7FFF7FFF7FFF7F3F22FF7FFF7FFF7F15FE0000FBFDFFFEBE
:20F761000000FBFEFF00140000FFFC35FFFC3200FFFC15FF03F8691CC50027030211A6499F
:20F781000012FC0B00120415FD1200FE010005001A017BB50000FFFF060100040DFFFF01B1
:20F7A1004296047C02FF787FAF575F5B347D787F4E535F5B3379787FBF6FB27E497DFF7FF0
:20F7C100787FAC46E630FF7FED675F57497D9F5F31476F2A2D19FD73D74FAC46E630FF6386
:20F7E100546BEB45C22C7C04FF6332FF0F9F0E4F7CFF7FFF678C4B4F7C3F22DF735C4600B6
:20F80100000000DF735C4600000000DF735C4600006332DF735C460000FF7FDF735C460004
:20F82100003F22DF735C4600000100040DFFFF014296047C02FF997FD25B7F5F957D997FBB
:20F84100715B7F5F947D997FDF6FD47EAB7DFF7F997FCF4E483DFF7FEF6B7F5BAB7D9F63F8
:20F86100534FB1368F25FE77D857CF4E483DFF67756F2E4E25397C04FF6332FF1FDF1AB203
:20F881007CFF7FFF6B8F53B27C3F22DF779C4E21040000DF779C4E21040000DF779C4E2167
:20F8A100046332DF779C4E2104FF7FDF779C4E21043F22DF779C4E21040100040DFFFF018F
:20F8C1004296047C02FF9A7FD4639F67F77D9A7F93639F67F67D9A7FDF73167F0E7EFF7F72
:20F8E1009A7F1157AB45FF7FF26F9F630E7EBF6B7557D342F231FE77FA5F1157AB45FF6B6B
:20F90100776F705688457C04FF6332FF2F1F27347DFF7FFF6FB25B347D3F22DF77DD56425E
:20F92100080000DF77DD5642080000DF77DD5642086332DF77DD564208FF7FDF77DD564267
:20F94100083F22DF77DD5642080100040DFFFF014296047C02FFBB7FD767BF6B797EBB7F2D
:20F961009667BF6B787EBB7FDF77387F727EFF7FBB7F345F0F52FF7FF573BF6B727EBF6F58
:20F98100975F164F553EFE7BFB67345F0F52FF6F9973D35EEC517C04FF6332FF3F3F3BB63F
:20F9A1007DFF7FFF73B563B67D3F22FF7B1D5FC6180000FF7B1D5FC6180000FF7B1D5FC6C9
:20F9C100186332FF7B1D5FC618FF7FFF7B1D5FC6183F22FF7B1D5FC6180100040DFFFF010D
:20F9E1004296047C02FFDC7FF96FBF73DB7EDC7FB96FBF73DA7EDC7FDF7B7A7FF67EFF7FB2
:20FA0100DC7F786B9462FF7FF877BF6FF67EDF73BA6B595FD852FE7BFC6F786B9462FF7796
:20FA2100BB77376B915E7C04FF6332FF537F4F597EFF7FFF77D86B597E3F22FF7B5E6B6BDA
:20FA41002D0000FF7B5E6B6B2D0000FF7B5E6B6B2D6332FF7B5E6B6B2DFF7FFF7B5E6B6B26
:20FA61002D3F22FF7B5E6B6B2D0100040DFFFF014296047C02FFDE7FFC77DF775D7FDE7F53
:20FA8100DC77DF775D7FDE7FFF7BBC7F7A7FFF7FDE7FBB73396FFF7FFC7BDF777A7FDF7B86
:20FAA100DC73BC6F5B67FF7FFE77BB73396FFF7BDD7B9B73376F7C04FF6332FF67BF671CFE
:20FAC1007FFF7FFF7BDB731C7F3F22FF7F9F7394520000FF7F9F7394520000FF7F9F739454
:20FAE100526332FF7F9F739452FF7FFF7F9F7394523F22FF7F9F7394520100040DFFFF01CC
:20FB01004296047C02FFFF7FFF7FFF7FFF7FFF7FFF7FFF7FFF7FFF7FFF7FFF7FFF7FFF7F25
:20FB2100FF7FFF7FFF7FFF7FFF7FFF7FFF7FFF7FFF7FFF7FFF7FFF7FFF7FFF7FFF7FFF7FE4
:20FB4100FF7FFF7FFF7F7C04FF6332FF7FFF7FFF7FFF7FFF7FFF7FFF7F3F22FF7FFF7FFF48
:20FB61007F0000FF7FFF7FFF7F0000FF7FFF7FFF7F6332FF7FFF7FFF7FFF7FFF7FFF7FFF89
:20FB81007F3F22FF7FFF7FFF7F15FE0000FBFDFFFE0000FBFEFF00140000FFFC35FFFC3299
:20FBA10000FFFC15FF03F8691CC50027030211E74D097FD815FD1200FF012DFB12000001C0
:20FBC10000040DFFFF014296047C02FF787FAF575F5B347D787F4E535F5B3379787FBF6F30
:20FBE100B27E497DFF7F787FAC46E630FF7FED675F57497D9F5F31476F2A2D19FD73D74F58
:20FC0100AC46E630FF63546BEB45C22C7C04FF6332FF0F9F0E4F7CFF7FFF678C4B4F7C3F3D
:20FC210022DF735C4600000000DF735C4600000000DF735C4600006332DF735C460000FF3D
:20FC41007FDF735C4600003F22DF735C4600000100040DFFFF014296047C02FF997FD25B2C
:20FC61007F5F957D997F715B7F5F947D997FDF6FD47EAB7DFF7F997FCF4E483DFF7FEF6BD0
:20FC81007F5BAB7D9F63534FB1368F25FE77D857CF4E483DFF67756F2E4E25397C04FF63D6
:20FCA10032FF1FDF1AB27CFF7FFF6B8F53B27C3F22DF779C4E21040000DF779C4E210400A9
:20FCC10000DF779C4E21046332DF779C4E2104FF7FDF779C4E21043F22DF779C4E2104011A
:20FCE10000040DFFFF014296047C02FF9A7FD4639F67F77D9A7F93639F67F67D9A7FDF73DD
:20FD0100167F0E7EFF7F9A7F1157AB45FF7FF26F9F630E7EBF6B7557D342F231FE77FA5F69
:20FD21001157AB45FF6B776F705688457C04FF6332FF2F1F27347DFF7FFF6FB25B347D3F65
:20FD410022DF77DD5642080000DF77DD5642080000DF77DD5642086332DF77DD564208FFA0
:20FD61007FDF77DD5642083F22DF77DD5642080100040DFFFF014296047C02FFBB7FD7671A
:20FD8100BF6B797EBB7F9667BF6B787EBB7FDF77387F727EFF7FBB7F345F0F52FF7FF57321
:20FDA100BF6B727EBF6F975F164F553EFE7BFB67345F0F52FF6F9973D35EEC517C04FF6373
:20FDC10032FF3F3F3BB67DFF7FFF73B563B67D3F22FF7B1D5FC6180000FF7B1D5FC61800C1
:20FDE10000FF7B1D5FC6186332FF7B1D5FC618FF7FFF7B1D5FC6183F22FF7B1D5FC618013D
:20FE010000040DFFFF014296047C02FFDC7FF96FBF73DB7EDC7FB96FBF73DA7EDC7FDF7B68
:20FE21007A7FF67EFF7FDC7F786B9462FF7FF877BF6FF67EDF73BA6B595FD852FE7BFC6FD6
:20FE4100786B9462FF77BB77376B915E7C04FF6332FF537F4F597EFF7FFF77D86B597E3F37
:20FE610022FF7B5E6B6B2D0000FF7B5E6B6B2D0000FF7B5E6B6B2D6332FF7B5E6B6B2DFF5F
:20FE81007FFF7B5E6B6B2D3F22FF7B5E6B6B2D0100040DFFFF014296047C02FFDE7FFC7791
:20FEA100DF775D7FDE7FDC77DF775D7FDE7FFF7BBC7F7A7FFF7FDE7FBB73396FFF7FFC7B7C
:20FEC100DF777A7FDF7BDC73BC6F5B67FF7FFE77BB73396FFF7BDD7B9B73376F7C04FF630B
:20FEE10032FF67BF671C7FFF7FFF7BDB731C7F3F22FF7F9F7394520000FF7F9F739452007A
:20FF010000FF7F9F7394526332FF7F9F739452FF7FFF7F9F7394523F22FF7F9F7394520193
:20FF210000040DFFFF014296047C02FFFF7FFF7FFF7FFF7FFF7FFF7FFF7FFF7FFF7FFF7F6B
:20FF4100FF7FFF7FFF7FFF7FFF7FFF7FFF7FFF7FFF7FFF7FFF7FFF7FFF7FFF7FFF7FFF7FC0
:20FF6100FF7FFF7FFF7FFF7FFF7FFF7F7C04FF6332FF7FFF7FFF7FFF7FFF7FFF7FFF7F3FC7
:20FF810022FF7FFF7FFF7F0000FF7FFF7FFF7F0000FF7FFF7FFF7F6332FF7FFF7FFF7FFFC2
:20FFA1007FFF7FFF7FFF7F3F22FF7FFF7FFF7F15FE0000FBFDFFFE0000FBFEFF0014000058
:1CFFC100FFFC35FFFC3200FFFC15FF03F8691CC50027030211A6490012FC0B002E
:020000040003F7
:2017FE000100020DFFFF014296047C02FFDD7FFC77DF775D7FFE77DC6B9A631657DF77BF27
:20181E00737C731567DE7B9E7BFD7ABB52FF7BDD7B7A73166BDF77DC739B6B3B63FF7BFDD6
:20183E0073BB73386FFF7BDD7B7A73166B7C04FF6332FF63BF63FC7EFF7FFF7BDB73FC7E30
:20185E003F22FF63BF63FC7E0000FF7BDB73FC7E0000FF7B9E73524A6332DB73FF7BFF7BCB
:20187E00FF7FFF7B9E73524A3F22FF7B9E73524A0100020DFFFF014296047C02FFBC7FD8A2
:20189E006FBF6FBA7EFE6FB957564B2F36DF6F7E67F96A4E52BC773E7B1A72B631FF73BA11
:2018BE007716674F5ADF73B9675857974AFE7BFC6B7767725AFF73BA7716674F5A7C04FF99
:2018DE006332FF4B7F47187EFF7FFF77D767187E3F22FF4B7F47187E0000FF77D767187E96
:2018FE000000FF7B3E6729256332D767FF77FF77FF7FFF7B3E6729253F22FF7B3E672925E5
:20191E000100020DFFFF014296047C02FFBB7FD5679F67387EFD6796471237891DBF6B5E57
:20193E005B765EA83D9B73FD765869121DFF6F9873B25AAA49BF6B765BF5461336FE77FA9E
:20195E005F335BCD4DFF6F9873B25AAA497C04FF6332FF373F33757DFF7FFF73B35F757D48
:20197E003F22FF373F33757D0000FF73B35F757D0000DF77FD5A84106332B35FFF73FF730C
:20199E00FF7FDF77FD5A84103F22DF77FD5A84100100020DFFFF014296047C02FF997FD276
:2019BE005F7F63B67DFD5F7437AF26050D9F631D53145624319A739C72D5608E0CFF6B76AC
:2019DE006F4F52463D9F675453B23AB025FE77D957F04E693DFF6B766F4F52463D7C04FF6D
:2019FE006332FF23DF1ED27CFF7FFF6F9053D27C3F22FF23DF1ED27C0000FF6F9053D27C3D
:201A1E000000DF779D52210463329053FF6FFF6FFF7FDF779D5221043F22DF779D52210437
:201A3E000100020DFFFF014296047C02FF787FB0577F5B547DFC5B512B6C1AA3049F5FFD7C
:201A5E0046B14DC124786F5C7253582A04FF63546BEC45C3309F5F31476F2E4D19FD73D7AC
:201A7E004FAD46E634FF63546BEC45C3307C04FF6332FF139F0E707CFF7FFF6B8D4B707C3C
:201A9E003F22FF139F0E707C0000FF6B8D4B707C0000DF735C46000063328D4BFF6BFF6BB9
:201ABE00FF7FDF735C4600003F22DF735C4600000100020DFFFF014296047C02FF577FAD56
:201ADE004F5F53F27CFC532F1F290E61007F57BC3E6F458018576B1B6E10500700FF5F32E6
:201AFE0067A93D81247F5B0F3F2D22EB10FD73D6476A3EA428FF5F3267A93D81247C04FF62
:201B1E006332FF035F020D7CFF7FFF636A430D7C3F22FF035F020D7C0000FF636A430D7C2B
:201B3E000000DF731B3E000063326A43FF63FF63FF7FDF731B3E00003F22DF731B3E0000A1
:201B5E000B000100020DFFFF014296047C02FFDD7FFC77DF775D7FDD7FDB77DF775C7FDF35
:201B7E0077BF737C731567DE7B9E7BFD7ABB52FF7BDD7B7A73166BDF77DC739B6B3B63FFB5
:201B9E007BFD73BB73386FFF7BDD7B7A73166B7C04FF6332FF63BF63FC7EFF7FFF7BDB73CF
:201BBE00FC7E3F22FF7B9E73524A0000FF7B9E73524A0000FF7B9E73524A6332FF7B9E7397
:201BDE00524AFF7FFF7B9E73524A3F22FF7B9E73524A0100020DFFFF014296047C02FFBCFA
:201BFE007FD86FBF6FBA7EBC7FB86FBF6FBA7EDF6F7E67F96A4E52BC773E7B1A72B631FF3F
:201C1E0073BA7716674F5ADF73B9675857974AFE7BFC6B7767725AFF73BA7716674F5A7C0B
:201C3E0004FF6332FF4B7F47187EFF7FFF77D767187E3F22FF7B3E6729250000FF7B3E6793
:201C5E0029250000FF7B3E6729256332FF7B3E672925FF7FFF7B3E6729253F22FF7B3E673E
:201C7E0029250100020DFFFF014296047C02FFBB7FD5679F67387EBB7F94679F67377EBFAF
:201C9E006B5E5B765EA83D9B73FD765869121DFF6F9873B25AAA49BF6B765BF5461336FEE3
:201CBE0077FA5F335BCD4DFF6F9873B25AAA497C04FF6332FF373F33757DFF7FFF73B35F66
:201CDE00757D3F22DF77FD5A84100000DF77FD5A84100000DF77FD5A84106332DF77FD5A8E
:201CFE008410FF7FDF77FD5A84103F22DF77FD5A84100100020DFFFF014296047C02FF99D0
:201D1E007FD25F7F63B67D997F715F7F63B57D9F631D53145624319A739C72D5608E0CFFCA
:201D3E006B766F4F52463D9F675453B23AB025FE77D957F04E693DFF6B766F4F52463D7C2B
:201D5E0004FF6332FF23DF1ED27CFF7FFF6F9053D27C3F22DF779D5221040000DF779D5233
:201D7E0021040000DF779D5221046332DF779D522104FF7FDF779D5221043F22DF779D5229
:201D9E0021040100020DFFFF014296047C02FF787FB0577F5B547D787F4F577F5B537D9F09
:201DBE005FFD46B14DC124786F5C7253582A04FF63546BEC45C3309F5F31476F2E4D19FD37
:201DDE0073D74FAD46E634FF63546BEC45C3307C04FF6332FF139F0E707CFF7FFF6B8D4B7B
:201DFE00707C3F22DF735C4600000000DF735C4600000000DF735C4600006332DF735C4613
:201E1E000000FF7FDF735C4600003F22DF735C4600000100020DFFFF014296047C02FF571E
:201E3E007FAD4F5F53F27C577F2C4F5F53F1787F57BC3E6F458018576B1B6E10500700FFB0
:201E5E005F3267A93D81247F5B0F3F2D22EB10FD73D6476A3EA428FF5F3267A93D81247C70
:201E7E0004FF6332FF035F020D7CFF7FFF636A430D7C3F22DF731B3E00000000DF731B3EF3
:201E9E0000000000DF731B3E00006332DF731B3E0000FF7FDF731B3E00003F22DF731B3E04
:201EBE0000000B000100020DFFFF014296047C02FFDD7FFC77DF775D7FDD7FDB77DF775C30
:201EDE007FDD7FDF77BB73FC7EDE7B9E7BFD7ABB52FF7BDD7B7A73166BDF77DC739B6B3BEF
:201EFE0063FF7BFD73BB73386FFF7BDD7B7A73166B7C04FF6332FF63BF63FC7EFF7FFF7B58
:201F1E00DB73FC7E3F22FF7B9E73524A0000FF7B9E73524A0000FF7B9E73524A6332FF7BF6
:201F3E009E73524AFF7FFF7B9E73524A3F22FF7B9E73524A0100020DFFFF014296047C0240
:201F5E00FFBC7FD86FBF6FBA7EBC7FB86FBF6FBA7EBC7FBF6F7767187EBC773E7B1A72B6A9
:201F7E0031FF73BA7716674F5ADF73B9675857974AFE7BFC6B7767725AFF73BA7716674F4E
:201F9E005A7C04FF6332FF4B7F47187EFF7FFF77D767187E3F22FF7B3E6729250000FF7BFF
:201FBE003E6729250000FF7B3E6729256332FF7B3E672925FF7FFF7B3E6729253F22FF7BDB
:201FDE003E6729250100020DFFFF014296047C02FFBB7FD5679F67387EBB7F94679F6737E4
:201FFE007EBB7F9F67335B757D9B73FD765869121DFF6F9873B25AAA49BF6B765BF5461353
:20201E0036FE77FA5F335BCD4DFF6F9873B25AAA497C04FF6332FF373F33757DFF7FFF73E0
:20203E00B35F757D3F22DF77FD5A84100000DF77FD5A84100000DF77FD5A84106332DF776F
:20205E00FD5A8410FF7FDF77FD5A84103F22DF77FD5A84100100020DFFFF014296047C02AD
:20207E00FF997FD25F7F63B67D997F715F7F63B57D997F7F5FF04ED27C9A739C72D5608E89
:20209E000CFF6B766F4F52463D9F675453B23AB025FE77D957F04E693DFF6B766F4F524676
:2020BE003D7C04FF6332FF23DF1ED27CFF7FFF6F9053D27C3F22DF779D5221040000DF7706
:2020DE009D5221040000DF779D5221046332DF779D522104FF7FDF779D5221043F22DF77C6
:2020FE009D5221040100020DFFFF014296047C02FF787FB0577F5B547D787F4F577F5B53D3
:20211E007D787F5F57AD46707C786F5C7253582A04FF63546BEC45C3309F5F31476F2E4D65
:20213E0019FD73D74FAD46E634FF63546BEC45C3307C04FF6332FF139F0E707CFF7FFF6BD9
:20215E008D4B707C3F22DF735C4600000000DF735C4600000000DF735C4600006332DF7379
:20217E005C460000FF7FDF735C4600003F22DF735C4600000100020DFFFF014296047C026F
:20219E00FF577FAD4F5F53F27C577F2C4F5F53F178577F3F4F6A3E0D7C576B1B6E1050077D
:2021BE0000FF5F3267A93D81247F5B0F3F2D22EB10FD73D6476A3EA428FF5F3267A93D81AE
:2021DE00247C04FF6332FF035F020D7CFF7FFF636A430D7C3F22DF731B3E00000000DF7349
:2021FE001B3E00000000DF731B3E00006332DF731B3E0000FF7FDF731B3E00003F22DF73A1
:20221E001B3E00000B000100020DFFFF014296047C02FFFF7BFD73BB73386FFE77DC6B9ABF
:20223E00631657DF77BF737C731567DE7B9E7BFD7ABB52FF7BDD7B7A73166BDF77DC739B47
:20225E006B3B63FF7BFD73BB73386FFF7BDD7B7A73166B7C04FF6332FF63BF63FC7EFF7FC8
:20227E00FF7B9E73524A3F22FF7B9E73524A0000FF7B9E73524A0000FF7B9E73524A6332AE
:20229E00FF7B9E73524AFF7FFF7B9E73524A3F22FF7B9E73524A0100020DFFFF01429604E1
:2022BE007C02FFFE7BFC6B7767725AFE6FB957564B2F36DF6F7E67F96A4E52BC773E7B1A3A
:2022DE0072B631FF73BA7716674F5ADF73B9675857974AFE7BFC6B7767725AFF73BA771679
:2022FE00674F5A7C04FF6332FF4B7F47187EFF7FFF7B3E6729253F22FF7B3E67292500003D
:20231E00FF7B3E6729250000FF7B3E6729256332FF7B3E672925FF7FFF7B3E6729253F2277
:20233E00FF7B3E6729250100020DFFFF014296047C02FFFE77FA5F335BCD4DFD67964712E1
:20235E0037891DBF6B5E5B765EA83D9B73FD765869121DFF6F9873B25AAA49BF6B765BF50D
:20237E00461336FE77FA5F335BCD4DFF6F9873B25AAA497C04FF6332FF373F33757DFF7F96
:20239E00DF77FD5A84103F22DF77FD5A84100000DF77FD5A84100000DF77FD5A8410633225
:2023BE00DF77FD5A8410FF7FDF77FD5A84103F22DF77FD5A84100100020DFFFF0142960472
:2023DE007C02FFFE77D957F04E693DFD5F7437AF26050D9F631D53145624319A739C72D5CA
:2023FE00608E0CFF6B766F4F52463D9F675453B23AB025FE77D957F04E693DFF6B766F4FBD
:20241E0052463D7C04FF6332FF23DF1ED27CFF7FDF779D5221043F22DF779D522104000095
:20243E00DF779D5221040000DF779D5221046332DF779D522104FF7FDF779D5221043F2262
:20245E00DF779D5221040100020DFFFF014296047C02FFFD73D74FAD46E634FC5B512B6CAA
:20247E001AA3049F5FFD46B14DC124786F5C7253582A04FF63546BEC45C3309F5F31476FA1
:20249E002E4D19FD73D74FAD46E634FF63546BEC45C3307C04FF6332FF139F0E707CFF7F65
:2024BE00DF735C4600003F22DF735C4600000000DF735C4600000000DF735C460000633238
:2024DE00DF735C460000FF7FDF735C4600003F22DF735C4600000100020DFFFF0142960438
:2024FE007C02FFFD73D6476A3EA428FC532F1F290E61007F57BC3E6F458018576B1B6E1094
:20251E00500700FF5F3267A93D81247F5B0F3F2D22EB10FD73D6476A3EA428FF5F3267A9B1
:20253E003D81247C04FF6332FF035F020D7CFF7FDF731B3E00003F22DF731B3E0000000066
:20255E00DF731B3E00000000DF731B3E00006332DF731B3E0000FF7FDF731B3E00003F223D
:20257E00DF731B3E00000B000100020DFFFF014296047C02FFDD7FFC77DF775D7FDD7FDBE7
:20259E0077DF775C7FDD7FFF7BBC7F597FFF7FDD7FBB73386FFF7FFB7BDF77597FDF77DC89
:2025BE00739B6B3B63FF7BFD73BB73386FFF7BDD7B7A73166B7C04FF6332FF63BF63FC7ED5
:2025DE00FF7FFF7BDB73FC7E3F22FF7B9E73524A0000FF7B9E73524A0000FF7B9E73524A47
:2025FE006332FF7B9E73524AFF7FFF7B9E73524A3F22FF7B9E73524A0100020DFFFF014283
:20261E0096047C02FFBC7FD86FBF6FBA7EBC7FB86FBF6FBA7EBC7FDF77797FB47EFF7FBCE0
:20263E007F7767725AFF7FF777BF6FB47EDF73B9675857974AFE7BFC6B7767725AFF73BA4F
:20265E007716674F5A7C04FF6332FF4B7F47187EFF7FFF77D767187E3F22FF7B3E6729256F
:20267E000000FF7B3E6729250000FF7B3E6729256332FF7B3E672925FF7FFF7B3E67292575
:20269E003F22FF7B3E6729250100020DFFFF014296047C02FFBB7FD5679F67387EBB7F94E6
:2026BE00679F67377EBB7FDF73377F307EFF7FBB7F335BCD4DFF7FF4739F67307EBF6B7651
:2026DE005BF5461336FE77FA5F335BCD4DFF6F9873B25AAA497C04FF6332FF373F33757D61
:2026FE00FF7FFF73B35F757D3F22DF77FD5A84100000DF77FD5A84100000DF77FD5A8410A4
:20271E006332DF77FD5A8410FF7FDF77FD5A84103F22DF77FD5A84100100020DFFFF014213
:20273E0096047C02FF997FD25F7F63B67D997F715F7F63B57D997FDF73F47ECC7DFF7F99CE
:20275E007FF04E693DFF7FF06B7F5FCC7D9F675453B23AB025FE77D957F04E693DFF6B7621
:20277E006F4F52463D7C04FF6332FF23DF1ED27CFF7FFF6F9053D27C3F22DF779D5221043F
:20279E000000DF779D5221040000DF779D5221046332DF779D522104FF7FDF779D52210460
:2027BE003F22DF779D5221040100020DFFFF014296047C02FF787FB0577F5B547D787F4FD9
:2027DE00577F5B537D787FBF6FB27E497DFF7F787FAD46E634FF7FED675F57497D9F5F31C0
:2027FE00476F2E4D19FD73D74FAD46E634FF63546BEC45C3307C04FF6332FF139F0E707CCA
:20281E00FF7FFF6B8D4B707C3F22DF735C4600000000DF735C4600000000DF735C460000B1
:20283E006332DF735C460000FF7FDF735C4600003F22DF735C4600000100020DFFFF0142D9
:20285E0096047C02FF577FAD4F5F53F27C577F2C4F5F53F178577FBF6B707E077DFF7F579E
:20287E007F6A3EA428FF7FEA633F4F077D7F5B0F3F2D22EB10FD73D6476A3EA428FF5F3267
:20289E0067A93D81247C04FF6332FF035F020D7CFF7FFF636A430D7C3F22DF731B3E000006
:2028BE000000DF731B3E00000000DF731B3E00006332DF731B3E0000FF7FDF731B3E00003B
:2028DE003F22DF731B3E00000B000100020DFFFF014296047C02FF787FB0577F5B547D783A
:2028FE007F4F577F5B537D9F5FFD46B14DC124786F5C7253582A04FF63546BEC45C3309F55
:20291E005F31476F2E4D19FD73D74FAD46E634FF63546BEC45C3307C04FF6332FF139F0E04
:20293E00707CFF7FFF6B8D4B707C3F22DF735C4600000000DF735C4600000000DF735C46A4
:20295E0000006332DF735C460000FF7FDF735C4600003F22DF735C4600000100020DFFFFFB
:20297E00014296047C02FF997FD25F7F63B67D997F715F7F63B57D9F631D53145624319ABA
:20299E00739C72D5608E0CFF6B766F4F52463D9F675453B23AB025FE77D957F04E693DFF60
:2029BE006B766F4F52463D7C04FF6332FF23DF1ED27CFF7FFF6F9053D27C3F22DF779D5241
:2029DE0021040000DF779D5221040000DF779D5221046332DF779D522104FF7FDF779D521E
:2029FE0021043F22DF779D5221040100020DFFFF014296047C02FFBB7FD5679F67387EBB74
:202A1E007F94679F67377EBF6B5E5B765EA83D9B73FD765869121DFF6F9873B25AAA49BF1F
:202A3E006B765BF5461336FE77FA5F335BCD4DFF6F9873B25AAA497C04FF6332FF373F330E
:202A5E00757DFF7FFF73B35F757D3F22DF77FD5A84100000DF77FD5A84100000DF77FD5AE2
:202A7E0084106332DF77FD5A8410FF7FDF77FD5A84103F22DF77FD5A84100100020DFFFF5F
:202A9E00014296047C02FFBC7FD86FBF6FBA7EBC7FB86FBF6FBA7EDF6F7E67F96A4E52BC1C
:202ABE00773E7B1A72B631FF73BA7716674F5ADF73B9675857974AFE7BFC6B7767725AFF01
:202ADE0073BA7716674F5A7C04FF6332FF4B7F47187EFF7FFF77D767187E3F22FF7B3E670C
:202AFE0029250000FF7B3E6729250000FF7B3E6729256332FF7B3E672925FF7FFF7B3E67F1
:202B1E0029253F22FF7B3E6729250100020DFFFF014296047C02FFDD7FFC77DF775D7FDD35
:202B3E007FDB77DF775C7FDF77BF737C731567DE7B9E7BFD7ABB52FF7BDD7B7A73166BDF6D
:202B5E0077DC739B6B3B63FF7BFD73BB73386FFF7BDD7B7A73166B7C04FF6332FF63BF6356
:202B7E00FC7EFF7FFF7BDB73FC7E3F22FF7B9E73524A0000FF7B9E73524A0000FF7B9E73C3
:202B9E00524A6332FF7B9E73524AFF7FFF7B9E73524A3F22FF7B9E73524A0100020DFFFF84
:202BBE00014296047C02FFFF7FFF7FFF7FFF7FFF7FFF7FFF7FFF7FFF7FFF7FFF7FFF7FFFB6
:202BDE007FFF7FFF7FFF7FFF7FFF7FFF7FFF7FFF7FFF7FFF7FFF7FFF7FFF7FFF7FFF7FFFF7
:202BFE007FFF7FFF7FFF7F7C04FF6332FF7FFF7FFF7FFF7FFF7FFF7FFF7F3F22FF7FFF7FDB
:202C1E00FF7F0000FF7FFF7FFF7F0000FF7FFF7FFF7F6332FF7FFF7FFF7FFF7FFF7FFF7F9B
:202C3E00FF7F3F22FF7FFF7FFF7F0B000100020DFFFF014296047C02FF787FB0577F5B547E
:202C5E007D787F4F577F5B537D787F5F57AD46707C786F5C7253582A04FF63546BEC45C363
:202C7E00309F5F31476F2E4D19FD73D74FAD46E634FF63546BEC45C3307C04FF6332FF137F
:202C9E009F0E707CFF7FFF6B8D4B707C3F22DF735C4600000000DF735C4600000000DF7336
:202CBE005C4600006332DF735C460000FF7FDF735C4600003F22DF735C4600000100020DF4
:202CDE00FFFF014296047C02FF997FD25F7F63B67D997F715F7F63B57D997F7F5FF04ED21E
:202CFE007C9A739C72D5608E0CFF6B766F4F52463D9F675453B23AB025FE77D957F04E6923
:202D1E003DFF6B766F4F52463D7C04FF6332FF23DF1ED27CFF7FFF6F9053D27C3F22DF7790
:202D3E009D5221040000DF779D5221040000DF779D5221046332DF779D522104FF7FDF77BA
:202D5E009D5221043F22DF779D5221040100020DFFFF014296047C02FFBB7FD5679F67385A
:202D7E007EBB7F94679F67377EBB7F9F67335B757D9B73FD765869121DFF6F9873B25AAA67
:202D9E0049BF6B765BF5461336FE77FA5F335BCD4DFF6F9873B25AAA497C04FF6332FF3715
:202DBE003F33757DFF7FFF73B35F757D3F22DF77FD5A84100000DF77FD5A84100000DF7764
:202DDE00FD5A84106332DF77FD5A8410FF7FDF77FD5A84103F22DF77FD5A84100100020DA3
:202DFE00FFFF014296047C02FFBC7FD86FBF6FBA7EBC7FB86FBF6FBA7EBC7FBF6F7767184E
:202E1E007EBC773E7B1A72B631FF73BA7716674F5ADF73B9675857974AFE7BFC6B776772BC
:202E3E005AFF73BA7716674F5A7C04FF6332FF4B7F47187EFF7FFF77D767187E3F22FF7BF4
:202E5E003E6729250000FF7B3E6729250000FF7B3E6729256332FF7B3E672925FF7FFF7B8D
:202E7E003E6729253F22FF7B3E6729250100020DFFFF014296047C02FFDD7FFC77DF775D89
:202E9E007FDD7FDB77DF775C7FDD7FDF77BB73FC7EDE7B9E7BFD7ABB52FF7BDD7B7A731691
:202EBE006BDF77DC739B6B3B63FF7BFD73BB73386FFF7BDD7B7A73166B7C04FF6332FF63CB
:202EDE00BF63FC7EFF7FFF7BDB73FC7E3F22FF7B9E73524A0000FF7B9E73524A0000FF7B4F
:202EFE009E73524A6332FF7B9E73524AFF7FFF7B9E73524A3F22FF7B9E73524A0100020D0E
:202F1E00FFFF014296047C02FFFF7FFF7FFF7FFF7FFF7FFF7FFF7FFF7FFF7FFF7FFF7FFFD2
:202F3E007FFF7FFF7FFF7FFF7FFF7FFF7FFF7FFF7FFF7FFF7FFF7FFF7FFF7FFF7FFF7FFF93
:202F5E007FFF7FFF7FFF7FFF7F7C04FF6332FF7FFF7FFF7FFF7FFF7FFF7FFF7F3F22FF7F77
:202F7E00FF7FFF7F0000FF7FFF7FFF7F0000FF7FFF7FFF7F6332FF7FFF7FFF7FFF7FFF7F38
:202F9E00FF7FFF7F3F22FF7FFF7FFF7F0B000100020DFFFF014296047C02FFFD73D74FAD86
:202FBE0046E634FC5B512B6C1AA3049F5FFD46B14DC124786F5C7253582A04FF63546BECD4
:202FDE0045C3309F5F31476F2E4D19FD73D74FAD46E634FF63546BEC45C3307C04FF633226
:202FFE00FF139F0E707CFF7FDF735C4600003F22DF735C4600000000DF735C46000000004D
:20301E00DF735C4600006332DF735C460000FF7FDF735C4600003F22DF735C46000001004D
:20303E00020DFFFF014296047C02FFFE77D957F04E693DFD5F7437AF26050D9F631D53140E
:20305E005624319A739C72D5608E0CFF6B766F4F52463D9F675453B23AB025FE77D957F047
:20307E004E693DFF6B766F4F52463D7C04FF6332FF23DF1ED27CFF7FDF779D5221043F2201
:20309E00DF779D5221040000DF779D5221040000DF779D5221046332DF779D522104FF7F57
:2030BE00DF779D5221043F22DF779D5221040100020DFFFF014296047C02FFFE77FA5F3354
:2030DE005BCD4DFD6796471237891DBF6B5E5B765EA83D9B73FD765869121DFF6F9873B2F5
:2030FE005AAA49BF6B765BF5461336FE77FA5F335BCD4DFF6F9873B25AAA497C04FF6332E4
:20311E00FF373F33757DFF7FDF77FD5A84103F22DF77FD5A84100000DF77FD5A8410000055
:20313E00DF77FD5A84106332DF77FD5A8410FF7FDF77FD5A84103F22DF77FD5A84100100F8
:20315E00020DFFFF014296047C02FFFE7BFC6B7767725AFE6FB957564B2F36DF6F7E67F9B1
:20317E006A4E52BC773E7B1A72B631FF73BA7716674F5ADF73B9675857974AFE7BFC6B77A6
:20319E0067725AFF73BA7716674F5A7C04FF6332FF4B7F47187EFF7FFF7B3E6729253F220F
:2031BE00FF7B3E6729250000FF7B3E6729250000FF7B3E6729256332FF7B3E672925FF7F2A
:2031DE00FF7B3E6729253F22FF7B3E6729250100020DFFFF014296047C02FFFF7BFD73BB89
:2031FE0073386FFE77DC6B9A631657DF77BF737C731567DE7B9E7BFD7ABB52FF7BDD7B7A3C
:20321E0073166BDF77DC739B6B3B63FF7BFD73BB73386FFF7BDD7B7A73166B7C04FF633240
:20323E00FF63BF63FC7EFF7FFF7B9E73524A3F22FF7B9E73524A0000FF7B9E73524A00001E
:20325E00FF7B9E73524A6332FF7B9E73524AFF7FFF7B9E73524A3F22FF7B9E73524A01003F
:20327E00020DFFFF014296047C02FFFF7FFF7FFF7FFF7FFF7FFF7FFF7FFF7FFF7FFF7FFFDE
:20329E007FFF7FFF7FFF7FFF7FFF7FFF7FFF7FFF7FFF7FFF7FFF7FFF7FFF7FFF7FFF7FFF30
:2032BE007FFF7FFF7FFF7FFF7FFF7F7C04FF6332FF7FFF7FFF7FFF7FFF7FFF7FFF7F3F2214
:2032DE00FF7FFF7FFF7F0000FF7FFF7FFF7F0000FF7FFF7FFF7F6332FF7FFF7FFF7FFF7FD5
:2032FE00FF7FFF7FFF7F3F22FF7FFF7FFF7F0B000100020DFFFF014296047C02FF787FB041
:20331E00577F5B547D787F4F577F5B537D787FBF6FB27E497DFF7F787FAD46E634FF7FED3E
:20333E00675F57497D9F5F31476F2E4D19FD73D74FAD46E634FF63546BEC45C3307C04FFAC
:20335E006332FF139F0E707CFF7FFF6B8D4B707C3F22DF735C4600000000DF735C4600001A
:20337E000000DF735C4600006332DF735C460000FF7FDF735C4600003F22DF735C460000EB
:20339E000100020DFFFF014296047C02FF997FD25F7F63B67D997F715F7F63B57D997FDF56
:2033BE0073F47ECC7DFF7F997FF04E693DFF7FF06B7F5FCC7D9F675453B23AB025FE77D98B
:2033DE0057F04E693DFF6B766F4F52463D7C04FF6332FF23DF1ED27CFF7FFF6F9053D27C83
:2033FE003F22DF779D5221040000DF779D5221040000DF779D5221046332DF779D52210411
:20341E00FF7FDF779D5221043F22DF779D5221040100020DFFFF014296047C02FFBB7FD564
:20343E00679F67387EBB7F94679F67377EBB7FDF73377F307EFF7FBB7F335BCD4DFF7FF499
:20345E00739F67307EBF6B765BF5461336FE77FA5F335BCD4DFF6F9873B25AAA497C04FF3B
:20347E006332FF373F33757DFF7FFF73B35F757D3F22DF77FD5A84100000DF77FD5A841028
:20349E000000DF77FD5A84106332DF77FD5A8410FF7FDF77FD5A84103F22DF77FD5A841096
:2034BE000100020DFFFF014296047C02FFBC7FD86FBF6FBA7EBC7FB86FBF6FBA7EBC7FDFBC
:2034DE0077797FB47EFF7FBC7F7767725AFF7FF777BF6FB47EDF73B9675857974AFE7BFC07
:2034FE006B7767725AFF73BA7716674F5A7C04FF6332FF4B7F47187EFF7FFF77D767187E4E
:20351E003F22FF7B3E6729250000FF7B3E6729250000FF7B3E6729256332FF7B3E672925E3
:20353E00FF7FFF7B3E6729253F22FF7B3E6729250100020DFFFF014296047C02FFDD7FFCF4
:20355E0077DF775D7FDD7FDB77DF775C7FDD7FFF7BBC7F597FFF7FDD7FBB73386FFF7FFBB4
:20357E007BDF77597FDF77DC739B6B3B63FF7BFD73BB73386FFF7BDD7B7A73166B7C04FFBD
:20359E006332FF63BF63FC7EFF7FFF7BDB73FC7E3F22FF7B9E73524A0000FF7B9E73524A0B
:2035BE000000FF7B9E73524A6332FF7B9E73524AFF7FFF7B9E73524A3F22FF7B9E73524ADD
:2035DE000100020DFFFF014296047C02FFFF7FFF7FFF7FFF7FFF7FFF7FFF7FFF7FFF7FFFF8
:2035FE007FFF7FFF7FFF7FFF7FFF7FFF7FFF7FFF7FFF7FFF7FFF7FFF7FFF7FFF7FFF7FFFCD
:20361E007FFF7FFF7FFF7FFF7FFF7FFF7F7C04FF6332FF7FFF7FFF7FFF7FFF7FFF7FFF7F93
:20363E003F22FF7FFF7FFF7F0000FF7FFF7FFF7F0000FF7FFF7FFF7F6332FF7FFF7FFF7F8E
:12365E00FF7FFF7FFF7FFF7F3F22FF7FFF7FFF7F0B007C
:020000040004F6
:0A4F3B00554F5911045304100B00E8
:020000040001F9
:1BAE5B0015FFFFF86984DA0015FEB004F84986DA0015FF01F86985DA000B00C2
:020000040004F6
:144F45005575790F035383200B00556D1110015381800B00BF
:020000040000FA
:10056400000480000111E74D100F04F57F1071663F
:020000040003F7
:2073E10015FEF401F84961DA0015FE7017F84963DA0015FE7017F84965DA0015FEA00FF81C
:207401004967DA0015FE0003F84969DA0015FE0003F8496BDA0015FE0003F8496DDA0015F8
:20742100FEA438F8496FDA0015FEB004F84971DA0015FEF401F84973DA0015FE803EF849EC
:2074410075DA0015FE0000F8494ADB0015FE0000F84997C60015FE0000F84999C60015FEEC
:207461000000F8499AC60015FE0000F84998C60015FE0000F8499BC60015FE0000F8499C13
:20748100C60015FE0000F8499DC60015FE0000F8499EC60015FE0100F8499FC60015FE06E3
:2074A10000F849A0C60015FE0000F849A1C60015FE0000F849A2C60015FE0000F849A3C6F0
:2074C1000015FE0000F849A4C60015FE0000F849A9C60015FE0100F849A7C60015FE010054
:2074E100F849A8C60015FE0000F849A5C60015FE0000F849A6C60015FE0000F84977DA00B8
:2075010015FE0300F84978DA0015FE0000F84979DA0015FE0800F8497ADA0015FE0800F857
:20752100497BDA0015FE0000F8497CDA0015FE0100F8497EDA0015FE0000F8497FDA001593
:20754100FE0000F84980DA0015FE0600F84982DA0015FE0000F84983DA0015FEFF00F849D7
:2075610084DA0015FE0100F84985DA0015FEB004F84986DA0015FEF401F84988DA0015FED2
:207581000100F8498ADA0015FEB80BF8498BDA0015FE0100F8498DDA0015FE0100F8498E29
:2075A100DA0015FED000F8498FDA0015FE0000F84991DA0015FEDC05F84992DA0015FE00F0
:2075C10000F84994DA0015FE0000F84995DA0015FE0000F84996DA0015FE0000F84997DAAF
:2075E1000015FE0000F84998DA0015FE9001F84999DA0015FE0800F8499BDA0015FE010087
:10760100F8499CDA0015FE0400F8499DDA000B00E8
:020000040000FA
:017FFE000082
:020000040003F7
:2036700012051A0077A9000000130115F97504FFF9754EDBFE00012A2B0023FFFF0201142C
:203690000000FFFB83FFFB13FFFCFFFF15FDFFFFFB000000140000FFFB840011FFFB3F04AC
:2036B00000FFFB15FD0000FBFCFF00140000FFFB75FFFB660402739F0615FF00F86997C625
:2036D0000015FF00F8699BC60015FF00F8699CC60015FF00F8699DC60015FF00F8699EC67C
:2036F0000015FF00F869A5C600140000FFFB3AFFFB15FDFCFFFDFDFFFE0000FE010000860F
:20371000FFFEFFF780FFFC01020415FF00F86997C60015FF00F8699BC60015FF00F8699C6B
:20373000C60015FF00F8699DC60015FF00F8699EC60015FF00F869A5C600140006FFFF0DFD
:20375000FFFF00429604140000FFFB83FFFB13FFFCFFFF15FDFFFFFB0000001A00778600C6
:2037700000001306140000FFFB840000FFFB3F0400FFFB097795140000FFFB840010FFFBA6
:203790003F0400FFFB15FD0000FBFCFF00140000FFFB75FFFB0009795B15F97504FFF97586
:2037B0004EDBFE00012A2B0023FFFF0201140000FFFB83FFFB13FFFCFFFF15FDFFFFFB00B6
:2037D00000001A00780800000001011A0077F60000000106140000FFFB840007FFFB3F04D9
:2037F00000FFFB097805140000FFFB840009FFFB3F0400FFFB0978321A00782300000002FD
:2038100006140000FFFB840007FFFB3F0400FFFB097832140000FFFB84000FFFFB3F040031
:20383000FFFB15FD0000FBFCFF00140000FFFB75FFFB660402739F0615FF00F86997C600A3
:2038500015FF00F8699BC60015FF00F8699CC60015FF00F8699DC60015FF00F8699EC600FA
:2038700015FF00F869A5C600140000FFFB3AFFFB15FDFCFFFDFDFFFE0000FE01000086FF8E
:20389000FEFFF780FFFC01020415FF00F86997C60015FF00F8699BC60015FF00F8699CC623
:2038B0000015FF00F8699DC60015FF00F8699EC60015FF00F869A5C600140006FFFF0DFF43
:2038D000FF00429604140000FFFB83FFFB13FFFCFFFF15FDFFFFFB0000001A0079200000A8
:2038F0000001011A00790E0000000106140000FFFB840000FFFB3F0400FFFB09791D140092
:2039100000FFFB840008FFFB3F0400FFFB09794A1A00793B0000000206140000FFFB8400A6
:2039300000FFFB3F0400FFFB09794A140000FFFB84000EFFFB3F0400FFFB15FD0000FBFC94
:0C395000FF00140000FFFB75FFFB0000EF
:20F5790012051815F96934C6FBFFFF0015FDFFFFFF2026001A01760E0000FFFF061A007552
:20F59900D60000000201140000FFFB83FFFB13FFFCFFFF15FDFFFFFB000000140000FFFBC9
:20F5B90084000EFFFB3F0400FFFB15FD0000FBFCFF00140000FFFB75FFFB09760A14000047
:20F5D900FFFB83FFFB13FFFCFFFF15FDFFFFFB000000140000FFFB840000FFFB3F0400FFB6
:20F5F900FB15FD0000FBFCFF00140000FFFB75FFFB000976C915F97504FFF9754EDBFE000F
:20F61900012A2B0023FFFF02011A0076620000000201140000FFFB83FFFB13FFFCFFFF15B6
:20F63900FDFFFFFB000000140000FFFB84000FFFFB3F0400FFFB15FD0000FBFCFF001400C7
:20F6590000FFFB75FFFB097696140000FFFB83FFFB13FFFCFFFF15FDFFFFFB00000014005D
:20F6790000FFFB840007FFFB3F0400FFFB15FD0000FBFCFF00140000FFFB75FFFB660402C4
:20F69900739F06140000FFFB3AFFFB15FDFCFFFDFDFFFE0000FE01000086FFFEFFF780FFFC
:14F6B900FC000204140009FFFF0DFFFF0042960409757B0040
:020000040004F6
:202D110012046608027FA506400001010303020201526573756D650A020145786974004746
:202D31000301040A000045FD120A45FF0E0A41FF00440301480202000F01010102000201CB
:202D5100020102010045FE120A44030145FD120015FD0F00FE010001001A016DA80000FF11
:202D7100FF0615FF03F86906C600570115FE0000FBFDFFFE0000FBFEFF00140000FFFC355D
:182D9100FFFC3200FFFC15FF03F8691CC50027030211E74D096DA8001A
:020000040002F8
:20FC330012044000486F77206D7563682048503F0A2844656661756C7420697320332900FA
:20FC53004700010414000045FD120045FD0E004E010513010141FF0044070145FD12004400
:20FC7300030101000001000015F94956C8FBFEFF0015F94958C8FBFFFF0015FF00FF00FF7C
:20FC930014FF12FF00FDFEFFFE08002F4DFF00FDFFFFFE08002F4D004CFFFA020815FF00D2
:20FCB300F8754CDB0045FD0000400001010307033303090334030B0335030D0336004702BE
:20FCD300010312010145FD000041FF00440301480402005405020002000007020103000077
:20FCF3000902020400000B020300000045FD000044030145FD120015FF00F8754CDB001535
:20FD1300FD5400FE010001001A017D750000FFFF0615FD5400FE020001001A017D6D000002
:20FD3300FFFF0615FD5400FE030001001A017D650000FFFF0615FD5400FE040001001A01BF
:20FD53007D5D0000FFFF06097D62140003000D097D6A140002000D097D72140001000D0970
:20FD73007D7A140000000D4000486F77206D616E79206C697665733F0A2844656661756C10
:20FD930074206973203329004700010414000045FD120045FD0E004E010513010141FF00B7
:20FDB30044070145FD120044030101000001000015F94956C8FBFEFF0015F94958C8FBFF68
:20FDD300FF0015FF00FF00FF14FF12FF00FDFEFFFE08002F4DFF00FDFFFFFE08002F4D00E3
:20FDF3004CFFFA020815FF00F8754CDB0045FD0000400001010307033303090332030B03E3
:20FE130031030D0330004702010312010145FD000041FF0044030148040200550502000284
:20FE330000000702010300000902020400000B020300000045FD000044030145FD1200158E
:20FE5300FF00F8754CDB0015FD5500FE010001001A017EBD0000FFFF0615FD5500FE0200D4
:20FE730001001A017EB50000FFFF0615FD5500FE030001001A017EAD0000FFFF0615FD5502
:20FE930000FE040001001A017EA50000FFFF06097EAA1400000012097EB21400010012094A
:20FEB3007EBA1400020012097EC214000300124000456E61626C65205261706964204669F7
:20FED30072653F0A284F66662062792064656661756C7429004700010414000045FD1200CF
:20FEF30045FD0E004E010513010141FF0044070145FD120044030101000001000015F949B5
:20FF130056C8FBFEFF0015F94958C8FBFFFF0015FF00FF00FF14FF12FF00FDFEFFFE080012
:20FF33002F4DFF00FDFFFFFE08002F4D004CFFFA020815FF00F8754CDB0045FD000040003D
:20FF530001010306034E6F030E03596573004702010312010145FD000041FF00440301480B
:20FF7300020200560402000200000C020100000045FD000044030145FD120015FF00F8759E
:20FF93004CDB0015FD5600FE010001001A017FB00000FFFF06140001000E097FB5140000FD
:20FFB300000E6604027FA50615FE0300FD0D002BFB03000014001EFFFC0DFFFC0042960430
:20FFD3000A6FAC0C15FE0000FBFDFFFE8006FBFEFF00140000FFFC35FFFC3201FFFC15FFD6
:0DFFF30003F8691CC50027030211464700F2
:020000040004F6
:104F5900010001010010017B1F2D7F610302030085
:020000040001F9
:20AE7600727920F8C4867B2AF850803259409E867B2A88308032594072867B2AF8708032B4
:20AE96007980E842867B2A483080327980D80A867B2A282080727980C8ED857B2A18108064
:20AEB600717980B8AC857244DF792048C4863159409E8631594072863244FD598042863174
:20AED6007980380A8671798028ED8571798018AC85042900C02B00C044FF07317980F8E5BB
:20AEF6008431598089853159800A86317980E87286317980D8C486317980C8068731798007
:20AF1600B839873244FD798048E58431598089853159800A863244DF59807286317980384C
:20AF3600C486317980280687317980183987032900C044FF07327940F8C1877B2A88508072
:20AF5600B2598083877B2A383080325940CE875B2A2080B259809D876B2A288072694088E5
:20AF7600874B2A8072692048877B2A1810803244DF794068C187B1598083873244FD5940CA
:20AF9600CE877159809D8771694048877169202887042900C02B00C044FF07317920F8CE94
:20AFB60087B159809D87315920D487B15980A787315920D987B15980B18731792058CE8746
:20AFD600B159809D87315920D487B15980A787315920D987B15980B18731792028CE87B12C
:20AFF60059809D87315920D487B15980A787315920D987B15980B1873244FD792018CE873C
:20B01600B159809D87315920D487B15980A787315920D987B15980B187032900C044FF07AD
:20B03600327980F806877B2A8850807259800A867B2A38308032598039875B2A2080B259EA
:20B056008072866B2A2880724980864B2A8072698028867B2A18108033447D698048867BF3
:20B076002A3850807259800A867B2A28308032598039877B2A182080B244FD5980728671D3
:20B096004980867169801886042900C02B00C044FF07327980F8E5847B2AF85080B25980AD
:20B0B60016845B2A80803259809B835B2A308072598012835B2A6080B2598077825B2A703F
:20B0D6008072598023825B2A4080F25980C9817B2AA860807259806B817B2AC870807279E4
:20B0F600808806817B2A885080727980489C807B2A482080727980182C807B2A58508071E5
:20B116005B2A4080F17B2A383080F17B2A28208040F16B2A1880C0042900C02B00C044FFBF
:20B1360007327980F8C4867B2AF8508032598072867B2A88808032598042867B2A68308058
:20B156003259800A867B2A486080325980CE857B2A287080325980AC855B2A4080325980CA
:20B17600CE855B2A60803259800A867B2A187080327980E842865B2A5080327980C872869E
:20B196005B2A208031798088C4863179804806873179802839873244FD798038CE853159E6
:20B1B600800A863159804286317980287286315980C4863179801806873159803987042933
:20B1D60000C02B00C044FF07717980F8E584714940847159400A8671492086715920898529
:20B1F600714940857159407286714980867159800A8671494086715940C486714920867179
:20B216005920898571494085715940068771498087717980E8C48671494086717940D83963
:20B2360087716920C887717920B80687716940A8877179409862877169808887717980789A
:20B25600398771694068877179405883877169204887F17940386287F17980289D87F1794F
:20B2760040188387032900C044FF07717B2AF84080715B2A5080715B2A6080715B2A7080D0
:20B29600715B2A8080717B2A584080715B2A5080715B2A6080715B2A7080715B2A8080728A
:20B2B60044F77B2A384080715B2A5080715B2A6080715B2A7080715B2A808072447F7B2A4E
:20B2D600284080715B2A5080715B2A6080715B2A7080715B2A8080032B00C044FF07B27995
:20B2F60020F883847B2AF88080B259809C807B2A684080B259402C807B2A383080B2492069
:20B31600807B2A182080B1494080B1498080B1494080B1492080B1494080717980C89C802A
:20B33600317980880681317980686B8131794048C981317940282382317940187782315988
:20B35600401283042900C02B00C044FF07317980F872863159809E86317980E8C486317992
:20B3760080D8E786317980C80687317980B82187317980A83987317980984F87317980880D
:20B396006287032900C044FF07317940F80A863159409087032900C044FF073344F7798088
:20B3B600F816847B2AF880803344FF59804E844B2A8033447F598083845B2A70803344FF71
:20B3D60059805B864B2A80715B2A6080717B2A885080042900C02B00C044FF07727980F8DF
:20B3F600C1877B2AF88080B25980BE875B2A7080F25980BA875B2A6080F27980B8B6875B61
:20B416002A508040F2798078B1875B2A408080F15B2A3080C0F15B2A2080F010F15B2A10FA
:20B4360080F0F0E0F16B2A8880F16B2A4880042900C02B00C044FF07327980F8C4867B2AA6
:20B45600F850803259809E867B2AA8608032598072867B2A8820803259806B876B2A488088
:20B47600315980628731598059873159804F87042900C02B00C044FF07327980F80A867BA9
:20B496002AE86080325980ED855B2A40803159809B83315980568331698088837169804810
:20B4B60083042900C02B00C044FF077344DF7940F816847B2AF890807344FD59400A865B0B
:20B4D6002A80807344FF7900082C805B2A70807344DF7940F806875B2A60807344FD59404E
:20B4F60083877B2AC850807244FF7B2A884080717B2A48308070042900C02B00C044FF07AD
:20B51600717900F816847159008384715900E5847159001185F159003B85F0F0F0F0F0106B
:20B53600F159001185F010B159003B85F159001185F010715900E584715900B5847159006B
:20B5560083847159004E847159001684032900C044FF07717B2A180080717B2A28018071BA
:20B576007B2A380080717B2A480180717B2A580080717B2A680180717B2A780080717B2A68
:20B59600880180717B2A981080717B2AF82080715B2A3080715B2A4080715B2A5080715BB2
:20B5B6002A6080F15B2A9080F0F0E0F16B2AA880F0F0E0F16B2A8880F0F0E0F16B2A6880FB
:20B5D600F0F0E0F16B2A4880F0F0E0F16B2A2880F0F0E0032B00C044FF07717B2AF82080B3
:20B5F600715B2A4080715B2A5080F15B2A9080F010F17B2A889880F0F0E0F17B2A4890804F
:20B61600F010032B00C044FF07F17B2AF8A080F010F15B2A9080F010F15B2AA080F010F121
:20B636005B2A9080F010F15B2AA080F010F15B2A9080F010F15B2AA080F010F15B2A908027
:20B65600F010F15B2AA080F010F15B2A9080F010F15B2AA080F010F15B2A9080F010F15B50
:20B676002AA080F010F15B2A9080F010F15B2AA080F010F15B2A9080F010032B00C044FF97
:20B6960007B17940F88387B15940A287B15940AC87B17940888387B15940A287B15940ACCC
:20B6B60087B17940488387B15940A287B15940AC87B17940288387B15940A287B15940AC3C
:20B6D60087B17940188387B15940A287B15940AC87032900C044FF07317940F889863159A0
:20B6F600405B863159402786315940ED85032900C044FF07F17940F88387F15940AC877150
:20B716006940C88771694078877169403887032900C044FF07F17980F81684F159804E84DB
:20B73600F159808384F15980B584F15980E584F159801185F159803B85F0F0F0F0F0D0F191
:20B756006980A885F169806885F169804885F169802885032900C044FF07727920F8C48645
:20B776007B2AF850803259409E867B2A88308032594072867B2AF87080327980E842867BD4
:20B796002A483080327980D80A867B2A282080727980C8ED857B2A181080717980B8AC852C
:20B7B6007244DF792048C4863159409E8631594072863244FD59804286317980380A86718C
:20B7D600798028ED8571798018AC85042900C02B00C044FF07317980F8E584315980898548
:20B7F6003159800A86317980E87286317980D8C486317980C80687317980B839873244FDAF
:20B81600798048E58431598089853159800A863244DF5980728631798038C4863179802892
:20B836000687317980183987032900C044FF07327940F8C1877B2A885080B2598083877BF5
:20B856002A383080325940CE875B2A2080B259809D876B2A288072694088874B2A80726995
:20B876002048877B2A1810803244DF794068C187B1598083873244FD5940CE877159809DDC
:20B896008771694048877169202887042900C02B00C044FF07317920F8CE87B159809D8792
:20B8B600315920D487B15980A787315920D987B15980B18731792058CE87B159809D873193
:20B8D6005920D487B15980A787315920D987B15980B18731792028CE87B159809D8731597B
:20B8F60020D487B15980A787315920D987B15980B1873244FD792018CE87B159809D8731DB
:20B916005920D487B15980A787315920D987B15980B187032900C044FF07327980F80687D3
:20B936007B2A8850807259800A867B2A38308032598039875B2A2080B2598072866B2A285C
:20B9560080724980864B2A8072698028867B2A18108033447D698048867B2A385080725922
:20B97600800A867B2A28308032598039877B2A182080B244FD59807286714980867169801E
:20B996001886042900C02B00C044FF07327980F8E5847B2AF85080B2598016845B2A80802E
:20B9B6003259809B835B2A308072598012835B2A6080B2598077825B2A70807259802382E5
:20B9D6005B2A4080F25980C9817B2AA860807259806B817B2AC870807279808806817B2A17
:20B9F600885080727980489C807B2A482080727980182C807B2A585080715B2A4080F17B5F
:20BA16002A383080F17B2A28208040F16B2A1880C0042900C02B00C044FF07327980F8C479
:20BA3600867B2AF8508032598072867B2A88808032598042867B2A6830803259800A867B27
:20BA56002A486080325980CE857B2A287080325980AC855B2A4080325980CE855B2A60801F
:20BA76003259800A867B2A187080327980E842865B2A5080327980C872865B2A208031797E
:20BA96008088C4863179804806873179802839873244FD798038CE853159800A8631598092
:20BAB6004286317980287286315980C4863179801806873159803987042900C02B00C04455
:20BAD600FF07717980F8E584714940847159400A86714920867159208985714940857159C6
:20BAF600407286714980867159800A8671494086715940C486714920867159208985714978
:20BB16004085715940068771498087717980E8C48671494086717940D83987716920C887CB
:20BB3600717920B80687716940A8877179409862877169808887717980783987716940681F
:20BB5600877179405883877169204887F17940386287F17980289D87F179401883870329FA
:20BB760000C044FF07717B2AF84080715B2A5080715B2A6080715B2A7080715B2A808071EE
:20BB96007B2A584080715B2A5080715B2A6080715B2A7080715B2A80807244F77B2A384090
:20BBB60080715B2A5080715B2A6080715B2A7080715B2A808072447F7B2A284080715B2ABF
:20BBD6005080715B2A6080715B2A7080715B2A8080032B00C044FF07B27920F883847B2AA6
:20BBF600F88080B259809C807B2A684080B259402C807B2A383080B24920807B2A18208047
:20BC1600B1494080B1498080B1494080B1492080B1494080717980C89C80317980880681C5
:20BC3600317980686B8131794048C9813179402823823179401877823159401283042900B6
:20BC5600C02B00C044FF07317980F872863159809E86317980E8C486317980D8E78631791C
:20BC760080C80687317980B82187317980A83987317980984F87317980886287032900C09E
:20BC960044FF07317940F84F87315940448731590039873159002D873159002187315900B3
:20BCB6001487032900C044FF073344F77980F816847B2AF880803344FF59804E844B2A80F1
:20BCD60033447F598083845B2A70803344FF59805B864B2A80715B2A6080717B2A8850809A
:20BCF600042900C02B00C044FF07727980F8C1877B2AF88080B25980BE875B2A7080F25934
:20BD160080BA875B2A6080F27980B8B6875B2A508040F2798078B1875B2A408080F15B2A9C
:20BD36003080C0F15B2A2080F010F15B2A1080F0F0E0F16B2A8880F16B2A4880042900C0D8
:20BD56002B00C044FF07327980F8C4867B2AF850803259809E867B2AA8608032598072865F
:20BD76007B2A8820803259806B876B2A4880315980628731598059873159804F870429009C
:20BD9600C02B00C044FF07327980F80A867B2AE86080325980ED855B2A40803159809B838E
:20BDB600315980568331698088837169804883042900C02B00C044FF077344DF7940F816C1
:20BDD600847B2AF890807344FD59400A865B2A80807344FF7900082C805B2A70807344DFCC
:20BDF6007940F806875B2A60807344FD594083877B2AC850807244FF7B2A884080717B2A3E
:20BE160048308070042900C02B00C044FF07717900F816847159008384715900E584715938
:20BE3600001185F159003B85F0F0F0F0F010F159001185F010B159003B85F159001185F012
:20BE560010715900E584715900B58471590083847159004E847159001684032900C044FF86
:20BE760007717B2A180080717B2A280180717B2A380080717B2A480180717B2A580080712C
:20BE96007B2A680180717B2A780080717B2A880180717B2A981080717B2AF82080715B2AEF
:20BEB6003080715B2A4080715B2A5080715B2A6080F15B2A9080F0F0E0F16B2AA880F0F096
:20BED600E0F16B2A8880F0F0E0F16B2A6880F0F0E0F16B2A4880F0F0E0F16B2A2880F0F0D4
:20BEF600E0032B00C044FF07717B2AF82080715B2A4080715B2A5080F15B2A9080F010F173
:20BF16007B2A889880F0F0E0F17B2A489080F010032B00C044FF07F17B2AF8A080F010F141
:20BF36005B2A9080F010F15B2AA080F010F15B2A9080F010F15B2AA080F010F15B2A90801E
:20BF5600F010F15B2AA080F010F15B2A9080F010F15B2AA080F010F15B2A9080F010F15B47
:20BF76002AA080F010F15B2A9080F010F15B2AA080F010F15B2A9080F010F15B2AA080F039
:20BF960010F15B2A9080F010032B00C044FF07B17940F88387B15940A287B15940AC87B1B0
:20BFB6007940888387B15940A287B15940AC87B17940488387B15940A287B15940AC87B1D3
:20BFD6007940288387B15940A287B15940AC87B17940188387B15940A287B15940AC8703F1
:06BFF6002900C044FF0712
:020000040004F6
:202DA9000A0000000000707078587C4CFEC6FF03FF01FF0103FFC6FE4C7C58787070000084
:202DC9000000000000000000000000003F3F3F203F203F20203F3F3F000000000000000072
:202DE9000000C0C0E060F030F818FC0CFC04FC3CE02020E020E020E020E020E0E0E00000DA
:202E0900000000000000E0E0E020E020E020E020E020E020FC3C04FC0CFC18F830F060E039
:202E2900C0C00000000007070704070407040704070407043F3C203F303F181F0C0F070710
:202E490003030A0000000000E0E0F0B0F898FC8CFE06FE02FE0206FE8CFC98F8B0F0E0E061
:202E690000000000000000000000000000007F7F7F407F407F40407F7F7F00000000000051
:202E8900000000000000C0C0E060F030F818FC0CFC04FC3CE02020E020E020E020E020E0F9
:202EA900E0E000000000E0E0E020E020E020E020E020E020FC3C04FC0CFC18F830F0E0E059
:202EC900C0C00000000007070704070407040704070407043F3C203F303F181F0C0F060771
:202EE900030300000008060000F80800800000000008000000F802008000000000080400A7
:202F090000F80420800000000000002000080220800000000008060800F8080880000000A4
:202F29000008000800F80208800000000008040800F80428800000000000002800080228E4
:202F490080000000ED6EF96E056F116F1D6FED6E296FF96E356F056F416F116F0000010102
:202F6900020203030405060708090A0B00000C00F04D6F656F756F000F0007104B6E10A9FA
:012F89006DDA
:020000040001F9
:20FFDD0002000000E0E0E020E020E020E020E020E020FC3C04FC0CFC18F830F0E0E0C0C092
:02FFFD00000002
:020000040004F6
:204F690004000000C0C060E030F018F80CFC04FCFC3CE020E020E020E020E020E020E0E034
:204F890000000000030306070C0F181F303F213F3F3C070407040704070407040704070709
:204FA90000000008000800F8006080000000800000000008000000F8020080000000AB4F04
:204FC900B74FBB4F0000010102020101000001010202010100000300E8C74FCD4FDD4F005F
:204FE9000FF80911694F07DD7F02000000000000000000000000000000000000000000006A
:20500900000C0C3E32FFC13E320C0C80000000FE04000080000000FE0400208000000014FF
:2050290050185020500000010100000202000000000000000000000300F028502E503E50C2
:0A504900050A010511F24F000000F6
:020000040003F7
:207611002800C0C0A06020E0C0C08080C0C0E020FC9CFC84FC84F808F01010F09878F818F9
:20763100F0F00C0C1B17131F0D0D080805050706070407053F3C273C1F1E3E3F3F393D3BFD
:207651001F1C0000000000007070F888F808F808F838F878F47CF43C18F8F010E838C47CCE
:20767100BCBC06063D3B695F4E7E343413130F0C0F0B3F3C2F383F3C3E27372E3F3C1F18CD
:207691000F0B808040C040C0808000008080C040E020F030F010F010F03090F0F090F090FF
:2076B100F0300D0D1B16121F0F0F09090B0B7F7D4F782F383F3C131E1F1F3F3F3F3F3F3F49
:2076D1001F1F000000000000000000C0C0307088788438443C423C427884F804F008C0305F
:2076F10000C000006060D0B090F0E7E88083C0C0E020F010FC9CFC84FC94F839F13607F8A8
:207711003FC0000006060D0B090F060604040505030207041F1C171D1F1C3F3E7F7A82FF4E
:20773100C0FF989874EC64FCB8B84040E0E0F010F808FE4EFEC2FE4AFC1CE8F8F81878986D
:20775100F8F80101030202030101020202020101030203021F1E131E0F0F1F1F1F1D111FD0
:20777100233F00000000C0C0A06020E0C0C07070F888FC04FF27FF61FF217E828C7CC83888
:20779100F878000000000C0C1B17131F0E0E0101000001011F1F131F0F0FDFD9FDBB7F5EF1
:2077B100FF8C00000000C0C0A06020E0C0C07070F888FC04FF27FF61FF217E820CFC88781F
:2077D100F878000000000C0C1B17021F1F1F0101000001011F1E031F8F8EDE59FDB3FF9E7B
:2077F100FF0800000000C0C0A06020E0C0C07070F888FC04FF27FF61FF217F838D7FCE3E51
:20781100F87800000000C0C0A06020E0C0C07070F888FC04FF27FF61FF217F830DFF8E7EC7
:20783100F8783030E8D8C8F870708080C0C0E020F010FC9CFC84FC84F80810F09070E020EF
:20785100C0C00303060504070303040405050302070407041F1D1F141F121E131F1C1F1805
:207871001F193030E8D8C8F870708080C0C0E020F010FC9CFC84FC84FE0E12FE947CF8388B
:20789100C0C028003030E8D8C8F870708080C0C0E020F010FC9CFC84FC84F80810F0987847
:2078B100F818F0F00303060504070303040405050302070407043F3D273C1F1E3E3F3F3967
:2078D1003D3B1F1C808040C040C0808000008080C040F838F808F808F030E06038F828F804
:2078F100E878F0F01919372E263F1B1B12120B0B07040F080F090F0B1F193F24342F3F3802
:207911003F301F173030E8D8C8F870708080C0C0E020F010FC9CFC84FC84F80890F09CFCC1
:20793100F41CE8F80303060504070303040405050302070407043F3D273C1F1F3F3C3E3DE4
:207951003F331F173030E8D8C8F870708080C0C0E020F010FC9CFC84FC84F80814FCF47C16
:20797100F808F0900303060504070303040405050302070407043F3D273C1F1E3E333B3629
:207991003F3F1F1F3030E8D8C8F870708080C0C0E020F010FC9CFC84FC84FE0E12FE947C16
:2079B100F818F0F0808040C040C0808000008080C040F838F808F808FC3CE47C28F838F8AE
:2079D100E878F0F03030E8D8C8F870708080C0C0E020F010FC9CFC84FC84FE0E92FE94FC52
:2079F100FC1CE8F83030E8D8C8F870708080C0C0E020F010FC9CFC84FC84FE0E12FEF47C1A
:207A1100F808F090000000000000000038383C241E1A0606000000000000000000000000C1
:207A3100000000003030E8D8C8F870708080C0C0E020F010FC9CFC84FC84F80814FC9C7C35
:207A5100F030D0F0030306050407030304040505030207043F3C7F7D7F7C0F0E1E131F1EF4
:207A71000F0C0F093030E8D8C8F870708080C0C0E020F010FC9CFC84FE86FA0E14FC9878BE
:207A9100F030D0F0989874EC64FCB8B84040C0C0E020F010FC1CFC04FC84FC0C14FCFE7E69
:207AB100F21EE43C0101030202030101020203030302070407043F3F273C1F1E3E333B3652
:207AD1003F3E1F1FCCCCBA7632FEDCDC2020E0E0F010F8C8FE6EFEC2FE42FC0408F8CCBC76
:207AF100FC8CF8F80000010101010000010101010101030203021F1E131E0F0F1F191D1BED
:047B11001F1F0F0C17
:020000040002F8
:20BB63000000042000080620800000000008000000F80200800000000008040000F8060064
:20BB83008000000000000020000802208000000080000000FF08080000F80A008000000047
:20BBA300FF080C0000F80E0080000000FF00082000080A2080000000FF000C2000080E20AF
:20BBC300800000000008062000F8122080000000000002000008100080000000000006006A
:20BBE30000081200800000000008022000F8102080000000FF000A00000814008000000031
:20BC0300FF000E000008160080000000FF080A2000F8142080000000FF080E2000F8162036
:20BC230080000000030F1820FDF11A2000081C2080000000030F1860FDF11A2000081C2055
:20BC43008000000003F91800FD0F1A0000F81C008000000003F91840FD0F1A0000F81C0005
:20BC63008000000000001E2000081C20030718208000000000001E2000081C2003071860F9
:20BC83008000000000081E0000F81C0003F918008000000000081E0000F81C0003F91840C5
:20BCA300800000000000202000082220800000000008200000F822008000000000002420F1
:20BCC30000082620800000000008240000F8260080000000000000280008022880000000EF
:20BCE3000008000800F8020880000000FC0304280008062880000000FB040428000806286D
:20BD030080000000FA0504280008062880000000F90604280008062880000000FC050408D1
:20BD230000F8060880000000FB04040800F8060880000000FA03040800F80608800000005A
:20BD4300F902040800F80608800000000000082800080A288000000000F70C2800080E2800
:20BD630000081028800000000000122800081428800000000008080800F80A088000000060
:20BD830000110C0800F80E0800F81008800000000008120800F81408800000000007160802
:20BDA30000F818088000000000071A0800F81C08800000000001162800081828800000001C
:20BDC30000011A2800081C288000000000071E0800F81808800000000007200800F81C0841
:20BDE3008000000000011E2800081828800000000001202800081C28800000000000222852
:20BE030000082428800000000008220800F824088000000000002628000824288000000053
:20BE23000008260800F8240880000000637B6F7B7B7B877B937B6F7B977B6F7BA37B877B51
:20BE4300AF7B877BBB7BC77BD37BDF7BEB7BD37BF77BD37B037CEB7B0F7CEB7B1B7C277C0F
:20BE6300377C277C377C477C577C477C577C677C777C677C777C877C977C877C977CA77C8F
:20BE8300B37CBF7CCB7CD77CE37CA77CA77CEF7CFB7C077D077D137DB37CB37C1F7D2B7DDA
:20BEA300377D377D437D4F7D4F7D5B7D6B7D777D777D837D937D9F7DAB7D9F7DAB7DB77D4B
:20BEC300C37DB77DC37DCF7DDB7DCF7DDB7DE77DF37DE77DF37DFF7DFF7DFF7DFF7D0B7E42
:20BEE3000B7E0B7E0B7E177E177E177E177E237E237E237E237E00000101020203030404B8
:20BF030005080202090C0D0D0E0E0F0F1010040411140F0F1518191C1D201D20191C040420
:20BF23001D201D20191C2124252825282124040425282528212429292A2A2A2A29290404F0
:20BF43002A2A2A2A29292B2B2C2C2C2C2B2B04042C2C2C2C2B2B2D2D2E2E2E2E2D2D040406
:20BF63002E2E2E2E2D2D2F35363C363C2F350404363C04042F353D40414441443D4004040E
:20BF8300414441443D40000045480202494C040445484548494C00004D50020251540404EC
:20BFA3004D504D5051545558595C595C55580404595C595C55585D60616461645D600404B0
:20BFC300616461645D60000000000000000020000000000008001000180028003000380037
:1DBFE300400048005000580060006500E02F7EF97EC97F040B02070D93780D11763C
:020000040003F7
:20F6CD000C00000000000000000000000000C0C060A0C0C0FFFF1EE10CF31EE10CF31EE118
:20F6ED00FFFF000000000000000000000000000000000000000080808080808080808080FF
:20F70D000000FF30FF08FF04FF02FF22FF41FF81FF81FF41FF22FF02FF04FF08FF30FFF8AF
:20F72D0007070000000000000000000000000000000000000000000000000000F0F0FE0EC2
:20F74D00FFC100000000000000000000000006060705CFC8FF30FF00FF01FF00FFC77C645A
:20F76D001C1C00000000000000000000000000000000808080808080000080808080000044
:02F78D0000007A
:020000040004F6
:202F8A000E000000000000000000000000000000000000000000000000000000F0F0FE0E2D
:202FAA00FF01FF00FF00FF00FF00FF00FF00FFFFFFE1FFE1FFE2FFCCFFF0FF00FF00FFF8BF
:202FCA000707C040E020F010F808FC04FE02FE02FF01FF01FF01FF01FE02FE02FC04F818C9
:202FEA00E0E00000000010F0E0E010F0E0E010F0E0E010F0FCFCFF03FF00FF10FF10FF3879
:20300A00C744000000000000000000000000000000000000000000008080C040C040C0409B
:20302A0080800000000000000000000000000000D030E0E0FFFFF807F00FF807F00FF807CD
:20304A00FFFF000000000000000000000000000000000000808040C040C040C040C040C068
:02306A00808064
:020000040003F7
:20395C00EA08000100F80021100802010008040100F0022100F804210610060100080801B9
:20397C0000F0062100F8082180000000E708000100F80021100802010008040100F002212F
:20399C0000F80421091006010008080100F0062100F8082180000000E308000100F8002100
:2039BC00100802010008040100F0022100F804210D1006010008080100F0062100F8082126
:2039DC0080000000EC08000100F80021100802010008040100F0022100F8042104100601CA
:2039FC000008080100F0062100F8082180000000E808000100F800211008020100080401B0
:203A1C0000F0022100F80421061006010008080100F0062100F8082180000000E708000184
:203A3C0000F80021100802010008040100F0022100F80421061006010008080100F00621B4
:203A5C0000F8082180000000E308000100F80021100802010008040100F0022100F804214C
:203A7C000B0F06010008080100F2062100F8082180000000E308000100F80021100802011E
:203A9C000008040100F0022100F8042108100A0100080C0100F00A2100F80C2180000000D5
:203ABC00FB0800090008020900F0002900F80229E810000100F80021100802010008040155
:203ADC0000F0022100F8042180000000EF080409F000060910F80429F0000629101004019E
:203AFC0000E804210D1006010008080100F0062100F80821800000000008080900080A097C
:203B1C0000F0082900F80A29FA100409F00006091008040100F00429F000062910F80421A1
:203B3C0080000000FD08080900080A0900F0082900F80A29FA100409F00006091008040139
:203B5C0000F00429F000062910F8042180000000FF08080900080A0900F0082900F80A29E1
:203B7C00FA100409F00006091008040100F00429F000062910F80421800000005C79887937
:203B9C00B4795C79B4798879E0790C7A387A0C7A5C79B479647A907ABC7AE87AE87AE87A7C
:203BBC00E87A147B407B147B6C7B147B000000000000000000000000000000000102010232
:203BDC0001020102010201020102010203040304030403040304030403040304050A050A61
:203BFC00050A050A050A050A050A050A0B0C0B0C0B0C0B0C0B0C0B0C0B0C0B0C0D0E0D0E61
:203C1C000D0E0D0E0D0E0D0E0D0E0D0E0F170F170F170F170F170F170F170F1700001000A6
:203C3C00000000003000080000000000000000000000000000000000000000000000000030
:203C5C0000000000000000001800200028001800D0987BC87B387CFE11F407108A6F0FCD07
:013C7C0076D1
:020000040004F6
:20306C000A000101010101010101010102030203020302030203020362637E5F3E273E23AA
:20308C003E3304FC08F808F808F810F010F020E020E02CEC1CF41CF408F80CFC92FE61FF83
:2030AC0021FF000000008080808040C040C020E010F010F008F808F804FC04FC02FE02FEE4
:2030CC0004FC3E331C1F101F101F203F203F407F407F203F203F101F101F383F497F86FFBE
:2030EC0084FF00000000010101010101010101010203020302030203020362637E5F3E2717
:20310C003E230A000000000000000000000000000000000000000000000000000C0C929EF0
:20312C0061FF21FF00000000000000000000000000000000808040C020E010F00CFC92FE6B
:20314C0061FF21FF08F808F808F810F010F020E020E020E02CEC1CF41CF408F80CFC92FE13
:20316C0061FF21FF8080808040C040C020E010F010F008F808F808F804FC04FC02FE02FEC3
:20318C0004FC04FC1C1F101F101F203F203F407F407F203F203F203F101F101F383F497F94
:0431AC0086FF84FF17
:020000040003F7
:20BCD90080000000F008004100F8006180000000F008024100F8026180000000F008044166
:20BCF90010000641F0F808411000004980000000F008024910000449F0F806491000084992
:20BD1900800000000008000100F80021800000000008020100F80221800000000008040135
:20BD3900F000060110F80801F00000098000000000080209F000040910F80609F000080941
:20BD59008000000000000221000802018000000000000021000800018000000000080203E5
:20BD790000F802238000000000080403F000060310F80803F000000B800000000008020B62
:20BD9900F000040B10F8060BF000080B80000000D97CDD7CE97CF57C097D1D7D297D357DF3
:20BDB900497DE97CDD7CD97C297D1D7DD97C5D7D697DD97C757D817D957D757DD97C00009E
:20BDD900000000000000000000000000000001040000050800000104000005080000090B12
:20BDF9000C0E0C0E0F11090B0C0E0C0E0F111216121612161216121612161216121600002E
:1FBE19000000080010000000000018001700E0A97DD77D177E030CE807100E71106C705B
:020000040004F6
:2050530002000000000000000000000000000000000000100010102838C61028001000108D
:205073000000040000000000000000000000000000000000000000000010102800100000C1
:20509300000000000080008000C000C080608070C03CF00FF00FC03C8070806000C000C067
:0450B30000800080F9
:2031B000030A000000F50000F40B000000F500000909020000F8022080000000FC10000847
:2031D00000E90008F912000800F3000880000000FA120008F8FB000808EA0008F805000852
:2031F00080000000F9140008F7FB000809E60008F705000880000000F815000000DF0000C9
:20321000F7050000001700008000000080000000B071CC71E071F47108721C720005000565
:2032300000050005000500050005000500000600E820722C723C72000FF80711755011534C
:01325000502D
:2050B7000200000000000000000000000000000000000000000018183C243C2418180000B7
:2050D70000000004000180000000D95000000000000000000000000000000000000001000A
:2050F700F0E150E350F350000FF80711B75000000004008080F070F8E8FC14FE0AFE06FF7D
:2051170045FF05FF09FF11FFE1FF817E621C1C000000000F0F1F103F207F417F427F443F70
:20513700241F140F0A0F0F191FF7FFF28E7E423E221E1A0400000000000000E0E0F818FCF4
:2051570004FE02FFF1FF91FFA1FFC1FE02FCFCE020F010F050E0E0F818FC04FE02FFF1FF5D
:1551770091FFA1FFC1FE02FCFC40C0C0C040C0E020F010F0507A
:203251000008000100F80021800000000008000900F80209800000000008004900F8024993
:2032710080000000000000690008026980000000000000290008022980000000000802017A
:2032910000F802218000000051725D726972757281728D720000000000000000000000003C
:2032B100000000000104010401040104010401040104010405050505050505050505050599
:2032D100050505050000080000000000000010000600F09972A572D572020DFA07114A5196
:0332F10011085170
:020000040002F8
:207F7E00080007071F183F207F40FF80FF80FFE7FF93FF09FF3FF417F7F7090F0F0F393F15
:207F9E007F50E0E0F818FC04FE02FF01FF01CFF9CFF1FCE0F8F8F0F0F0F080808080C0C090
:207FBE00E0A08080F070F8E8FCF4FEFAFEFEBFFDFFFDFFF9FFF1FFE1FF817E621C1C0000E7
:207FDE0000000F0F1F103F207F417F437F473F271F170F0B0F0F191FF7FFF2BE7E4E3E26AD
:027FFE001E1A49
:020000040004F6
:2032F400080000000000000000000000000000000000000000001C1C3E227D47457F627EB2
:203314003C3C07071F183F207F40FF80FF83FF81FF807F403F3F1E133F213E273F231E1FEC
:203334001F14E0E0F818FC04FE02FF01CFFDCFF9FFF1FE02F0F040C0C0C040C0C0C060E0D2
:20335400F82800000000000000000000000000000000010101010101000000000000000033
:02337400000057
:020000040003F7
:20F78F0080000000FF09000101F702010008040180000000FFFF00210109022100F80421E0
:20F7AF008000000000FA0601FE13000102F500090008020980000000000E0621FEED0021D3
:20F7CF00020B002900F80229800000000008040900F80609800000000008044900F8064909
:20F7EF00800000000000046900080669800000000000042900080629800000008F77937722
:20F80F00A377B377C777DB77E777F377FF77000001010000020200000101000002020000BB
:20F82F00030300000404000003030000040405080508050805080508050805080508000035
:20F84F00100000000000000000000000000000000000000000000000000000000000000089
:17F86F00000008000900E80B781D784D78020DFA0710F472097E7F20
:020000040004F6
:20518C00020000000F0F080F080F080F040704070203020301010000000001010101000078
:2051AC00000002000000C0C040C040C040C040C040C040C040C0C0C00000C0C020E020E061
:0451CC00C0C000005F
:20337600800000000008000000F800088000000076737A7300000000000000000000000059
:20339600000000000101010101010101010101010101010100000000000000000000000007
:2033B6000000000000000000000000000000000000000000000000000000000000000000F7
:1D33D600000000000000000008000200F086738A73AA73000FF80711AE51118C51C1
:2051D0000400FEFE01FF25FF25FFF9FF41FF21FF11FF9DFF85FB85FB85FB09F7F10F01FFF3
:2051F000FEFE7F7F80FF81FF81FF87FF88FF90FFA3FFA4FFA9FFA9DFA1DF90EF8FF080FF18
:025210007F7F9E
:2033F300060000000000F800FC00FC00FC00FC00FC00FC00FC00FC00FC00FC00F8000000EC
:20341300000000FEFE01DA25DA2506F9BE41DE21EE11629D7E817E817E81FE01FE01FE01A9
:2034330000FE007F7F807E817E81788777886F905CA35BA456A976897E817F807F807F800A
:20345300007F800000000008000000F80020800000000008020000F804008000000000082C
:20347300000800F802088000000055745974657471745974557400000000000000000000C5
:203493000000000000000103010301030103010301030103010304050405040504050405CC
:2034B30004050405040500000000080010000600F07D748974B974000FF80710F37311D050
:0134D30051A7
:205212000200E1FFE3FFFCFFF0FFC0FF00FF00FF00FF17FF33FF30FF60FF60FFC0FFC0FF5F
:20523200FFFF0200F1FF01FF41FF61FF31FF31FF19FF19FF0DFFFDFF7DFF01FF01FF01FFB8
:0452520001FFFEFE5C
:2034D4000010000000F8000800F8002800F80020F018004000F8004800F8006800F8006050
:2034F40080000000D4740000000000000000000000000000000000000100E0F874FA740A2B
:0B35140075F817E8071134521112522D
:2052560004000000F8F878F878F878F878F8F8F800000000F8F800F800F800F800F8F8F8D4
:205276000000000000000000000000000000000000000000F8F838F838F838F838F8F8F878
:02529600000016
:20351F0006000000F8F8F8F8F8F8F8F8F8F8F8F800000000808080808080808080808080E6
:20353F0000000000FFFF7CFF7CFF7CFF7CFFFFFF00000000FFFFFF81FFA5FF81FFDBFFFF0A
:20355F0000000000F8F808F808F808F808F8F8F800000000F8F818F818F818F818F8F8F84C
:02357F0000004A
:020000040003F7
:207B1500F70F000200FB004200FB004200FB004200FB004200F8020280000000F70F0002D0
:207B350000FB004200FB004200FB004200FB024200F8020280000000F70F000200FB004279
:207B550000FB004200FB004200FB026200F8020280000000F70F000200FB004200FB004239
:207B750000FB004200FB040200F8020280000000F70F000200FB004200FB004200FB004277
:207B950000FB044200F8020280000000F70F000200FB004200FB004200FB004200FB000A4F
:207BB50000F8020280000000F70F000200FB004200FB004200FB024200FB000A00F8020272
:207BD50080000000F70F000200FB004200FB004200FB026200FB000A00F8020280000000AE
:207BF500F70F000200FB004200FB004200FB040200FB000A00F8020280000000F70F000264
:207C150000FB004200FB004200FB044200FB000A00F8020280000000F70F000200FB0042CE
:207C350000FB004200FB000A00FB000A00F8020280000000F70F000200FB004200FB0242E8
:207C550000FB000A00FB000A00F8020280000000F70F000200FB004200FB026200FB000AE0
:207C750000FB000A00F8020280000000F70F000200FB004200FB040200FB000A00FB000A1E
:207C950000F8020280000000F70F000200FB004200FB044200FB000A00FB000A00F80202C7
:207CB50080000000F70F000200FB004200FB000A00FB000A00FB000A00F80202800000005F
:207CD500F70F000200FB004A00FB000A00FB000A00FB000A00F8020280000000F70F0002AF
:207CF50000FB020A00FB000A00FB000A00FB000A00F8020280000000F70F000200FB0402D4
:207D150000FB000A00FB000A00FB000A00F8020280000000F70F000200FB044200FB000A75
:207D350000FB000A00FB000A00F8020280000000F70F000200FB000A00FB000A00FB000A91
:207D550000FB000A00F8020280000000157B317B4D7B697B857BA17BBD7BD97BF57B117C00
:207D75002D7C497C657C817C9D7CB97CD57CF17C0D7D297D457D0014001400140014001440
:1B7D950000140014001400001500F0617D8B7D9B7D000FF807101F7511565229
:020000040004F6
:205298000200FFFFD3FFA9FFE9BFE9BFEDBFF3DFFFFFFFFFFFF3FFE3FFB3FF13FFB3FFE188
:2052B800FFFFF808000000F8004080000000BA520000000000000000000000000000000014
:2052D80000000100F0C652C852D852000FF80711985200000004000000000000000000005C
:2052F80000000000000000FFFF93FF01FF01FF83FFC7FFEFFFFFFF000000000000000000D2
:2053180000000000000000FFFFFF93FF01FF01FF83FFC7FFEFFFFF040000000000000000AD
:20533800000000000000000000FFFF93FF6DFF7DFFBBFFD7FFEFFFFFFF0000000000000061
:19535800000000FEFEEFDFCDFBF9FFFFFFFFC7FF97FFB1FF91FFC3FFFF58
:020000040003F7
:20F886000010000000F8000000F8000000F8020080000000000000080010000000F80000D8
:20F8A60000F00200800000000008000800F800080010000000E8020080000000001000082E
:20F8C60000F8000800F8000800F8020080000000000002080010000800F8000800F0020094
:20F8E600800000000008020800F802080010000800E80200800000000010020800F80208D0
:20F9060000F8020800F802008000000086789A78AE78C27886789A78AE78C278D678867839
:20F926009A78AE78C278D678EA7886789A78AE78C278D678EA78FE780003000300030003FD
:20F94600000300030003000304080408040804080408040804080408090E090E090E090ED9
:20F96600090E090E090E090E0F150F150F150F150F150F150F150F15000000000000000005
:20F98600000000000000000000000000000000000000000000000000000000000000080059
:17F9A600100018001600F012793E797E79000FF807112F5311ED52F2
:020000040004F6
:203581000C000000000000000000000000000000000000007E7E7F7F63637F7F7E7E63639E
:2035A1006363000000000000000000000000000000000000007F007F001C001C001C007F73
:2035C100007F000000000000000000000000000000000000636373737B7B7F7F6F6F67671F
:2035E10063630000000000000000000000000000000000007F7F7F7F1C1C1C1C1C1C7F7F62
:203601007F7F000000000000000000000000000000000000003E007E006000670063007F46
:20362100003E0000000000000000000000000000000000003E3E7E7E6060676763637F7F81
:203641003E3E0C0000000000000000000000000000000000000000C300C300DB00DB00FFA6
:2036610000FF0066000000000000000000000000000000000000003E007F0063007F007FC6
:2036810000630063000000000000000000000000000000000000C3C3C3C3DBDBDBDBFFFFED
:2036A100FFFF6666000000000000000000000000000000000000007E007F0063007F007EE2
:2036C100006300630000000000000000000000000000000000003E3E7F7F63637F7F7F7FE7
:2036E1006363636300000000000000000000000000000000000000630073007B007F006FFE
:0437010000670063FA
:020000040003F7
:20BE38008000000000EC00028000000000F4020200F804028000000000FC060200F8080280
:20BE580000F804028000000000040A0200F8000A00F8080200F8040280000000000C020AA2
:20BE780000F8040A00F8000A00F8080200F804028000000000140A0200F8060A00F8040AF4
:20BE980000F8000A00F8080200F8040280000000001C080A00F8040A00F8060A00F8040AC6
:20BEB80000F8000A00F8080200F8040280000000001C0A0A00F8040A00F8060A00F8040AA4
:20BED80000F8000A00F8080200F804028000000000EC000200300A0A00F8040A00F8060A88
:20BEF80000F8040A00F8000A00F808028000000000F4020200280A0A00F8040A00F8060A5E
:20BF180000F8040A00F8000A8000000000FC060200200A0A00F8040A00F8060A00F8040A35
:20BF38008000000000040A0200180A0A00F8040A00F8060A80000000000C020A00100A0A63
:20BF580000F8040A8000000000140A0200080A0A80000000001C080A80000000387E3C7E69
:20BF7800447E507E607E747E8C7EA87EC87EC87EE87E087F247F3C7F507F607F6C7F387EF3
:20BF9800000800080008000800080008000800080911091109110911091109110911091179
:20BFB800000000000000000000000000000000000000000000000000000000000000000069
:20BFD80000000000000000000000000000000000000008001200F0747F987FB87F000FF8F7
:07BFF800071043761081756C
:020000040004F6
:203705000600808040C0C040C040C040C040C040C040C04040C040C040C040C040C0C0409E
:203725008080E0E0D0F038E8DCF4DC74EE3A6EBAAEFAAE7AAA7EAAFE54FCD4FC38E8F0D0D4
:20374500E0E007070C0F131F2D3F2B3F527F567F577B577E577A537C2B3F2C3F131F0C0F64
:2037650007070800E0E0F818FCC4BEF2FE6AFF09FF85FF75ED17ED17F92F7ACEF23ED4EC1E
:20378500F818E0E007071F183F237E4D7D52FF93FFA4FFABBFEDB7E99BF45C734F7C2B375D
:2037A5001F180707E0E030F0C8F874FCD4FC8AFE8AFEEAFEEA9EEA9EEA3ED4FC34FCC8F8EF
:2037C50030F0E0E007070B0F1C173B2F3B2E775C775D755E755F557E547F2A3F2B3F1C17DC
:2037E5000F0B0707FC08000000F8020080000000FC08040000F8060080000000FC0800088C
:2038050000F8002880000000FC08020800F8040880000000E977F57701780D7800030003A1
:2038250000030003000300030003000300000400E8197821783178000FF8071067771005A1
:01384500770B
:205371000200000000000000000000000000000000000606090F101F101F080F0407020371
:205391000101020000000000000000000000000000000000E0E030F0D838D83830F060E098
:2053B100C0C08080800000000008000000F800088000000000000020000800288000000084
:2053D100B553B953C5530000010100000202000000000000000000000300E0D153D753E772
:0B53F10053040B00071193531171537C
:2038460006000000000000000000000000000000000000000000CFCF1C1C0E0E07071E1E20
:2038660000000000000000000000000000000000000000000000EFEF8383C3C38383E3E30C
:203886000000000000000000000000000000000000000000000031313131313131313D3D20
:2038A6000000060000000000000000000000000000000000000000000C0C1C1C181800007C
:2038C6004040000000000000000000000000000000000000000000008E8E1B1BDBDBDBDBA4
:2038E6008E8E0000000000000000000000000000000000000000000003030606060606067C
:0439060003030000B7
:2053FC00FC18000000F8020000F8040000F9000800F8020800F8040880000000FC530000B1
:20541C00000000000000000000000000000000000100F018541A542A54000FF80710A878E9
:03543C001046789F
:20390A000A00000000000000000000000000000000007F00700070007E00070007000700A1
:20392A007E00000000000000000000000000000000001E003000600060007F0063006300AC
:20394A003E00000000000000000000000000000000007F000300060006000C000C00180061
:20396A001800000000000000000000000000000000003E00630063003E00630063006300BA
:20398A003E00000000000000000000000000000000003E006300630063003F000300030033
:2039AA003E000C00000000000000000000000000000000001C0036006300630063006300D5
:2039CA0036001C0000000000000000000000000000000000000000004200240018001800F5
:2039EA0024004200000000000000000000000000000000001C007C001C001C001C001C004F
:203A0A001C007F00000000000000000000000000000000003E00470007000E001C00380013
:203A2A0070007F00000000000000000000000000000000007F0007001E001F0003000300C4
:203A4A0007007E00000000000000000000000000000000006300630063007F000300030029
:203A6A00030003000008000000F80200800000000008040000F80200800000000008060020
:203A8A0000F80200800000000008080000F802008000000000080A0000F80200800000008C
:203AAA000008000800F80200800000000008020800F80200800000000008040800F80200D8
:203ACA00800000000008060800F80200800000000008080800F80200800000006E7A7A7A5E
:203AEA00867A927A9E7AAA7AB67AC27ACE7ADA7A0009000900090009000900090009000924
:153B0A0000000A00F0E67AFA7A0A7B000FF80710AC79100A797D
:20543F00800000003F540000000000000000000000000000000000000100F04354455455C4
:20545F0054000FF807000000000000800000006A540000000000000000000000000000008D
:20547F000000000100F06E5470548054000FF80700000000000080000000955401000099B1
:0F549F00540000000000000000000000000000AA
:203B1F00120415F96934C6FBFCFF0015FDFCFFFF1026001A017B3E0000FFFF06097B5B14FC
:203B3F000000FFFC3D01FFFC1400010001140000FFFC840008FFFC3F0400FFFC0100020144
:0C3B5F0000110155732D7F61030203006B
:2054AE00120414000000021400010013140000FFFC840010FFFC3F0400FFFC140000FFFC9F
:2054CE003D07FFFC15FD1400F84963DA0015FD1A00F8496DDA0015FD1900F8498FDA000052
:2054EE001204140000FFFC840010FFFC3F0400FFFC1400010013001204140000FFFC8400DB
:20550E0000FFFC3F0400FFFC140001001300120414000000021400010013140000FFFC3D7C
:20552E0007FFFC140000FFFC840010FFFC3F0400FFFC15FD1400F84963DA0015FD1A00F8B7
:20554E00496DDA0015FD1900F8498FDA00001204140000FFFC840000FFFC3F0400FFFC14E2
:20556E00000000130012041400000001140000FFFC3D07FFFC140000FFFC840000FFFC3FC4
:06558E000400FFFC000018
:203B6B0012041400010002140000FFFC3D03FFFC140000FFFC84000EFFFC3F0400FFFC15D4
:203B8B00FE2823F84963DA0015FE0000F8496DDA0015FE0000F8498FDA001A007BBA0000AC
:203BAB0000180115FED8DCF849C3DA00097BC315FE2823F849C3DA00557FFE010753870302
:013BCB0000F9
:2055940012041400000002140000FFFC3D07FFFC15FD1400F84963DA0015FD1A00F8496DFF
:1455B400DA0015FD1900F8498FDA00557FFE010753070300FD
:203BCC00120473011400000002140000FFFC3D07FFFC15FE2823F84963DA0015FE0000F804
:163BEC00496DDA0015FE0000F8498FDA00557FFE0107530703003F
:020000040003F7
:07F9BD006604027C5D0600F8
:020000040004F6
:203C020009003F007F3FC040DF5FF050D050F050F050FF00FFFF0000FFFF00000000000083
:203C22000000FC00FEFC0302FBFA0F0A0B0A0F0A0F0AF050F050F050F050F050F050F05072
:203C4200F050000000000000000000000000000000000F0A0F0A0F0A0F0A0F0A0F0A0F0A73
:203C62000F0AD070F050D070F050DF7FC07F7F3F3F000000000000000000FFFF00FFFFFF94
:123C8200FF000B0E0F0A0B0E0F0AFBFE03FEFEFCFC00DD
:020000040003F7
:20F9C40025120515FD0C00FF012BFB0C000066080A7D000615FD0300FF012DFB0300001448
:20F9E4000000FFFC8EFFFC14000100041825140000FFFC3F0202FFFC140000FFFC84000C3D
:20FA0400FFFC3F0404FFFC140030FFFB0DFFFB0042960415FE0300FD0D002BFB0300001526
:20FA2400FD1200FE010005001A017A6A0000FFFF0615FF07F86906C600570115FE0000FBFE
:20FA4400FDFFFE0000FBFEFF00140000FFFC35FFFC3200FFFC15FF03F8691CC500270302BF
:20FA640011E74D097AA715FD1200FF012DFB12000015FF07F86906C600570115FE0000FB07
:20FA8400FDFFFE0000FBFEFF00140000FFFC35FFFC3200FFFC15FF03F8691CC5002703027F
:04FAA40011A649005E
:020000040004F6
:2055C8002512040A730E0C15FE8000FBFDFFFE802AFBFEFF00140000FFFC35FFFC3201FF56
:2055E800FC15FF03F8691CC500270302119F4C002512040A6C4A0C15FF03F86906C6005784
:205608000115FE8000FBFDFFFE8006FBFEFF00140000FFFC35FFFC3201FFFC15FF03F86996
:0A5628001CC50027030211F44B001B
:203C9400251205557FFE01015381FF14000CFFFC0DFFFC0042960415FE000FFBFCFFFE8098
:203CB40004FBFDFF00700030FFFC140000FFFC3AFFFC15FDFEFFFE80002FFBFBFF0015FE52
:203CD400800AFE00004DFBFDFFFDFBFFFE07004CFE00004DFBFEFF00140001FFFF14000052
:203CF400FFFC30FFFC557FFE01015301FF00251205557FFE01015381FF14000CFFFC0DFF59
:203D1400FC0042960415FE0019FBFCFFFE8004FBFDFF00700030FFFC140000FFFC3AFFFC3D
:203D340015FDFEFFFE80002FFBFBFF0015FE8014FE00004DFBFDFFFDFBFFFE07004CFE008F
:1C3D5400004DFBFEFF00140001FFFF140000FFFC30FFFC557FFE01015301FF009A
:020000040003F7
:20FAA80025120515FD0C00FF012BFB0C000066080A7D000615FD0300FF012DFB0300001463
:20FAC8000001FFFC8EFFFC14000100041825140000FFFC3F0202FFFC140000FFFC84000C57
:20FAE800FFFC3F0404FFFC140030FFFB0DFFFB0042960415FE0300FD0D002BFB0300001542
:20FB0800FD1200FE010005001A017B4E0000FFFF0615FF07F86906C600570115FE0000FB34
:20FB2800FDFFFE0000FBFEFF00140000FFFC35FFFC3200FFFC15FF03F8691CC500270302DA
:20FB480011E74D097B8B15FD1200FF012DFB12000015FF07F86906C600570115FE0000FB3D
:20FB6800FDFFFE0000FBFEFF00140000FFFC35FFFC3200FFFC15FF03F8691CC5002703029A
:04FB880011A6490079
:020000040004F6
:205632002512040A68E80C15FE0000FBFDFFFE8007FBFEFF00140000FFFC35FFFC3201FFBF
:20565200FC15FF03F8691CC50027030211474C00251201190000FFFF1A0056760001FFFFDF
:205672000109568514000100020A6CA910140000001800190000FFFF1A0056960002FFFFA4
:20569200010956A014000000020A6CA9100000251201190000FFFF1A0056B50001FFFF013F
:2056B2000956C414000100020A6CA910140000001800190000FFFF1A0056D50002FFFF01E6
:2056D2000956DF14000000020A6CA9100000251201190000FFFF1A0056F40001FFFF010979
:2056F200570314000100020A6CA910140000001800190000FFFF1A0057140002FFFF010926
:0D571200571E14000000020A6CA9100000D0
:203D700025120515FD0C00FF012BFB0C000066080A7D000615FD0300FF012DFB0300001458
:203D90000001FFFC8EFFFC14000100041825140000FFFC84000CFFFC3F0404FFFC14003018
:203DB000FFFB0DFFFB0042960415FE0300FD0D002BFB03000015FD1200FE010005001A018A
:203DD0007E0C0000FFFF0615FF07F86906C600570115FE0000FBFDFFFE0000FBFEFF001491
:203DF0000000FFFC35FFFC3200FFFC15FF03F8691CC50027030211E74D097E4915FD12009D
:203E1000FF012DFB12000015FF07F86906C600570115FE0000FBFDFFFE0000FBFEFF0014A4
:203E30000000FFFC35FFFC3200FFFC15FF03F8691CC50027030211A64900251205557FFE87
:203E500001015381FF14000CFFFC0DFFFC0042960415FE0005FBFCFFFE8004FBFDFF007087
:203E70000030FFFC140000FFFC3AFFFC15FDFEFFFE80002FFBFBFF0015FE8008FE00004D2C
:203E9000FBFDFFFDFBFFFE07004CFE00004DFBFEFF00140001FFFF140000FFFC30FFFC55EE
:083EB0007FFE01015301FF0038
:20571F002512040A68E80C15FE0001FBFDFFFE8006FBFEFF00140000FFFC35FFFC3201FFD1
:10573F00FC15FF03F8691CC50027030211074D0074
:203EB800251205557FFE01015381FF14000CFFFC0DFFFC0042960415FE000FFBFCFFFE8072
:203ED80004FBFDFF00700030FFFC140000FFFC3AFFFC15FDFEFFFE80002FFBFBFF0015FE2C
:203EF8008012FE00004DFBFDFFFDFBFFFE07004CFE00004DFBFEFF00140001FFFF14000024
:0E3F1800FFFC30FFFC557FFE01015301FF004E
:20574F00251201190000FFFF1A0057630001FFFF0109577214000100020A6CA910140001EA
:20576F00001800190000FFFF1A0057830002FFFF0109578D14000000020A6CA9100000259F
:20578F0012040A68E80C15FE8000FBFDFFFE8006FBFEFF00140000FFFC35FFFC3201FFFC0B
:2057AF0015FF03F8691CC50027030211784D0025120415FF03F86906C600570115FE800015
:2057CF00FBFDFFFE8001FBFEFF00140000FFFC35FFFC3200FFFC15FF03F8691CC50027035D
:2057EF000211034900251A0058010000005D0109583B4000030402536F727279204E6F74F0
:20580F0068696E67004700010414000045FD120045FD0E004E010511010341FF00440701DA
:0D582F0045FD1200440301140001005D005E
:020000040003F7
:20FB8C0025120515FD0C00FF012BFB0C000066080A7D000615FD0300FF012DFB030000147E
:20FBAC000001FFFC8EFFFC14000100041825140000FFFC3F0202FFFC140000FFFC84000C72
:20FBCC00FFFC3F0404FFFC140030FFFB0DFFFB0042960415FE0300FD0D002BFB030000155D
:20FBEC00FD1200FE010005001A017C320000FFFF0615FF07F86906C600570115FE0000FB6B
:20FC0C00FDFFFE0000FBFEFF00140000FFFC35FFFC3200FFFC15FF03F8691CC500270302F5
:20FC2C0011E74D097C6F15FD1200FF012DFB12000015FF07F86906C600570115FE0000FB73
:20FC4C00FDFFFE0000FBFEFF00140000FFFC35FFFC3200FFFC15FF03F8691CC500270302B5
:04FC6C0011A6490094
:020000040004F6
:20583C0025120415FF03F86906C600570115FE0000FBFDFFFE0000FBFEFF00140000FFFC66
:16585C0035FFFC3200FFFC15FF03F8691CC50027030211F44B0004
:203F260025120515FD0C00FF012BFB0C000066080A7D000615FD0300FF012DFB03000014A0
:203F46000001FFFC8EFFFC14000100041825140000FFFC84000CFFFC3F0404FFFC14003060
:203F6600FFFB0DFFFB0042960415FE0300FD0D002BFB03000015FD1200FE010005001A01D2
:203F86007FC20000FFFF0615FF07F86906C600570115FE0000FBFDFFFE0000FBFEFF001422
:203FA6000000FFFC35FFFC3200FFFC15FF03F8691CC50027030211E74D097FFF15FD12002E
:203FC600FF012DFB12000015FF07F86906C600570115FE0000FBFDFFFE0000FBFEFF0014ED
:1A3FE6000000FFFC35FFFC3200FFFC15FF03F8691CC50027030211A64900E4
:020000040003F7
:20FC700025120515FD0C00FF012BFB0C000066080A7D000615FD0300FF012DFB0300001499
:20FC90000000FFFC8EFFFC14000100041825140000FFFC3F0202FFFC140000FFFC84000C8E
:20FCB000FFFC3F0404FFFC140030FFFB0DFFFB0042960415FE0300FD0D002BFB0300001578
:20FCD000FD1200FE010005001A017D160000FFFF0615FF07F86906C600570115FE0000FBA1
:20FCF000FDFFFE0000FBFEFF00140000FFFC35FFFC3200FFFC15FF03F8691CC50027030211
:20FD100011E74D097D5315FD1200FF012DFB12000015FF07F86906C600570115FE0000FBA9
:20FD3000FDFFFE0000FBFEFF00140000FFFC35FFFC3200FFFC15FF03F8691CC500270302D0
:20FD500011A6490025120515FD0C00FF012BFB0C000066080A7D000615FD0300FF012DFBCF
:20FD7000030000140001FFFC8EFFFC14000100041825140000FFFC3F0202FFFC140000FF21
:20FD9000FC84000CFFFC3F0404FFFC140030FFFB0DFFFB0042960415FE0300FD0D002BFB23
:20FDB00003000015FD1200FE010005001A017DFA0000FFFF0615FF07F86906C600570115BD
:20FDD000FE0000FBFDFFFE0000FBFEFF00140000FFFC35FFFC3200FFFC15FF03F8691CC563
:20FDF0000027030211E74D097E3715FD1200FF012DFB12000015FF07F86906C600570115B1
:20FE1000FE0000FBFDFFFE0000FBFEFF00140000FFFC35FFFC3200FFFC15FF03F8691CC522
:20FE30000027030211A6490025120515FD0C00FF012BFB0C000066080A7D000615FD0300EA
:20FE5000FF012DFB030000140001FFFC8EFFFC14000100041825140000FFFC3F0202FFFC2B
:20FE7000140000FFFC84000CFFFC3F0404FFFC140030FFFB0DFFFB0042960415FE0300FD62
:20FE90000D002BFB03000015FD1200FE010005001A017EDE0000FFFF0615FF07F86906C631
:20FEB00000570115FE0000FBFDFFFE0000FBFEFF00140000FFFC35FFFC3200FFFC15FF0357
:20FED000F8691CC50027030211E74D097F1B15FD1200FF012DFB12000015FF07F86906C616
:20FEF00000570115FE0000FBFDFFFE0000FBFEFF00140000FFFC35FFFC3200FFFC15FF0317
:20FF1000F8691CC50027030211A6490025120515FD0C00FF012BFB0C000066080A7D0006DC
:20FF300015FD0300FF012DFB030000140001FFFC8EFFFC14000100041825140000FFFC3F34
:20FF50000202FFFC140000FFFC84000CFFFC3F0404FFFC140030FFFB0DFFFB004296041580
:20FF7000FE0300FD0D002BFB03000015FD1200FE010005001A017FC20000FFFF0615FF079A
:20FF9000F86906C600570115FE0000FBFDFFFE0000FBFEFF00140000FFFC35FFFC3200FF5C
:20FFB000FC15FF03F8691CC50027030211E74D097FFF15FD1200FF012DFB12000015FF076B
:20FFD000F86906C600570115FE0000FBFDFFFE0000FBFEFF00140000FFFC35FFFC3200FF1C
:10FFF000FC15FF03F8691CC50027030211A6490080
:207DB000E8FDF8092A4F46210800092A4F4621FEFF097EF8027721FCFF097EF8007721FADA
:207DD000FF092A4F46C5C5F8042A23F5337EF533CDBD05E804C1F8023A5FAFCB238FCB2342
:207DF0008F7323322B2A5F16002A666F19291143C619792270E803C9E8FDF8092A4F462159
:207E10000800092A4F4621FEFF097EF8027721FCFF097EF8007721FAFF092A4F46C5C5F8F6
:207E3000042A23F5337EF533CDC205E804C1F8023A5FAFCB238FCB238F7323322B2A5F1604
:207E5000002A666F192911A0DF19792270E803C9F8062A4F46210800092A4F4621FEFF0994
:207E70002A4F462143C67922702145C67922702147C67922702149C6792270214BC6792286
:207E900070214DC6792270214FC67922702151C67922702153C67922702155C679227021F2
:207EB00057C67922702159C6792270215BC6792270215DC6792270215FC67922702161C60A
:207ED0007922702163C67922702165C67922702167C67922702169C6792270216BC679223A
:207EF00070216DC6792270216FC67922702171C67922702173C67922702175C679227021F2
:207F100077C67922702179C6792270217BC6792270217DC6792270217FC67922702181C6E9
:207F300079227021A0DF79227021A2DF79227021A4DF79227021A6DF79227021A8DF79222B
:207F50007021AADF79227021ACDF79227021AEDF79227021B0DF79227021B2DF79227021E3
:207F7000B4DF79227021B6DF79227021B8DF79227021BADF79227021BCDF79227021BEDF85
:207F900079227021C0DF79227021C2DF79227021C4DF79227021C6DF79227021C8DF79222B
:207FB0007021CADF79227021CCDF79227021CEDF79227021D0DF79227021D2DF79227021E3
:207FD000D4DF79227021D6DF79227021D8DF79227021DADF79227021DCDF79227021DEDF65
:0E7FF0007922702107C636012108C63601C964
:020000040000FA
:100574001E0A210040C3FB3D1E0A21F342C3FB3D7A
:020000040004F6
:115872002118C536002119C53600214EDB3600C9C9AA
:020000040000FA
:20C0D000E8F92118C536002119C53600FA77DAEA1AC5211BC53610FA1CC5F80677E5CB4665
:20C0F000E1282421B2C02A4F46CB28CB19CB28CB19CB28CB19CB28CB19210800095D542151
:20C1100014C57B22721806AF2114C52277E5F808CB4EE1282421B4C02A4F46CB28CB19CBA6
:20C1300028CB19CB28CB19CB28CB19210800095D542116C57B22721806AF2116C52277FAEB
:20C150007AC5C660EACBDAFA7BC5CEFFEACCDAAF21CDDA22772178DA4ECB41280A21C7DA73
:20C1700036562336C8180821C7DA36CD2336DACB49280A21C9DA3E562236C8180821C9DA48
:20C19000367A2336C53E0F217EDA963E0017F80077FA7EDAF80122AF322B7EB72805010FB6
:20C1B000001805F8014E0600216FDA2A5F56CD980EAF914F3E7D984779217CDA9623789E61
:20C1D000CB7F2806217EDA3418BBFA94DAB7284C2194DA4E060011007DCD980EF80379224A
:20C1F000702166DA5E7B079F57F8014E0600CD980EF805792270F8035D54F8051A13962331
:20C210001A9E1A57CB7E2807CB7A2008BF1805CB7A28013730062194DA3518B4F8007EB78C
:20C230002805010F001805F8014E0600216FDA2A5F56CD980E21BDDA792270F8014E06007B
:20C250002180DA2A5F56CD980E21BFDA792270219BDA4E06002199DA2A5F56CD980E21AF9C
:20C27000DA792270217EDA5EFA94DACDAD0E21C1DA79223600219EDA3604219FDA360421AD
:20C29000B6DA360021CFDA360021A0DA360021A1DA360001B6C00AFE022807B72804D604B8
:20C2B00020033E0102214EDB3600AF21C3DA227721C5DA3EA022360F21ACDA3600FA7EDA50
:20C2D000EAA9DA21AADA3600FA84DAEAABDA21B3DA360021D0DA3600AF21A2DA2277AF21A5
:20C2F000A4DA2277E807C9E8E8AFF815227721ADDA3600FAB8C04F079F47FAB7C05F079F38
:20C310005779934F789A47CB28CB19F81471F8003600FA95DA3D280FFA95DAFE022834D608
:20C3300003CACD43C30F44FA39C606002F4F782F472138C67E1E00A14F7BA0475E16007B93
:20C35000E6041E00A14F7BA0B1CA0F44F8003601C30F44FA39C606002F4F782F472138C61D
:20C370007E1E00A14F7BA0475E16007BE6022600A16F7CA0B52814FAB2DACB7F2806F800AF
:20C390003601187B21B2DA36F118747BE6011E00A14F7BA0B1286821B2DA5EAF5796CB7BAA
:20C3B0002807CB7A2008BF1805CB7A2801373006F8003601184921B2DA360F1842FA39C645
:20C3D00006002F4F782F472138C67E1E00A14F7BA0475E16007BE6082600A16F7CA0B528C2
:20C3F00007FA38C6CB672013FA38C6CB5F28107BE6101E00A14F7BA0B12804F8003601FACF
:20C410009FDA219EDA773E1596DA45534E0600212644090909E9C36844C36D44C34553C344
:20C430008B45C3B945C34553C38147C3B047C34553C32D49C33849C34553C38851C3925146
:20C45000C34553C39D51C3AC51C34553C31E52C32D52C32753C32F69219FDA360121D0DAFC
:20C470003600FA8ADA3D2007FA38C6CB67200EFA8ADAD6022022FA38C6CB57281BFAC6DAED
:20C49000CB7F201421D0DA3604FA8BDAEAC5DAFA8CDAEAC6DAC35045FAA1DAB7280B21C59A
:20C4B000DA3E5822361BC35045FA38C6CB67284C21C6DACB7E28452B7E2173DA8621C5DABF
:20C4D000227E2174DA8EEAC6DA11C5DA2175DA1A1396231A9E1A57CB7E2807CB7A2008BF52
:20C4F0001805CB7A280137300721C5DA2A4E18052175DA2A4E21C5DA22711844FAC5DA218D
:20C5100071DA8621C5DA227E2172DA8EEAC6DA11C5DA2175DA1A1396231A9E1A57CB7E28B5
:20C5300007CB7A2008BF1805CB7A280137300721C5DA2A4E18052175DA2A4E21C5DA22712F
:20C5500021C6DA4E79079F4721A4DA7E81227E887721B4C02A4EF8152271FAA0DAB720071A
:20C57000FA8DDAB7C2455321C4DA4E79079F4721A2DA7E81227E8877C39A57219FDA360403
:20C5900021C5DAAF22360121D0DA360021A8DA3600FA82DAEAA6DAFA7FDAEAAADAFA84DA10
:20C5B000EAABDAAF21BBDA227721D1DA3601FAB6DAB7CA334721B4DA6EFAB5DA677ECB37E9
:20C5D00007300D219FDA360021B6DA3600C3E74621B2C02A4F46FAB7C06F079F67292929A6
:20C5F000295D54F816792278322A666F194D4421B4DA6EFAB5DA67232A6E5F55211000198F
:20C610005D5421B4DA6EFAB5DA67D511070019D17E6F079F67292929291958547D917C98F0
:20C63000CB7B2807CB7A2008BF1805CB7A280137300D219FDA360021B6DA3600C3E746F8AB
:20C65000162A5F56211000194D44FAB8C06F079F672929292909E57DF81877E17CF8177793
:20C6700021B4DA6EFAB5DA67232A4F4621B4DA2A5F56210600197E6F079F67292929290946
:20C690004D44F8162A917E985678CB7F2807CB7A2008BF1805CB7A280137300C219FDA36D9
:20C6B0000021B6DA3600182F21B4DA6EFAB5DA67232A4F467921B7DA96234F789E4721A2FA
:20C6D000DA7E81227E887721B4DA6EFAB5DA67232A4E21B7DA2271AF21C5DA227721B4DA2E
:20C6F0006EFAB5DA672323232A4F467921B9DA96234F789E4721A4DA7E81227E887721B400
:20C71000DA6EFAB5DA672323232A4E21B9DA227121B4DA6EFAB5DA672323232A4EF815228C
:20C7300071183AFAA1DAB7281321C5DA3E5822361B21B4C02A4EF81522711821FAC5DA2156
:20C7500071DA8621C5DA227E2172DA8EEAC6DA21B4C02A4EF8152271219FDA360021C6DAD5
:20C770004E79079F4721A4DA7E81227E8877C34553FA7EDAEAA9DA21B6DA3600AF217CDA91
:20C7900096EAC5DA9F217DDA96EAC6DA21A7DA360021A6DA360021A8DA3600219FDA3607D4
:20C7B000FAA9DAB7CA9C48FA38C6CB67CA9C48FAC5DA21BDDA9621C5DA227E21BEDA9EEA27
:20C7D000C6DA116FDA21BBDA1A1396231A9E1A57CB7E2807CB7A2008BF1805CB7A28013724
:20C7F0003815FAC5DA21BBDA8621C5DA227E21BCDA8EEAC6DA1806AF21C5DA227721C4DAF3
:20C810005E7B079F5721C1DA2A4F46CDF60D1100007B915F7A98F81732732A917E98567806
:20C83000CB7F2807CB7A2008BF1805CB7A280137300479501804F8162A56F816227221C552
:20C85000DA2AC6FF4F7ECE7F47F816799623789E7857CB7E2807CB7A2008BF1805CB7A284B
:20C870000137300A21C5DA3E012236801818110000F8162A666F7B955F7A9C474B21C5DA3A
:20C890007E81227E887721A9DA351856FA38C6CB67281B21C6DACB7E28142B7E2173DA8653
:20C8B00021C5DA227E2174DA8EEAC6DA1834FAC6DACB7F201A219FDA3600FAC5DA2171DA42
:20C8D0008621C5DA227E2172DA8EEAC6DA1813FAC5DA2171DA8621C5DA227E2172DA8EEAE2
:20C8F000C6DA21B4C02A4EF815227121C6DA4E79079F4721A4DA7E81227E8877FAA0DAB7FE
:20C910002007FA8DDAB7C2455321C4DA4E79079F4721A2DA7E81227E8877C39A571E0321CA
:20C93000CD79CDFB3DC3CD7321B4C02A4F46CB28CB19CB28CB19CB28CB19CB28CB19FAB936
:20C95000C06F079F67095D54CB2ACB1BCB2ACB1BCB2ACB1BF81773FABAC06F079F6709CBFA
:20C970002CCB1DCB2CCB1DCB2CCB1D7D3CF80D7721ADDA360001B6C00AF816773DC2BA4BB8
:20C9900011B2C01AF81522131A322A4F46CB28CB19CB28CB19CB28CB19CB28CB19FAB8C0CF
:20C9B0005F079F576960194D44CB28CB19CB28CB19CB28CB19F8137922232A4F467921AF42
:20C9D000DA86234F788E47F814792278322A4F46CB38CB19CB38CB19CB38CB19CB38CB197C
:20C9F0006B6209CB3CCB1DCB3CCB1DCB3CCB1D7D3CF81677F8137EF81696CA654BFA78DA53
:20CA1000CB4F28692114C52AC6404F7ECE0047CB28CB19CB28CB19CB28CB19F8133A2B2238
:20CA3000AF32799623789E7857CB7E2807CB7A2008BF1805CB7A2801373032F8117E0E0091
:20CA500087CB1187CB1187CB1121B8C06EF57D079F67F1956F799C67292929294D4411015F
:20CA70000079935F789AF8153273C3654BF80D7EF81796CA304BFA98DAD6032007FAB3DAA4
:20CA9000B7C22A4BF8137E2178C5963046F8177E2179C596303DFA75C5F80E77FA78C5F8D6
:20CAB0000F223600F8177EF811223600F80F2A234F06005E1600CDF60D792176C586234F57
:20CAD000788E47F8136E2600095D54F80E7ECDF81518020E0FCB512841F8137E0E0087CB9D
:20CAF0001187CB1187CB1121B8C06EF57D079F67F1956F799C67292929294D441101007998
:20CB1000935F789AF815327321ADDA360121ACDA3601FA82DAEAA8DA183BF81734C37D4AB0
:20CB300021B4C02A4F46CB28CB19CB28CB19CB28CB19CB28CB19FAB9C06F079F67094D44AC
:20CB5000CB28CB19CB28CB19CB28CB19F81771F81334C3044AFA97DA3D2807FA97DAD60355
:20CB7000200EFA65DAEAC3DAFA66DAEAC4DA1806AF21C3DA227711B2C0217AC52AC6F04FBF
:20CB90007ECEFF47CB21CB10CB21CB10CB21CB10CB21CB10F814799623789E3805F8142A10
:20CBB0004F467912137812C3C34DF8167ED603C2C34D11B2C01AF81322131A322A4F2A478B
:20CBD000CB28CB19CB28CB19CB28CB19CB28CB19FAB7C022079F322A666F094D44CB28CB27
:20CBF00019CB28CB19CB28CB19F80E71F8132A474E585121AFDA2A666F7B955F7A9CF8103E
:20CC1000327B222B2A4F46CB28CB19CB28CB19CB28CB19CB28CB19F8152A666F094D44CB7E
:20CC300028CB19CB28CB19CB28CB19793DF81177F80E7EF81196CA8B4DFA78DA0F305F2124
:20CC500014C52AC6B04F7ECEFF47CB28CB19CB28CB19CB28CB19F80E7EF81522AF322A9196
:20CC70007E985678CB7F2807CB7A2008BF1805CB7A2801373028F8157E26006F2329292943
:20CC90004D44FAB7C05F079F5779936F789A6729292929234D44F80F792270C38B4DF80D28
:20CCB0007EF81796CA564DFA98DAD6032007FAB3DAB7C2504DF80E7E2178C5963045F817CF
:20CCD0007E2179C596303CFA75C5F81277FA78C5F813223600F8173A2B223600F8132A23F2
:20CCF0004F06005E1600CDF60D792176C586234F788E47F80E6E2600095D54F8127ECDF8D0
:20CD10001518020E0FCB592837F80E4EAF6967232929294D44FAB7C05F079F5779936F7872
:20CD30009A6729292929234D44F80F79227021ADDA36FF21ACDA36FFFA82DAEAA8DA183BAA
:20CD5000F81734C3AE4C21B4C02A4F46CB28CB19CB28CB19CB28CB19CB28CB19FAB9C06F31
:20CD7000079F67094D44CB28CB19CB28CB19CB28CB19F81771F80E35C3404CFA97DA3D289D
:20CD900007FA97DAD6032012AF2165DA96EAC3DA9F2166DA96EAC4DA1806AF21C3DA227798
:20CDB000F810CB7E2804AF471804F80F2A4621B2C02270FA97DAD602DA7251FAC5DA21732B
:20CDD000DA8621C5DA227E2174DA8EEAC6DAFA39C606002F4F782F472138C67E1E00A14FE6
:20CDF0007BA0477EE6101E00A14F7BA0B1CA8F4EFAA6DAB7283821B6DA3600216FDA2A4F71
:20CE100046CB78280103CB28CB1979217CDA86234F788E47AF9121C5DA229F907721A7DAD7
:20CE3000360021A6DA360021D0DA3601185121AADA7EB7284A35FABBDA21BFDA8621BBDA64
:20CE5000227E21C0DA8EEABCDA21B6DA3600216FDA2A4F46CB78280103CB28CB1979217CED
:20CE7000DA86234F788E47AF9121C5DA229F907721A7DA360021A6DA360021D0DA360221E8
:20CE9000B4C02A4F7EF81571237721C6DA4E79079F4721A4DA7E81227E88322AD6817EDEB5
:20CEB000FF563EFFCB7F2807CB7A2008BF1805CB7A28013730051181FF182A21A4DA3E7F05
:20CED00096233E009E3E0057CB7E2807CB7A2008BF1805CB7A2801373005117F00180621AE
:20CEF000A4DA2A5F5621A4DA7B227221B2C02A4F46CB28CB19CB28CB19CB28CB19CB28CB82
:20CF100019FAB7C06F079F67095D54CB2ACB1BCB2ACB1BCB2ACB1BF81473FAB8C06F079FAA
:20CF30006709CB2CCB1DCB2CCB1DCB2CCB1D7D3CF8107721A4DAAF96233E009E3E0057CB59
:20CF50007E2807CB7A2008BF1805CB7A280137D2415021B4C02A4F4621A4DA2A666F09E5E3
:20CF70007DF81477E17CF813322A4F46CB28CB19CB28CB19CB28CB19CB28CB19FABAC06F09
:20CF9000079F67095DCB2CCB1BCB2CCB1BCB2CCB1BF8147EF81777F8107EF81796CA3350EF
:20CFB000F8177E2178C596303A7B2179C5963033FA75C5F814772178C54E06006B1600D5E4
:20CFD0005DCDF60DD1792176C586234F788E47F8176E2600094D54D5F8167E59CDF815D177
:20CFF0007918023E0F0F30356B26002929294D44FABAC05F079F5779936F789A67292929F1
:20D01000294D4411010079935F789AF813327321B6DA360021C5DAAF2236011806F81734F7
:20D03000C3A74FF8122A4F4621B4C0792270C31751FAA5DACB7FCA175121B4C02A4F462129
:20D05000A4DA2A666F09E57DF81377E17CF812322A4F46CB28CB19CB28CB19CB28CB19CBAE
:20D0700028CB19FAB9C06F079F67094D44CB28CB19CB28CB19CB28CB19F81771F8145EF8A4
:20D09000107E9328777B2178C596303BF8177E2179C59630322175C5562178C54E0600F8A7
:20D0B000177EF81322AF32D55E1600CDF60DD1792176C586234F788E476B260009D57A5D73
:20D0D00054CDF815D118020E0FCB49282CF8176E2C26002929294D44FAB9C05F079F57797F
:20D0F000936F789A6729292929234D44F811792270AF21C5DA227718031C1883F8112A4FDD
:20D110004621B4C0792270AF2175DA96234F9F964721C5DA2A917E985678CB7F2807CB7A59
:20D130002008BF1805CB7A280137382E1175DA21C5DA1A1396231A9E1A57CB7E2807CB7AE4
:20D150002008BF1805CB7A28013730082175DA2A4F46180621C5DA2A4F4621C5DA79227047
:20D17000180B21B4C02A4F7EF815712377FA98DAD601DA2F69C3396E219FDA360D21D0DA11
:20D1900036001E03213A76CDFB3DC32F69219FDA361021D0DA360021CFDA3600FAA1DAB7EA
:20D1B000280D21C5DA7EC658227ECE1B77184221C6DACB7E28142B7E2171DA8621C5DA22B1
:20D1D0007E2172DA8EEAC6DA1827FA85DAB7280EFA86DAEAC5DAFA87DAEAC6DA1813FAC505
:20D1F000DA2171DA8621C5DA227E2172DA8EEAC6DA21C6DA4E79079F4721A4DA7E81227EBB
:20D21000887721B4C02A4EF8152271C3455321CFDA360021D0DA3600219FDA361321C4DA54
:20D23000CB7E28252B7E218FDA8621C3DA227E2190DA8E21C4DA77CB7E28052B2A4E1802AF
:20D25000AF4F21C3DA2271185B21C3DAAF96233E009E3E0057CB7E2807CB7A2008BF1805A4
:20D27000CB7A280137303DFAC3DA218FDA9621C3DA227E2190DA9E21C4DA32AF96233E00B7
:20D290009E3E0057CB7E2807CB7A2008BF1805CB7A280137300721C3DA2A4E1802AF4F213F
:20D2B000C3DA227121C4DA4E79079F4721A2DA7E81227E8877FAC5DA2171DA8621C5DA2213
:20D2D0007E2172DA8EEAC6DA11C5DA2175DA1A1396231A9E1A57CB7E2807CB7A2008BF1850
:20D2F00005CB7A280137300721C5DA2A4E18052175DA2A4E21C5DA227977079F4721A4DAA2
:20D310007E81227E887721B4C02A4EF815227121A1DA3600C39A57219FDA3615AF21C3DADA
:20D330002277AF21C5DA227721CFDA360021D0DA3600C32F69FA38C6CB4F2007FA38C60FA0
:20D35000D2D0560E01FA38C6CB4F280B0EFFAF21C3DA96229F9677FA38C6CB6FCA1056FA37
:20D3700091DAB72817FA91DA3DCA4F54FA91DAFE02CAE754D603CAE755C39A57FAC4DACBCD
:20D390007F28212193DA3AB6281AFAC3DA2192DA8621C3DA227E2193DA8EEAC4DA21CFDA7F
:20D3B00036FF187721CFDA360021C3DA2A5F562169DA2A666F19E57DF81477E17CF81377BC
:20D3D000F8125D542161DA1A1396231A9E1A57CB7E2807CB7A2008BF1805CB7A2801373081
:20D3F000082161DA2A5F56182C1163DAF8121A1396231A9E1A57CB7E2807CB7A2008BF1873
:20D4100005CB7A28013730082163DA2A5F561805F8122A5F5621C3DA7B227279079F472183
:20D43000C3DA2A5F56CDF60D21C3DA7922704E79079F4721A2DA7E81227E8877C39A572103
:20D45000C3DA2A5F56216BDA2A666F19E57DF81477E17CF81377F8125D542161DA1A139624
:20D47000231A9E1A57CB7E2807CB7A2008BF1805CB7A28013730082161DA2A5F7E182C11FA
:20D4900065DAF8121A1396231A9E1A57CB7E2807CB7A2008BF1805CB7A2801373008216500
:20D4B000DA2A5F7E1805F8122A5F7E21C3DA73233279079F472A5F56CDF60D21C3DA792259
:20D4D000704E79079F4721A2DA7E81227E887721CFDA3601C39A5721C4DACB7E281A2B7E35
:20D4F0002192DA8621C3DA227E2193DA8EEAC4DA21CFDA36FFC3C35511C3DA2163DA1A13F4
:20D5100096231A9E1A57CB7E2807CB7A2008BF1805CB7A280137304E21C3DA2A5F5621690E
:20D53000DA2A666F19E57DF81477E17CF813321161DA1A1396231A9E1A57CB7E2807CB7A52
:20D550002008BF1805CB7A2801373007F8122A5F5618062161DA2A5F5621C3DA7B227221AB
:20D57000CFDA3601184D21C3DA2A5F56216BDA2A666F19E57DF81477E17CF81377F8125D10
:20D59000542165DA1A1396231A9E1A57CB7E2807CB7A2008BF1805CB7A2801373006F81212
:20D5B0002A5618052165DA2A5621C3DA227221CFDA360279079F4721C3DA2A5F56CDF60DB7
:20D5D00021C3DA7922704E79079F4721A2DA7E81227E8877C39A5721CFDA360179079F4768
:20D5F0002165DA2A5F56CDF60D21C3DA7922704E79079F4721A2DA7E81227E8877C39A57A0
:20D61000FAC4DACB7F28212193DA3AB6281AFAC3DA2192DA8621C3DA227E2193DA8EEAC43D
:20D63000DA21CFDA36FF187421CFDA3600FAC3DA2169DA8621C3DA227E216ADA8EEAC4DA1B
:20D6500011C3DA2161DA1A1396231A9E1A57CB7E2807CB7A2008BF1805CB7A280137300803
:20D670002161DA2A5F7E182E1163DA21C3DA1A1396231A9E1A57CB7E2807CB7A2008BF181A
:20D6900005CB7A28013730082163DA2A5F7E180621C3DA2A5F7E21C3DA73237779079F471F
:20D6B00021C3DA2A5F56CDF60D21C3DA7922704E79079F4721A2DA7E81227E8877C39A5781
:20D6D000FAC4DACB7F2855FA9EDAD6042015FAC3DA216DDA8621C3DA227E216EDA8EEAC4D2
:20D6F000DA1813FAC3DA218FDA8621C3DA227E2190DA8EEAC4DA21C3DAAF96233E009E3E2F
:20D710000057CB7E2807CB7A2008BF1805CB7A2801373060AF21C3DA2277185821C3DAAFC9
:20D7300096233E009E3E0057CB7E2807CB7A2008BF1805CB7A280137303AFA9EDAD6042073
:20D7500015FAC3DA216DDA9621C3DA227E216EDA9EEAC4DA1813FAC3DA218FDA9621C3DA82
:20D77000227E2190DA9EEAC4DA21C4DACB7E28042BAF227721CFDA360021C4DA4E79079F75
:20D790004721A2DA7E81227E887721A2DA2AD6817EDEFF563EFFCB7F2807CB7A2008BF182E
:20D7B00005CB7A28013730050181FF182A21A2DA3E7F96233E009E3E0057CB7E2807CB7A76
:20D7D0002008BF1805CB7A2801373005017F00180621A2DA2A4F4621A2DA792270FAD2DA13
:20D7F000F8177701B2C00AF8017721D2DA360021B4C02A4F46CB28CB19CB28CB19CB28CBE3
:20D8100019CB28CB19FAB9C06F079F67095D54CB2ACB1BCB2ACB1BCB2ACB1BF81373FABA9C
:20D83000C06F079F6709CB2CCB1DCB2CCB1DCB2CCB1D7D3CF8077711B2C01AF81122131AD2
:20D85000323A2B77F8123A2B322A5F5621A2DA2A666F194D44F80879227021C9DA6EFACAE3
:20D87000DA672A4F4621900009292929294D44F808799623789ED24859F8082A4F46F81126
:20D890002A5F567B917A9830142B7EF80877F8127EF80977AF21C3DA2277C3F55921C9DA3C
:20D8B0006EFACADA672A4F4621900009292929294D44F80F2A5F567B915F7A98477BD6102C
:20D8D00078173F1FDE803050FAC9DAF80D77FACADAF80E322A5F561AF80B22131A322A5F78
:20D8F0005621900019E57DF80F77E17CF80E323A2B77F80E3A2B773E04F80BCB2623CB168B
:20D910003D20F6F80F2A5F56F80B2A666F7B955F7A9CF80E32731807F80D3E1022AF77F8DA
:20D93000112A465F50F80D2A666F7B955F7A9C4BF808712377C3F55921C7DA6EFAC8DA6784
:20D950002A666F292929294D44F8082A917E98D2F559FAA3DACB7F2814F8117EF80877F89F
:20D97000127EF80977AF21C3DA22771878F8117EF80D77F8127EF80E7721C7DA6EFAC8DA25
:20D99000672A4F4621080009292929295D54F8112A666F7B955F7A9C4B4779D61078173F7E
:20D9B0001FDE803030FAC7DAF80F77FAC8DAF810322A5F3A571A22131A322A5F56210800CE
:20D9D00019292929295D54F8112A666F7B955F7A9C4B471803011000F80D2A5E814F7B881E
:20D9F000F80871237721B2C02A4F7EF8085E2356F8117123322A937E9AD22A5CF8082A4F36
:20DA100046CB38CB19CB38CB19CB38CB19CB38CB19FAB8C06F079F67095D54CB3ACB1BCBB6
:20DA30003ACB1BCB3ACB1BF80A7311B4C01AF81122131A323A2B77F8123A2B77CB2E2BCB7C
:20DA50001E23CB2E2BCB1E23CB2E2BCB1E23CB2E2BCB1E2323FABAC022079F77F80F2A5F7F
:20DA70002A572A666F195D54CB2ACB1BCB2ACB1BCB2ACB1BF81073FAB7C06F079F67094DFD
:20DA900044F8146E260009234D44CB38CB19CB38CB19CB38CB19F811717E2178C5963037CD
:20DAB000F8107E2179C596302EFA75C5F812772178C54E0600F8105E1600CDF60D792176BA
:20DAD000C586234F788E47F8116E2600095D54F8127ECDF81518020E0F79E660280A21D258
:20DAF000DA71F8107EEAD3DAF80B3600F8177EE660F80C77F8177EE610F80D77F8137EF8A7
:20DB10000796CA615EF80A7E2178C5963045F8137E2179C596303CFA75C5F80E77FA78C514
:20DB3000F80F223600F8133A2B223600F80F2A234F06005E1600CDF60D792176C586234FF4
:20DB5000788E47F80A6E2600095D54F80E7ECDF81518020E0F21ADDA717EE6602804F80B77
:20DB70003601FAADDACB57CA245CF80B7EB72008FAD3DAF813962025FAD2DAE6602807FA6F
:20DB9000D2DACB67280BF80C7EB72811237EB7200CFAD3DAF81396380434C30C5BF80B7E0B
:20DBB000B72828FAD2DAE6602807FAD2DACB67200BF80C7EB72814237EB7280FF8137E2182
:20DBD000D3DA963806F81334C30C5BF80A7E0E0087CB1187CB1187CB1121B8C06EF57D0714
:20DBF0009F67F1956F799C67292929294D4411010079935F789AF8093273AF21C3DA22772E
:20DC100021ADDA360121ACDA3601FA82DA3CEAA8DAC3615EF81334C30C5BF8117B96237A97
:20DC30009ED2615EF8082A4F46CB38CB19CB38CB19CB38CB19CB38CB19FAB7C05F079F577D
:20DC50006B6209E57DF81477E17CF813322A4F46CB38CB19CB38CB19CB38CB19F80A712157
:20DC7000B4C02A4F46CB28CB19CB28CB19CB28CB19CB28CB19FABAC06F079F67094D44CBB0
:20DC900028CB19CB28CB19CB28CB19F81071F8143A4F06003A6E6709235D54CB3ACB1BCB04
:20DCB0003ACB1BCB3ACB1B7B2178C596303CF8107E2179C5963033FA75C5F811772178C57E
:20DCD0004E0600F8102A2322AF32D55E1600CDF60DD1792176C586234F788E5779835F30E9
:20DCF0000114F8117ECDF81518020E0F79E660280A21D2DA71F8107EEAD3DA21B4C02A4F0D
:20DD100046CB28CB19CB28CB19CB28CB19CB28CB19FAB9C06F079F67094D44CB28CB19CB26
:20DD300028CB19CB28CB19F81371F80B3600F8177EE660F80C77F8177EE610F80D77F807EF
:20DD50007EF81396CA615EF80A7E2178C5963045F8137E2179C596303CFA75C5F80E77FA8D
:20DD700078C5F80F223600F8133A2B223600F80F2A234F06005E1600CDF60D792176C586E7
:20DD9000234F788E47F80A6E2600095D54F80E7ECDF81518020E0F21ADDA717EE6602804C6
:20DDB000F80B3601FAADDACB5FCA5B5EF80B7EB72008FAD3DAF813962025FAD2DAE66028EA
:20DDD00007FAD2DACB67200BF80C7EB72811237EB7280CFAD3DAF81396380434C34E5DF80D
:20DDF0000B7EB72828FAD2DAE6602807FAD2DACB67280BF80C7EB72814237EB7200FF81356
:20DE10007E21D3DA963806F81334C34E5DF80A4EAF6967232929294D44FAB7C05F079F575A
:20DE300079936F789A6729292929234D44F808792270AF21C3DA227721ADDA36FF21ACDAF1
:20DE500036FFFA82DA3CEAA8DA1806F81334C34E5DF8082A4F4621B2C079227021A4DA2A8E
:20DE7000D6817EDEFF563EFFCB7F2807CB7A2008BF1805CB7A28013730051181FF182A21BD
:20DE9000A4DA3E7F96233E009E3E0057CB7E2807CB7A2008BF1805CB7A2801373005117FE2
:20DEB00000180621A4DA2A5F5621A4DA7B2272FAD1DAF8027721B4C02A4F7EF80371237760
:20DED00021D1DA3600F8177EB7280521D1DA360121B2C02A4F46CB28CB19CB28CB19CB28C9
:20DEF000CB19CB28CB19FAB7C0F80D22079F322A666F094D44CB28CB19CB28CB19CB28CBE2
:20DF100019F8057121B2C02A4F46CB28CB19CB28CB19CB28CB19CB28CB19FAB8C06F079F35
:20DF30006709CB2CCB1DCB2CCB1DCB2CCB1D7D3CF8067721A4DAAF96233E009E3E0057CB53
:20DF50007E2807CB7A2008BF1805CB7A280137D2CD6721B4C02A4F46595021A4DA2A666F75
:20DF700019E57DF80977E17CF80877CB28CB19CB28CB19CB28CB19CB28CB19FABAC05F0794
:20DF90009F57696019CB2CCB1DCB2CCB1DCB2CCB1D7D3DF81777F8072A4F46CB28CB19CB5C
:20DFB00028CB19CB28CB19CB28CB196960194CCB29CB1DCB29CB1DCB29CB1D7DF80977F8E8
:20DFD000027EB72830F8177EF81222AF322A5F566B6223E57DF81277E17CF81177F8097EFA
:20DFF000F812223600F8102A239620092B2A23962003F8093411B2C01AF81222131A77CBFD
:20E010002E2BCB1E23CB2E2BCB1E23CB2E2BCB1E23CB2E2BCB1E2A5F56F80D2A666F19E53D
:20E030007DF81177E17CF81077F8147EF81122AF322A5F56F80F2A666F19E57DF81577E19C
:20E050007CF814322A5F566B6223E57DF81377E17CF812327EF80A77F8127EF80B77CB3EA8
:20E070002BCB1E23CB3E2BCB1E23CB3E2BCB1E7EF81377F80B7EF814773E03F813CB262398
:20E09000CB163D20F62B2B2B2A5F2A572A666F7B955F7A9CF80D3273F8097EF81796DACFB6
:20E0B00065F80A7EF80F772178C5963049F8177E2179C5963040FA75C5F81077FA78C5F8AC
:20E0D00011223600F8177EF813223600F8112A234F06005E1600CDF60D792176C586234F1B
:20E0F000788E47F80F6E2600095D54F8107ECDF815F814711804F814360FF8147EF80E771D
:20E11000AFF81222227EE660CA5164F8147EE6F077D620C2A461F8177EF8132236003E03EA
:20E13000F813CB2623CB163D20F6110800F80C2A666F7B955F7A9CF8123273F8132A5F5642
:20E15000F8112A666F19E57DF81177E17CF81077FABAC0F814773A22079F323A2B77F814BD
:20E170003A2B322B2B2A5F2A572A666F7B955F7A9CF81432732A4E87CB1187CB1187CB11C2
:20E1900087CB115F512101007B955F7A9CF8133273C35164F8147ED640C23862F8177EF80C
:20E1B000132236003E03F813CB2623CB163D20F6F80C7EF80F322B7EF81077CB3E2BCB1E50
:20E1D0001108002A666F7B955F7A9CF8123273F8132A5F56F8112A666F19E57DF81177E115
:20E1F0007CF81077FABAC0F814773A22079F323A2B77F8143A2B322B2B2A5F2A572A666F0B
:20E210007B955F7A9CF81432732A4E87CB1187CB1187CB1187CB115F512101007B955F7AF9
:20E230009CF8133273C35164F8147ED660C2CC62F8177EF8132236003E03F813CB2623CB3F
:20E25000163D20F6F80C7EF80F322B7EF81077CB3E2BCB1E1104002A666F7B955F7A9CF8B4
:20E27000123273F8132A5F56F8112A666F19E57DF81177E17CF81077FABAC0F814773A22BB
:20E29000079F323A2B77F8143A2B322B2B2A5F2A572A666F7B955F7A9CF81432732A4E8783
:20E2B000CB1187CB1187CB1187CB115F512101007B955F7A9CF8133273C35164F8147ED66A
:20E2D00030206CF8177EF8132236003E03F813CB2623CB163D20F62B2A5F56F80C2A666FE1
:20E2F00019E57DF81177E17CF81077FABAC0F814773A22079F323A2B77F8143A2B322B2B37
:20E310002A5F2A572A666F7B955F7A9CF81432732A4E87CB1187CB1187CB1187CB115F51FA
:20E330002101007B955F7A9CF8133273C35164F8147ED650C2CF63F8177EF8132236003E2C
:20E3500003F813CB2623CB163D20F6F80C7EF81177F80D7EF81277CB3E2BCB1EF8132A5FA0
:20E3700056F8112A666F19E57DF81177E17CF81077FABAC0F814773A22079F323A2B77F859
:20E39000143A2B322B2B2A5F2A572A666F7B955F7A9CF814327B222B2A5F56210400194576
:20E3B0004C7887CB1187CB1187CB1187CB115F512101007B955F7A9CF8133273C35164F886
:20E3D000147ED670207BF8177EF8132236003E03F813CB2623CB163D20F6F80C7EF8117734
:20E3F000F80D7EF81277CB3E2BCB1EF8132A5F56F8112A666F19E57DF81177E17CF8107723
:20E41000FABAC0F814773A22079F323A2B77F8143A2B322B2B2A5F2A572A666F7B955F7AFA
:20E430009CF81432732A4E87CB1187CB1187CB1187CB115F512101007B955F7A9CF81332E7
:20E4500073F8133AB6CAC965F8027EB72014F8072A4F46F812799623789E3006F81734C397
:20E47000A860F8127EF80A77F8137EF80B77CB3E2BCB1E23CB3E2BCB1E23CB3E2BCB1E23C0
:20E49000CB3E2BCB1E2323FAB9C04F079F7123322A5F56F80A2A666F19E57DF81277E17CA2
:20E4B000F81177CB3E2BCB1E23CB3E2BCB1E23CB3E2BCB1E2A77F8057EF81477F8147EF80E
:20E4D0000696CA7C65F8147E2178C5963048F8117E2179C596303FFA75C5F80B77FA78C51F
:20E4F000F80C223600F8113A2B223600F80C4E0600F80F5E1600CDF60D792176C586234F7A
:20E51000788E47F8146E2600095D54F80B7ECDF815F810711804F810360FE5F812CB4EE11E
:20E530002844AF21C5DA2277AF21C3DA2277F8037EF81377F8047EF8143211B4C02A1213CA
:20E550007E12F8017EF81322AF3211B2C07E1213AF1221D1DA3601F80E7EEAD2DAF8177E05
:20E57000EAD3DAC32F69F81434C3CC64F8122A4F4621B4C0792270AF21C5DA227721D1DA29
:20E590003601FA9EDAD604200E219FDA360421C5DAAF2236011813FA9EDAD6032007219FC1
:20E5B000DA36041805219FDA3603F80E7EEAD2DAF8177EEAD3DAC32F69F81734C3A860217F
:20E5D000B2C02A4F46CB28CB19CB28CB19CB28CB19CB28CB19FAB7C06F079F67094D44CB4C
:20E5F00028CB19CB28CB19CB28CB19F80D7121B2C02A4F46CB28CB19CB28CB19CB28CB1904
:20E61000CB28CB19FAB8C05F079F57696019CB2CCB1DCB2CCB1DCB2CCB1D7D3CF80E77F898
:20E63000072A4F46CB28CB19CB28CB19CB28CB19CB28CB19FABAC06F079F67094D44CB282B
:20E65000CB19CB28CB19CB28CB19F80F71FAA1DAB7C2BF67F80D7EF81777F80E7EF817965A
:20E67000CABF67F8177E2178C5963047F80F7E2179C596303EFA75C5F81077FA78C5F811C7
:20E69000223600F80F7EF813223600F8112A234F06005E1600CDF60D792176C586234F78F6
:20E6B0008E47F8176E2600095D54F8107ECDF8157918023E0F0FD2B5671E0321B77ECDFB9C
:20E6D0003DB7CA5767F80D7EF81777F80E7EF81796285AF8177E2178C5963046F80F7E215D
:20E6F00079C596303DFA75C5F81077FA78C5F811223600F80F7EF813223600F8112A234FF1
:20E7100006005E1600CDF60D792176C586234F788E47F8176E2600095D54F8107ECDF815C8
:20E7300018020E0FCB49201FF81734189E21A1DA3605FAC5DA2171DA8621C5DA227E2172F1
:20E75000DA8EEAC6DA1868F80F7E0E0087CB1187CB1187CB1121BAC06EF57D079F67F1956D
:20E770006F799C67292929294D4411010079935F789AF808327321B6DA3600FA9EDAD60402
:20E79000200E219FDA360421C5DAAF223601181FFA9EDAD6032007219FDA36041811219F39
:20E7B000DA3603180AF817347EF80D77C36A66F8072A4F4621B4C0792270C32F69FAA5DA12
:20E7D000CB7FCA2F6921B4C02A4F4621A4DA2A666F09E57DF81477E17CF813322A4F46CB79
:20E7F00028CB19CB28CB19CB28CB19CB28CB19FAB9C06F079F67094D44CB28CB19CB28CB5A
:20E8100019CB28CB19F81471F8057EF81777F8067EF81796CA2469F8177E2178C59630371A
:20E83000F8147E2179C596302EFA75C5F811772178C54E0600F8145E1600CDF60D79217625
:20E85000C586234F788E47F8176E2600095D54F8117ECDF81518020E0FCB49CA1E69F81438
:20E870006E2C26002929294D44FAB9C05F079F5779936F789A6729292929234D44F812791E
:20E890002270AF21C5DA2277FAB6DAB7287421B4DA6EFAB5DA672323232A4EF81522712142
:20E8B000B4DA2A4F46210800094E59AF5791CB7B2807CB7A2008BF1805CB7A2801373036C2
:20E8D00021B4DA2A4F46210800097E4F079F4721B4DA2A5F56210900197E6F079F670929D1
:20E8F000292929294D44F8152A666F09E57DF81777E17CF81677F8157EF81277F8167EF864
:20E91000137721A6DA3600219FDA36001806F81734C31E68F8122A4F4621B4C0792270AFF4
:20E9300021A2DA2277AF21A4DA2277AFF5331E01215248CDFB3D33F809792270F80A3AB6C3
:20E95000CA8D6D2A5F56212F00194D440AF81777B7CA8D6D217BDA96C27D6CFAB6DAB728DF
:20E9700011FAB4DAF809962009FAB5DAF80A96CA7E6DF8092A5F566B6223E57DF80D77E1C9
:20E990007CF80C322A4F2A47030359501A22131A77F8092A5F5621060019E57DF81177E159
:20E9B0007CF810322A5F5621020019E57DF80977E17CF808322A5F561A6F079F672929291D
:20E9D000295D54F80D7EF81177F80E7EF812322A666F19E57DF81577E17CF81477F8155D42
:20E9F00054F8131A1396231A9E1A57CB7E2807CB7A2008BF1805CB7A2801373078FAC6DAF1
:20EA1000CB7F2071F8097EEAB4DAF80A7EEAB5DAF80B2A5F561A6F131A5D5721B7DA7B2280
:20EA30007269602A665F5421B9DA7B227269602A4F46F8072A5F561A6F079F6729292929E5
:20EA5000094D44FABAC06F079F672929292979954F789C4779C6FC4F78CEFF4721B4C0799C
:20EA70002270AF21C5DA227721B6DA3601219FDA3603C37E6DFAB9C0F81322079F322A568B
:20EA90002387CB1287CB1287CB1287CB125F2A666F194D44F80F2A5F561313131AF8072251
:20EAB000079F322A5687CB1287CB1287CB1287CB125FF8112A666F19E57DF81877E17CF8A0
:20EAD00017322A917E985678CB7F2807CB7A2008BF1805CB7A280137306421B4C02A4F46EF
:20EAF000F80D2A5F567B915F7A98474B110000F8132A666F7B955F7A9CF817327B222B2A40
:20EB10005F56F8072A666F192929292909012000094D4421A4DA7E81227E8877FA71DAEA45
:20EB3000C5DAFA72DAEAC6DAFA9FDAD6072807FAB6DAB7CA7E6D219FDA3600C37E6D11B2A0
:20EB5000C01AF81422131A77F80B2A5F561AF81622131A77F8145D54F8161A1396231A9EC0
:20EB70001A57CB7E2807CB7A2008BF1805CB7A280137306DF8162A5F56F8142A666F7B9509
:20EB90005F7A9CF813327B322B2BFAB8C04F079F472A5F561A5F079F57AF936F9F9267095B
:20EBB000292929294D44F8122A5F567B9121A2DA227A987721ADDA360121ACDA3601FA829A
:20EBD000DA3CEAA8DAFA38C60F3806AF21C3DA2277FA9FDAD60AC27E6D219FDA3600C37E47
:20EBF0006DF8165D54F8141A1396231A9E1A57CB7E2807CB7A2008BF1805CB7A280137D286
:20EC10007E6DF8162A5F56F8142A666F7B955F7A9C474BFAB7C05F079F57AF935F9F9257F4
:20EC3000F80F2A666F237E6F079F671929292929095D54211000197DEAA2DA7CEAA3DA21F9
:20EC5000ADDA36FF21ACDA36FFFA82DA3CEAA8DAFA38C6CB4F2006AF21C3DA2277FA9FDA5D
:20EC7000D60AC27E6D219FDA3600C37E6DFA7ADAF81796C27E6DFAB6DAB72813F8097E21BD
:20EC9000B4DA96200AF80A7E21B5DA96CA7E6DF8092A5F566B6223E57DF81177E17CF81084
:20ECB000322A5F5621020019E57DF81377E17CF812322A5F561A4F131A47F8092A5F5621BD
:20ECD0000800195D54F8137B227A322A5F561A6F079F6729292929094D44F8152A917E986D
:20ECF0005678CB7F2807CB7A2008BF1805CB7A280137307AFAC6DACB7F2073F8097EEAB491
:20ED1000DAF80A7EEAB5DAF80F2A5F561A4F131A21B7DA712377F8112A5F561A4F131A2138
:20ED3000B9DA712377F8112A5F2A571A4F131A472A5F561A6F079F6729292929094D44FA88
:20ED5000BAC06F079F672929292979954F789C4779C6FC4F78CEFF4721B4C0792270AF21CB
:20ED7000C5DA227721B6DA3601219FDA3603F8097EEA01C5F80A7EEA02C5C3396EFA39C6CD
:20ED9000F81622AF323A2B2F22AF2F77FA38C6F81622AF323A2BA62B2B77AFF815A62B2BAE
:20EDB00077FA38C6F81622AF323A2BE604223600F8122A23A6232332AFA6232332AFB6284D
:20EDD00068F80A3AB620163E01F5333E08F5331E01219E47CDFB3DE1F809792270F80A3A6B
:20EDF000B628462A5F56212F00194D440AB72039F8092A5F56212500194D440AB7282AF811
:20EE1000092A5F56212500194D44232A666F0A47110000D53E01F533110000D5E5C5331E69
:20EE30000421FC4CCDFB3DE808FA9EDAB72842FA9EDA3D2841FA9EDAFE03CA0670FE04CA36
:20EE50000670D606CA2D71FA9EDAD607CA2D71FA9EDAD60ACA2972FA9EDAFE0FCA5972FE68
:20EE700010CA5972FE12CA9973D613CA9973C3AC7321B6DA36001E03214E74CDFB3D1E0345
:20EE900021E174CDFB3DF8007EB72851FAAEDAB7204BFA96DAB7282B21ADDA7EB728177E8F
:20EEB0003D2006FA38C60F300DFAADDA3C202EFA38C6CB4F2027219FDA3609219EDA36028D
:20EED000C3AC73FA9FDAD6032013FA96DA3D280D219FDA3609219EDA3602C3AC73FA39C660
:20EEF0000E002F5F792F572138C67E0E00A35F79A2574E060079E6100E00A35F79A257B350
:20EF1000CAB66FFAA8DAB7284AFAABDAB7284421D0DA360321ABDA3521A0DA3605FA88DA9A
:20EF30002163DA865FFA89DA2164DA8E57FAACDA4F079F47AF914F9F9047CDF60D21C3DA8E
:20EF50007E81227E8877219FDA3606219EDA3602C3AC73FAA6DAB7281221D0DA3601219F4D
:20EF7000DA3606219EDA3602C3AC73FAAADAB7282F21D0DA3602FAAADA3C280421AADA3569
:20EF9000FABBDA21BFDA8621BBDA227E21C0DA8EEABCDA219FDA3606219EDA3602C3AC73EA
:20EFB000FA83DAEAA7DA1E03211175CDFB3DFA9FDA3D2805219EDA360221A7DA7EB7280104
:20EFD0003521A0DA7EB7280135FAA6DAB7280BFA9FDAD604280421A6DA35FAA8DAB7280AA6
:20EFF000FAADDAB7200421A8DA3521A1DA7EB7CAAC7335C3AC73FA38C6CB4F28193E01F575
:20F01000333E03F53311B1C0D51E01216546CDFB3DE804C3A670FA38C60F301801B1C03E39
:20F0300001F5333E01F533C51E01216546CDFB3DE8041862FAC4DACB7F28183E01F5333E4E
:20F0500003F53311B1C0D51E01216546CDFB3DE804184321C3DAAF96233E009E3E0057CB85
:20F070007E2807CB7A2008BF1805CB7A28013730183E01F5333E01F53311B1C0D51E012138
:20F090006546CDFB3DE804180D11B1C0D51E01210646CDFB3DE1F8007EB72819FA96DA3DC1
:20F0B0002813FAAEDAB7200D219FDA3609219EDA3605C3AC73FA39C60E002F5F792F57215B
:20F0D00038C67E0E00A35F79A2574E060079E6100E00A35F79A257B32006FAA7DAB7281892
:20F0F000FAA1DAB7201221D0DA3601219FDA3606219EDA3605C3AC7321A7DA36001E0321FA
:20F110001175CDFB3DFA9FDAD6042805219EDA360521A1DA7EB7CAAC7335C3AC731E0321F3
:20F130004E74CDFB3D1E0321E174CDFB3DF8007EB7281FFAAEDAB72019FA96DAB72006FA35
:20F15000A6DAB7280D219FDA3609219EDA3608C3AC73FA39C60E002F5F792F572138C67E70
:20F170000E00A35F79A2577EE6104F06007BA14F7AA0B1CA0972FAA8DAB72847FAABDAB7E1
:20F19000284121D0DA360321ABDA3521A0DA3605FA88DA2163DA865FFA89DA2164DA8E5701
:20F1B000FAACDA4F079F47AF914F9F9047CDF60D21C3DA792270219FDA3606219EDA360838
:20F1D000C3AC73FAAADAB7CAAC7321D0DA3602FAAADA3C280421AADA35FABBDA21BFDA868D
:20F1F00021BBDA227E21C0DA8EEABCDA219FDA3606219EDA3608C3AC731E03211175CDFBC1
:20F210003DFA9FDAD6072805219EDA360821A0DA7EB7CAAC7335C3AC731E03214E74CDFBB1
:20F230003DFAB1DAB72007219FDA3600180421B1DA35FA9FDAD60A2805219EDA360BFA9865
:20F25000DAD602DAAC73C3CD73FAADDA3D20183E01F5333E03F53311B1C0D51E01216546E8
:20F27000CDFB3DE804181CFAADDA3C20163E01F5333E01F53311B1C0D51E01216546CDFB8E
:20F290003DE8041E0321E174CDFB3DF8007EB72832FA96DAB7282CFAAEDAB72026FAADDA9D
:20F2B0003D2006FA38C60F300DFAADDA3C2014FA38C6CB4F200D219FDA3609219EDA3611AE
:20F2D000C3AC73FA39C6F81622AF323A2B2F22AF2F77FA38C6F81622AF323A2BA62B2B7746
:20F2F000AFF815A62B2B77FA38C6F81622AF323A2BE610223600F8122A23A6232332AFA649
:20F31000232332AFB62006FAA7DAB7285E21ABDA7EB728573521A0DA36052188DA2A5F565B
:20F330002163DA2A666F19E57DF81477E17CF81377FAACDAF81422079F771100003A6E6798
:20F350007B955F7A9CF81732732A4F46F8122A5F56CDF60D21C3DA79227021D0DA360321FE
:20F370009FDA3606219EDA361118311E03211175CDFB3DFA9FDAD6102805219EDA3611214B
:20F39000A1DA7EB72816351813FA9FDAD603200721C5DAAF223601219FDA3613FA39C62FC9
:20F3B0002138C6A6E604F81777F53311B2C0D511B7C0D51E0B218745CDFB3DE80521AEDA7A
:20F3D0007EB728013521B2DA5EAF5796CB7B2807CB7A2008BF1805CB7A280137300621B277
:20F3F000DA35180821B2DACB7E280134211AC55EFA77DA57211AC596CB7B2807CB7A200803
:20F41000BF1805CB7A2801373004211AC535219EDA4E0600696029090122DA094D44232A26
:20F43000666FB428160A47AFF533110000D5E5C5331E0421FC4CCDFB3DE806E818C9FA8E3B
:20F45000DAB72849FA38C6CB4F280721B6C03603183B0F300721B6C036011831FAC4DACB76
:20F470007F280721B6C03603182321C3DAAF96233E009E3E0057CB7E2807CB7A2008BF1870
:20F4900005CB7A280137300521B6C0360101B1C0FAB6C0D603201D21C1C03600FAC4C03C25
:20F4B00021C3C066F533E533C51E01216345CDFB3DE804C921C1C03602FAC8C03C21C7C04B
:20F4D00066F533E533C51E01216345CDFB3DE804C9FA9FDAD6103E012801AF4FFAADDAB718
:20F4F0002816FAC6DACB7F200FFA85DAB72809CB41C0219FDA360FC979B7C8219FDA36002E
:20F51000C9E8FBFAB8C047079F4FFAB7C0F80122079F7758513A6E677B955F7A9C4F43CB3E
:20F5300029CB18F80470FA38C6F80377E5CB56E12009E5F805CB5EE1CA377621B2C02A4F5A
:20F5500046CB28CB19CB28CB19CB28CB19CB28CB19F8012A666F094D44F8047EF80022369D
:20F5700000E1E5094D44CB28CB19CB28CB19CB28CB19F8027121B4C02A4F46CB28CB19CB35
:20F5900028CB19CB28CB19CB28CB19FAB9C06F079F6709234DCB2CCB19CB2CCB19CB2CCBC1
:20F5B00019F8027E2178C596303C792179C59630352175C55EFA78C5F803223600691600B5
:20F5D000D5E5F8074E0600E15DCDF60DD1792176C586234F788E47F8026E2600094D547B62
:20F5F00059CDF81518020E0F79E6F0D6102038F8024EAF6967292929010400094D44FAB772
:20F61000C05F079F57E1E5195D5479936F789A67292929294D4421B2C0792270219FDA3697
:20F630000CAF21C3DA2277E805C9E8F701B7C0FAB8C05F079F570A4F079F477B915F7A980A
:20F6500057CB2ACB1BF8087321B2C02A666FCB2CCB1DCB2CCB1DCB2CCB1DCB2CCB1D094D91
:20F6700044F8087E1E00814F7B8847CB28CB19CB28CB19CB28CB1971AF21C5DA2277FA3850
:20F69000C6F807227E2178C5963E00174FFA75C5F80377FA78C5F804223600E52323CB56E0
:20F6B000E1CA3B7711B4C01AF80622131A77CB2E2BCB1E23CB2E2BCB1E23CB2E2BCB1E23EA
:20F6D000CB2E2BCB1EFAB9C05F079F572A466F6019235DCB2CCB1BCB2CCB1BCB2CCB1B7956
:20F6F000B7282C7B2179C59630251600F8044E0600CDF60D792176C586234F788E47F808DA
:20F710006E2600095D54F8037ECDF8157918023E0FE6F0D610C24979AF2167DA96EAC5DAE8
:20F730009F2168DA96EAC6DAC34979E5F809CB5EE1CACC7711B4C01AF80622131A77CB2EB9
:20F750002BCB1E23CB2E2BCB1E23CB2E2BCB1E23CB2E2BCB1EFABAC05F079F572A46835FD3
:20F77000788A5713CB2ACB1BCB2ACB1BCB2ACB1B7379B7282F7E2179C5963028F8075E1644
:20F7900000F8044E0600CDF60D792176C586234F788E47F8086E2600095D54F8037ECDF893
:20F7B000157918023E0FE6F0D610C24979FA67DAEAC5DAFA68DAEAC6DAC34979F8087EF87F
:20F7D0000077E5F809CB4EE1CA9578219FDA360021B4C02A4F46CB28CB19CB28CB19CB2826
:20F7F000CB19CB28CB19FAB9C06F079F67095D54CB2ACB1BCB2ACB1BCB2ACB1BF80873FA97
:20F81000BAC06F079F6709CB2CCB1DCB2CCB1DCB2CCB1D7D3CF80177F8087EF80196CA49F3
:20F8300079F8002A233D772178C5963045F8087E2179C596303CFA75C5F80377FA78C5F829
:20F8500004223600F8083A2B223600F8042A234F06005E1600CDF60D792176C586234F7858
:20F870008E47F8026E2600095D54F8037ECDF81518020E0FCB592808219FDA360DC349791B
:20F89000F808341893E5F809CB46E1CA4979219FDA360021B4C02A4F46CB28CB19CB28CB5C
:20F8B00019CB28CB19CB28CB19FAB9C06F079F67095D54CB2ACB1BCB2ACB1BCB2ACB1BF83F
:20F8D0000873FABAC06F079F6709CB2CCB1DCB2CCB1DCB2CCB1D7D3CF80577F8057EF8085F
:20F8F000962856F8007E3CF806772178C5963037F8087E2179C596302EFA75C5F8077721C6
:20F9100078C54E0600F8085E1600CDF60D792176C586234F788E47F8066E2600095D54F8A4
:20F93000077ECDF81518020E0FCB512807219FDA360D1805F8083418A221B4C02A4F462179
:20F95000C6DA5E7B079F576960194D4421B4C079227021C1C03606FAD0C03C21CFC046F57F
:20F9700033C53311B1C0D51E01216345CDFB3DE80421C6DA3AB6200C01BCC00AEABDC00A47
:20F990003CEABEC0FA39C60E002F5F792F572138C67E0E00A35F79A2574E060079E6100E2F
:20F9B00000A35F79A257B32805219FDA3600FA9FDAD60D2805219EDA360EE809C9E8F2FA25
:20F9D00038C6CB47280721B6C036011809CB4F280521B6C03603FAB6C0F80B77FA9BDAF881
:20F9F0000C22360021B2C02A4F46C5F80E4E060021AFDA2A5F56CDF60DF802792270C1F80B
:20FA100009792278227E3D2014F8092A5F56E1E519E57DF80D77E17CF80C771822AF21AF7B
:20FA3000DA96235F9F9657F80C4E0600CDF60DF8092A666F09E57DF80D77E17CF80C77FA57
:20FA500098DAD603C2787EFA97DAD602D2787E21B3DA360121B4C02A4F46CB28CB19CB2885
:20FA7000CB19CB28CB19CB28CB19FAB9C06F079F67095D54CB2ACB1BCB2ACB1BCB2ACB1BAA
:20FA9000F80273FABAC06F079F6709CB2CCB1DCB2CCB1DCB2CCB1D7D3CF80377FAB6C0F8C0
:20FAB0000D77F80B7EF80477F80C7EF80577CB2E2BCB1E23CB2E2BCB1E23CB2E2BCB1E2338
:20FAD000CB2E2BCB1EF80D7E3DC2BC7C11B2C01AF80C22131A77FAB8C0F80622079F322A54
:20FAF00023322A23773E04F808CB2623CB163D20F6F80C3A2B77F80D3A2B322A5F56F808F8
:20FB10002A666F19E57DF80E77E17CF80D322A5F56E1E519E57DF80C77E17CF80B77217A3D
:20FB3000C52A5F562110007B955F7A9CF80D32737EF80877F80D7EF809773E04F808CB268E
:20FB500023CB163D20F6232A23322A2377F8085D54F80C1A1396231A9E300821B3DA360069
:20FB7000C3787EF8062A5F56F8042A666F19E57DF80E77E17CF80D77CB2E2BCB1E23CB2EEA
:20FB90002BCB1E23CB2E2BCB1E2A322B3C322BFAB7C022079F322A5F56F8042A666F19E5AE
:20FBB0007DF80E77E17CF80D327EF80977F80D7EF80A77CB2E2BCB1E23CB2E2BCB1E23CB8A
:20FBD0002E2BCB1E7EF80C77F80C3A96CA787EF8027EF80D77F80D7EF80396286AF80C7E2A
:20FBF0002178C5963049F80D7E2179C5963040FA75C5F80677FA78C5F807223600F80D7EE6
:20FC1000F809223600F8072A234F06005E1600CDF60D792176C586234F788E47F80C6E26E4
:20FC300000095D54F8067ECDF815F80A711804F80A360FF80A7EE60F280821B3DA3600C382
:20FC5000787EF80D34188E11B4C01AF80922131A77CB2E2BCB1E23CB2E2BCB1E23CB2E2BD5
:20FC7000CB1E23CB2E2BCB1EFAB9C0F80D77F80522079F77F8093A2B77F80A3A2B322A5F31
:20FC900056F8052A666F19E57DF80B77E17CF80A77CB2E2BCB1E23CB2E2BCB1E23CB2E2BB3
:20FCB000CB1E7EF80277F80C34C3D87BF80D7ED603C2787E11B2C01AF80622131A22FAB73D
:20FCD000C022079F322A23322A23773E04F80ACB2623CB163D20F62B2A5F56E1E519E57D40
:20FCF000F80E77E17CF80D322A5F5621800019E57DF80C77E17CF80B77F8067EF80C77F8A7
:20FD1000077EF80D77F80A5D54F80C1A1396231A9E1A575ECB7B2807CB7A2008BF1805CB25
:20FD30007A280137380821B3DA3600C3787EF8082A5F56F8042A666F19E57DF80E77E17CCD
:20FD5000F80D77CB2E2BCB1E23CB2E2BCB1E23CB2E2BCB1E2A77FAB8C0F80C77F8092207F2
:20FD70009F77F8042A5F56F8092A666F19E57DF80D77E17CF80C77CB2E2BCB1E23CB2E2B5F
:20FD9000CB1E23CB2E2BCB1E2A322B3C77F80D7EF80A96CA787EF8027EF80C77F80C7EF8B8
:20FDB0000396285FF80D7E2178C596303FF80C7E2179C59630362175C55E2178C54E0600E5
:20FDD000F80C7EF80822AF32D55E1600CDF60DD1792176C586234F788E47F80D6E260009E8
:20FDF0004D547B59CDF815F80B711804F80B360FF80B7EE60F280721B3DA3600186AF80CBD
:20FE100034189921B4C02A4F46F80B792270CB2E2BCB1E23CB2E2BCB1E23CB2E2BCB1E23FB
:20FE3000CB2E2BCB1EFAB9C0F80622079F77F80B7EF80877F80C7EF809322A5F56F8062A41
:20FE5000666F19E57DF80D77E17CF80C77CB2E2BCB1E23CB2E2BCB1E23CB2E2BCB1E7EF80B
:20FE70000277F80D34C39D7D21B6DA3600FA9DDAEA1AC5FA9CDA219BDA86EAAEDAFA97DA59
:20FE9000D6023006AF21C5DA2277FA9BDAEAB1DA21B2DA360021D0DA360021CFDA36002153
:20FEB0009FDA360AE80EC9E8FCFA38C6F80377E608F80077FA79DA3D28442139C65E160085
:20FED0002138C64E06007EF80122AF327B2F5F7A2F577EE6086F260079A34F78A2477DA131
:20FEF0005F7CA057FA79DAD6022820F8037EE61077FA79DAFE03281ED604282D184FF800AB
:20FF10007EB728043E011846AF18437AB328043E01183BAF1838F8007EB7280AF8037EB750
:20FF300028043E011828AF18257AB32806F8037EB72013F8007EB72811237EE6101E00A1A0
:20FF50004F7BA0B128043E011804AF1801AFE804C9E8FAF80C2A4F46210800092A4F46210C
:20FF7000FAFF097D5CF800227321FCFF097D5CF802227321FEFF094D44F804792270D1D517
:20FF90001A4F131A47696029093E22854F3EDA8C47F8022A5F561A02D1D51A4F131A476979
:20FFB0006029091122DA19234D44F8042A5F3A571A22131A322A02037E02E806C9F8062A86
:20FFD0004F46210800092A4F4621FEFF094D442A666F5D5429191122DA19360069602A4F43
:0EFFF00046696029091122DA1923AF2277C968
:020000040003F7
:203C7D002118C536002119C53600211AC53618211BC5361821B6C0360121C1C0360021C496
:203C9D00C04604FAC3C0C533F53311B1C0D51E01216345CDFB3DE804C9E8F521FFC4360070
:203CBD002138C64E79E6044779E608CB49281821FFC43601040528040EE01842B728040E8C
:203CDD00A0183B0EC01837CB41281821FFC43601040528040E201826B728040E60181F0E19
:203CFD0040181B0405280921FFC436010E00180EB7280921FFC436010E8018020E00FAFFF9
:203D1D00C4B7CAAC7E11C0C01AF8082211B2C01A22131A7721201D06000946C5F80A5E7897
:203D3D00CDE50D5950C1CB2ACB1BCB2ACB1BCB2ACB1BCB2ACB1BCB2ACB1BCB2ACB1BCB2A26
:203D5D00CB1BF8092A462B835F788A73233211B2C02A12137E1221B4C02A666F79C640C6DD
:203D7D00204F3E00CE1D470A4FE5E5F80C5EE179CDE50DE1CB28CB19CB28CB19CB28CB1943
:203D9D00CB28CB19CB28CB19CB28CB19CB28CB197D914F7C984721B4C079227021B2C02A95
:203DBD004F46CB28CB19CB28CB19CB28CB19CB28CB19FAB7C0F80722079F22792278322A2C
:203DDD005F56F8072A666F7B955F7A9C4B47217AC52A917E983017F8072A4687CB1087CB61
:203DFD001087CB1087CB1021B2C02270182DFAB8C04F079F47F8092A666F095D54217AC5A0
:203E1D002A937E9A30152B2A914F7E98476960292929294D4421B2C079227021B4C02A4F2F
:203E3D0046CB28CB19CB28CB19CB28CB19CB28CB19FAB9C05F079F57F809792270D53A6E6B
:203E5D006719D14D44217CC52A917E9830146B6229292929AF954F9F944721B4C0712370D5
:203E7D00182DFABAC04F079F47F8092A666F095D54217CC52A937E9A30152B2A914F7E98AF
:203E9D00476960292929294D4421B4C071237011B2C0D511B7C0D51E0B216044CDFB3DE897
:203EBD0004F80077AFF5331E01215248CDFB3D33F8007E3C2815F8005EAF6B672929291137
:203EDD00A3C819232323237EB72003AF18023E01F8017721250009E57DF80477E17CF80369
:203EFD007778B128082B2A5F561AB72003AF18023E01F80477F8017EB72006F8047EB728AF
:203F1D002201B1C021C1C03601FAC6C03C21C5C06EF57D33F533C51E01216345CDFB3DE8E0
:203F3D0004182121C1C0360001C3C021C4C05E1C0A63E533F53311B1C0D51E01216345CDF3
:203F5D00FB3DE804FA39C6F80922AF327E2FF80522AF2F77FA38C6F80722AF323A2BA6F805
:203F7D000977AFF806A6F80A77E52BCB66E1286D21FFC43600F8047EB7284F2B2B2A5F562A
:203F9D006B6223E57DF80B77E17CF80A322A5F561AF80522131A327EF808322B7EF809775F
:203FBD00F8022A5F561AF80A322B110000D53E01F533110000D52A5F2A57D57EF5331E04B8
:203FDD0021FC4CCDFB3DE8081813F8017EB7280D2B7EF5331E0B21D643CDFB3D33E80BC9B0
:020000040000FA
:013E3F001F63
:2005840003D0400C7D7C11725803F7420CB67C118258C50E6A1803C50E68F8042A878787B1
:2005A400F680E20C2A878787472A666FF041E60220FA2AE20520F5C1C9C50E6A1803C50EC0
:1D05C40068F8042A8787472A8087F680E20C2A666FF041E60220FA7DE27CE2C1C929
:123B0A00C5F8042A575EF8083A473A666FCDC33CC1C923
:203B1C00FAD4DA6F5FFAD5DA57CB2517CB2517CB2517CB2517677B856F7C8A677DC693EAF4
:163B3C00D4DA577CCE5CEAD5DA5FC9F8022AEAD4DA7EEAD5DAC96B
:2005E100626B2AEAF1DA2A5F2A571AEAD6DA0E1211D7DA2A12130D20FA0E4721F3DAAF2224
:200601000D20FC3EF0EA01DBEA11DB3E64EAF2DA0E0021D7DA11E9DACD2B0621D9DACD2B10
:200621000621DBDACD2B0621DDDA2A81666F8C95672A12137E1213C9474B1EFE78B7280738
:20064100CB21CB033D20F9FAF3DAA3B1EAF3DAA1C2AE08C9FAF8DA67848426006F092A468C
:20066100234EC92A4F46CD5506210000FE48D01287C6EC6FCE0C95672A666F37C9C6C02FDD
:20068100FE07D867CB3FCB3F3D6F7CE603C604CB35B5C978CB3782C6FA6FCEDA9567C926EA
:2006A1000048FAF3DA0D28170D28250D2833CB47C07BEAFADAE0137AEAFBDAB4E014C9CBA9
:2006C1004FC07BEA0ADBE0187AEA0BDBB4E019C9CB57C07BEA1ADBE01D7AEA1BDBB4E01EC3
:2006E100C9CB5FC0547BCD7E062130DBB6E0227AE023C91806181718281849FAF3DACB4735
:20070100C021FADA2AE013FAFFDAB6E014C9FAF3DACB4FC0210ADB2AE018FA0FDBB6E01964
:20072100C9FAF3DACB57C0F025F5E6BBE025AFE01A2FE01A211ADB2AE01DFA1FDBB6E01EDF
:20074100F1E025C9FAF3DACB5FC0FA2ADBE022FA2FDBE023C97E34E5CD5806E1C55778E63A
:20076100F0CB7A2804CBBACBC7CB3728023D777AFE5A2821D624435F1604CD94067B8623C4
:20078100565F04CB504A2005CD7106545D61CBBC05CDA20658C116011802160078E60FB140
:2007A100C878E60F87C6BB6FCE0795672A666FCB4228012343FAF5DAB7E937096A09790982
:2007C10088090F09DB07E007300AFA07FF07F4098B08C10897089D088308C079E024C90037
:2007E10021E5DA3E0FA187865F233E008E676B2A666F5059FAF5DAB7E9C079E025C9C0FA2B
:20080100F3DA05280D05281C05280ECB47C079E011C9CB4FC079E016C9CB5FC0F022CB9FCF
:20082100B1E022C9CB57C07921F2DACD34080602C3340A77CB3721E7DA8623666F8C956780
:20084100F025F5E6BBE025AFE01A2AE0302AE0312AE0322AE0332AE0342AE0352AE0362A69
:20086100E0372AE0382AE0392AE03A2AE03B2AE03C2AE03D2AE03E2AE03F3E80E01AF1E0AB
:2008810025C9C079EAF1DAC94FAFC021F6DAB6200236012371C9C079EAF6DAC9B9C078C624
:2008A100FECE0387271F57FAF3DA2FA2C878878780C6126F26FFAF2278FE02C82C36FFC937
:2008C100C0CB31FAF3DA05281305281D052836CB47C0F012E60FB1E012C3FC06CB4FC0F0AC
:2008E10017E60FB1E017C30F07CB57C079FEA0300FFE503007B7280A3E6018063E40180270
:200901003E20E01CC9CB5FC079E021C34507C81604CD940679E6F0CB375FFAF4DAA37E2836
:2009210007CD7106545D180BCD710679E60F855F8C9357C3A006001604CD940656FAF4DA83
:200941003D1802D603FE0330FA87C6536FCE099567E9180918037A180879CB37FE79E60FB3
:2009610082CD7106545DC3A006C81600CD94062A815F8E9357C3A006C81600CD94062A9166
:200981005F9F8657C3A00628551600CD9406E52A5F2A572A666F7CBA381A20067DBB3814F8
:2009A100282A79835F8A93577CBA381E201E7DBB381818187B915F9F8257CB7A200C7ABC09
:2009C100380820087BBD38021802545DE17B22723E04856F8C95677ECBBE67C3A2061604D0
:2009E100CD94063A545DCD71067C121B7D12E1F1A7F5E9C078C6FECE0387271F57FAF3DA19
:200A01002FA2C879E60F5779E6F05FCB3378878780C6124FF2E6F0CB37923001AF83FE10D1
:200A210038023E0FCB37E20C0CF2F680E2180428BDB9C07887C6F46FCE069567E978E6F03F
:200A4100CB37C83D875F8783856F8C956717C9FAF5DAB7C2050C21E9DA11FEDACD6406F5F6
:200A6100303F78E60FFE0328087DEAFADA7CEAFBDA21DFDA2A666FCD3E0AFAFFDACBBF287F
:200A81001DFAF3DACB4720192AE0102AE0112AE0122AEA02DB2AEA03DBAFEA04DB7EEAFF13
:200AA100DA1E00CD9B07F1DCFC06FA02DB4FFA03DB47B12104DB1E00C4560721EBDA110EC5
:200AC100DBCD6406F5303D78E60FFE0328087DEA0ADB7CEA0BDB21DFDA2A666FCD3E0AFA83
:200AE1000FDBCBBF281BFAF3DACB4F2017232AE0162AE0172AEA12DB2AEA13DBAFEA14DB37
:200B01007EEA0FDB1E01CD9B07F1DC0F07FA12DB4FFA13DB47B12114DB1E01C4560721ED9D
:200B2100DA111EDBCD6406F5D2740B78E60FFE0328087DEA1ADB7CEA1BDB21E1DA2A666F22
:200B4100CD3E0AFA1FDBCBBF2826FAF3DACB5720222AE01B2AE01C2AE521F2DABE2803CD8B
:200B61003408E12AEA22DB2AEA23DBAFEA24DB7EEA1FDB1E02CD9B07F1DC2207FA22DB4F6F
:200B8100FA23DB47B12124DB1E02C4560721EFDA2A4F46CD5506FE48F5304CEA2EDBCD7E3D
:200BA10006EA2ADB21E3DA2A666FCD3E0AFA2FDBCBBF2830FAF3DACB5F202C2AE0212AEAEB
:200BC10033DB2AEA34DBAFEA35DB7EE63FE020FA2ADB577EE680CB37EA30DBB2EA2ADB7E47
:200BE100E640F680EA2FDB1E03CD9B07F1DC4507FA33DB4FFA34DB47B12135DB1E03C456F7
:200C010007C3AD0CFAF3DACB47201221E9DA2A4F46CD550679B728051E00CD9B07FA02DBB9
:200C21004FFA03DB47B12104DB1E00C45607FAF3DACB4F201221EBDA2A4F46CD550679B745
:200C410028051E01CD9B07FA12DB4FFA13DB47B12114DB1E01C45607FAF3DACB5720122136
:200C6100EDDA2A4F46CD550679B728051E02CD9B07FA22DB4FFA23DB47B12124DB1E02C49F
:200C81005607FAF3DACB5F201221EFDA2A4F46CD550679B728051E03CD9B07FA33DB4FFAC4
:200CA10034DB47B12135DB1E03C4560721F4DA342334FAF1DA96C022B6280D3D47AF22B60C
:200CC100281036003D871817FAF8DA3CFE4020170600FAD6DA4FFAF9DAC602B92001AFEA2E
:200CE100F9DA4FCD130678EAF8DAC92C009C0006016B01C90123027702C602120356039B7A
:200D010003DA0316044E048304B504E50411053B0563058905AC05CE05ED050A062706421C
:200D2100065B06720689069E06B206C406D606E706F7060607140721072D07390744074FFA
:200D410007590762076B0773077B0783078A07900797079D07A207A707AC07B107B607BA27
:1B0D610007BE07C107C407C807CB07CE07D107D407D607D907DB07DD07DF0786
:203B5200F040E610C29F3BC5F8073A473A4F3A5F6EE5AFB32005110010180926006B29292B
:203B72002929545DE17D079F6729292929C501009009C1CB5C2806CB642802CBA4F041E6CD
:203B92000220FA2A02031B7AB320E8C1C9C5F8053A5F6EE5AFB320051100101809AF676BF6
:203BB20029292929444DE1672929292911008019545DF8073A6E62577D6B5FCDDD0FC1C98D
:200D7C00F041E60220FA1AC9F040E6402808180AF040E608200416981802169CF8033A6E3A
:200D9C005ACB370767E60383573EE0A4856F62F041E60220FA5EC9FE28D05787874F7B9281
:200DBC00D8C82161DB6669110400CB3F30037219C8CB3F300572197219C8721972197219E8
:200DDC0072193D20F5C94F18024B5F7B179F57AF182A4F179F477B179F5778BA38067B59AD
:200DFC004F7A5047B7CA180E2E00061029CB11173001190520F64D44C94FAF576F06087966
:200E1C0029173001190520F84D44C92141FFCB4E20FC12C957F040E6402809180B57F040BC
:200E3C00E608200406981802069C2E1F7AA5577BA548CB37075FE60381473EE0A3824FF85C
:200E5C0002F041E60220FA7E02E133E94F0600C3D20E4F0600CDD20E4B42C916004F079F69
:200E7C0047C3D60E16004F079F47CDD60E4B42C94FCDCE0EC94FCDCE0E4B42C97B594F7A63
:200E9C005047C3D60E7B594F7A5047CDD60E4B42C94FCD0C0FC94FCD0C0F4B42C97B594F0D
:200EBC007A5047C30F0F7B594F7A5047CD0F0F4B42C979079F477B079F5778F5AAF5CB7A80
:200EDC00280697935F9F9257CB78280697914F9F9047CD0F0F3816F1E680280697914F9F85
:200EFC009047F1E680C897935F9F9257C9F1F1C90600507BB22007010000505937C969603E
:200F1C00010000B73E10F5CB15CB14CB11CB10C5799B4F789A473F3808C1F13DB720E7187F
:130F3C0008F1F13D3720DF18005059CB154DCB1444B7C9B4
:203BD2007A474B87D0AF914F3E009847C9C5F8042A575EF8093A473A4F3A666FCD9F3DC1D7
:203BF200C9F80656180A1690F040E61028021680C5F8042A5F2A4F2A666FCB337BE60F8236
:203C1200577BE6F05FCB5A2802CBA20610F041E60220FA2A12130520F40D20E9C1C9F80284
:203C32002A666FC5444D1100002AB728031318F9CB3ACB1B7BB228132B2B141C18077EF571
:203C52000A32F102031D20F61520F3C1F8025E2356C9F090F5217A3CE5213ADB2A666FFA0A
:163C72003CDBE090EA0020E9F1E090EA0020C9794B5F784257C991
:200F4F00C5E8F0F8000E10AFEFF8003E89223E0332CD9C0F0E003E30E2F2F21E04F2473E8A
:200F6F0020E2F2F23E10E2F2F23E30E2F2F2F2F2B820071D20E81E00180AF8013E0032CDD6
:200F8F009C0F1E01E810C1C9F8022A666FC57EE6072839F50E00E23E30E206101E082A577A
:200FAF00CB3A3E1038023E20E2F2F23E30E2F2F21D20ED0520E63E20E2F2F23E30E211D0B3
:0E0FCF0020F0001B7AB320F9F13D20C7C1C904
:03004800C3883C2E
:203C8800F5E5C5D5213EDBE52A666FB42815E72140DB2A666FB4280BE72142DB2A666FB4B8
:1B3CA800C42000E1D1C1E1F041E60220FAF1D9213EDBC3F001213EDBC3D00110
:203CC300E5F040E6402809180CE5F040E6082005210098180321009CC5CB33CB037BE603A3
:203CE30084473EE0A3824FE1D1D5C5F041E60220FA7C0279E6E05F793CE61FB34F1520EBED
:163D0300C1D11DC8D578E6FC5F3E20814F8891E603B347C518D5C9
:200FDD00C579CDEB0FC9F8033A6E60477D69CB381F4F3009F041E60220FA2A1213CB38CBFC
:200FFD0019040C30261812F041E60220FA2A1213F041E60220FA2A1213F041E60220FA2ACA
:14101D001213F041E60220FA2A12130D20D90520D6E1F1E95C
:203D1900C5F8042A575EF8083A473A666FCDCC3CC1C9F5D5167FCD3B3DB720F81520F7D18B
:203D3900F1C93E20E000F000F000E60F5F3E10E000F000F000F000F000F000F000E60FCBB0
:123D590037B32F5F3E30E0007BC957CD3B3DA228FAC925
:013E4000C0C1
:20103100FE283802AFC9F587874F2146DB2A666FFA61DB472AFE80281C8257020C2A835FD8
:1D105100020CFA48DB8623020CFA49DB8623020C79FEA038DF79CB3FCB3FD192C9E4
:013D6B00E96E
:20106E00D5F8053A6E60477D69CB381F4F30032A1213CB38CB19040C300E18062A12132A9C
:12108E0012132A12132A12130D20F10520EEC1E1F1E9E0
:203D6C00F8073A573A5FB228242B3AF53A6E67F1CB3ACB1B300122CB3ACB1B300222221403
:133D8C001C1804222222221D20F91520F6F8022A5F56C961
:013E41000080
:203D9F00E5F040E6402809180CE5F040E6082005210098180321009CC5CB33CB037BE603C6
:203DBF0084473EE0A3824FE1D1D5C5FA62DB865FF041E60220FA7B022379E6E05F793CE613
:203DDF001FB34F1520E5C1D11DC8D578E6FC5F3E20814F8891E603B347C518CFF090F57BBE
:163DFF00E090EA0020E7E5F803666F7CE090EA00207DE1E802C991
:2010A000F04DE680C8F0FFF5AFE0FFE00F3E30E0003E01E04D1000F1E0FFC9F04DE680C09E
:0210C00018E333
:143E1500C5F8042A575EF8093A473A4F3A666FCDA83DC1C9A3
:00000001FF
